# built 2026-10-07 from gnomad_v4.1_joint.duckdb, mane_phase16_rs.ucsc_seqids.gff, disease_prevalence.tsv
gene	common_missense	bs1_threshold
A1BG	5	0.005
A1CF	3	0.005
A2M	11	0.005
A2ML1	25	0.005
A3GALT2	5	0.005
A4GALT	4	0.005
A4GNT	5	0.005
AAAS	1	0.005
AACS	4	0.005
AADAC	4	0.005
AADACL2	2	0.005
AADACL3	10	0.005
AADACL4	2	0.005
AADAT	1	0.005
AAGAB	3	0.005
AAK1	5	0.005
AAMDC	1	0.005
AAMP	4	0.005
AANAT	3	0.005
AAR2	2	0.005
AARD	5	0.005
AARS1	6	0.005
AARS2	13	0.005
AARSD1	2	0.005
AASDH	11	0.005
AASDHPPT	0	0.005
AASS	3	0.005
AATF	6	0.005
AATK	17	0.005
ABAT	1	0.005
ABCA1	19	0.005
ABCA10	15	0.005
ABCA12	16	0.005
ABCA13	70	0.005
ABCA2	11	0.005
ABCA3	8	0.005
ABCA4	12	0.0163
ABCA5	11	0.005
ABCA6	16	0.005
ABCA7	27	0.005
ABCA8	21	0.005
ABCA9	10	0.005
ABCB1	11	0.005
ABCB10	7	0.005
ABCB11	8	0.005
ABCB4	7	0.005
ABCB5	26	0.005
ABCB6	11	0.005
ABCB7	4	0.005
ABCB8	9	0.005
ABCB9	3	0.005
ABCC1	8	0.005
ABCC10	9	0.005
ABCC11	21	0.005
ABCC12	16	0.005
ABCC2	17	0.005
ABCC3	15	0.005
ABCC4	12	0.005
ABCC5	2	0.005
ABCC6	19	0.005
ABCC8	5	0.005
ABCC9	1	0.005
ABCD1	7	1.7e-05
ABCD2	2	0.005
ABCD3	0	0.005
ABCD4	12	0.005
ABCE1	0	0.005
ABCF1	5	0.005
ABCF2	2	0.005
ABCF3	6	0.005
ABCG1	0	0.005
ABCG2	4	0.005
ABCG4	3	0.005
ABCG5	8	0.005
ABCG8	14	0.005
ABHD1	4	0.005
ABHD10	3	0.005
ABHD11	1	0.005
ABHD12	3	0.005
ABHD12B	4	0.005
ABHD13	0	0.005
ABHD14A	7	0.005
ABHD14B	1	0.005
ABHD15	4	0.005
ABHD16A	3	0.005
ABHD16B	6	0.005
ABHD17A	2	0.005
ABHD17B	1	0.005
ABHD17C	0	0.005
ABHD18	3	0.005
ABHD2	1	0.005
ABHD3	2	0.005
ABHD4	0	0.005
ABHD5	3	0.005
ABHD6	0	0.005
ABHD8	1	0.005
ABI1	1	0.005
ABI2	0	0.005
ABI3	3	0.005
ABI3BP	19	0.005
ABITRAM	1	0.005
ABL1	5	0.005
ABL2	7	0.005
ABLIM1	5	0.005
ABLIM2	1	0.005
ABLIM3	2	0.005
ABO	0	0.005
ABR	2	0.005
ABRA	4	0.005
ABRACL	0	0.005
ABRAXAS1	4	0.005
ABRAXAS2	1	0.005
ABT1	1	0.005
ABTB1	3	0.005
ABTB2	5	0.005
ABTB3	7	0.005
ACAA1	5	0.005
ACAA2	2	0.005
ACACA	4	0.005
ACACB	17	0.005
ACAD10	11	0.005
ACAD11	5	0.005
ACAD8	2	0.005
ACAD9	4	0.005
ACADL	5	0.005
ACADM	1	0.005
ACADS	3	0.005
ACADSB	3	0.005
ACADVL	9	0.0035
ACAN	40	0.005
ACAP1	5	0.005
ACAP2	1	0.005
ACAP3	3	0.005
ACAT1	1	0.005
ACAT2	1	0.005
ACBD3	3	0.005
ACBD4	3	0.005
ACBD5	6	0.005
ACBD6	1	0.005
ACBD7	0	0.005
ACCS	7	0.005
ACCSL	5	0.005
ACD	4	0.005
ACE	21	0.005
ACE2	4	0.005
ACER1	3	0.005
ACER2	3	0.005
ACER3	1	0.005
ACHE	5	0.005
ACIN1	6	0.005
ACKR1	5	0.005
ACKR2	5	0.005
ACKR3	3	0.005
ACKR4	3	0.005
ACKR5	0	0.005
ACLY	2	0.005
ACMSD	2	0.005
ACO1	5	0.005
ACO2	3	0.005
ACOD1	4	0.005
ACOT1	7	0.005
ACOT11	8	0.005
ACOT12	4	0.005
ACOT13	3	0.005
ACOT2	8	0.005
ACOT4	9	0.005
ACOT6	13	0.005
ACOT7	0	0.005
ACOT8	4	0.005
ACOT9	4	0.005
ACOX1	5	0.005
ACOX2	2	0.005
ACOX3	5	0.005
ACOXL	10	0.005
ACP1	2	0.005
ACP2	2	0.005
ACP3	1	0.005
ACP4	4	0.005
ACP5	6	0.005
ACP6	6	0.005
ACP7	2	0.005
ACR	3	0.005
ACRBP	4	0.005
ACRV1	2	0.005
ACSBG1	6	0.005
ACSBG2	12	0.005
ACSF2	5	0.005
ACSF3	7	0.005
ACSL1	0	0.005
ACSL3	1	0.005
ACSL4	0	0.005
ACSL5	6	0.005
ACSL6	1	0.005
ACSM1	7	0.005
ACSM2A	9	0.005
ACSM2B	9	0.005
ACSM3	7	0.005
ACSM4	5	0.005
ACSM5	19	0.005
ACSM6	6	0.005
ACSS1	6	0.005
ACSS2	5	0.005
ACSS3	2	0.005
ACTA1	0	0.00025
ACTA2	0	0.005
ACTB	0	0.005
ACTBL2	6	0.005
ACTC1	0	0.0001
ACTG1	0	0.005
ACTG2	0	0.005
ACTL10	2	0.005
ACTL6A	2	0.005
ACTL6B	0	0.005
ACTL7A	5	0.005
ACTL7B	2	0.005
ACTL8	5	0.005
ACTL9	6	0.005
ACTMAP	2	0.005
ACTN1	3	0.005
ACTN2	3	0.005
ACTN3	16	0.005
ACTN4	4	0.005
ACTR10	0	0.005
ACTR1A	0	0.005
ACTR1B	2	0.005
ACTR2	0	0.005
ACTR3	1	0.005
ACTR3B	0	0.005
ACTR3C	4	0.005
ACTR5	6	0.005
ACTR6	0	0.005
ACTR8	2	0.005
ACTRT1	5	0.005
ACTRT2	5	0.005
ACTRT3	4	0.005
ACVR1	1	0.005
ACVR1B	0	0.005
ACVR1C	3	0.005
ACVR2A	0	0.005
ACVR2B	1	0.005
ACVRL1	2	0.002
ACY1	4	0.005
ACY3	5	0.005
ACYP1	0	0.005
ACYP2	0	0.005
ADA	5	0.00161
ADA2	3	0.005
ADAD1	1	0.005
ADAD2	13	0.005
ADAM10	2	0.005
ADAM11	2	0.005
ADAM12	8	0.005
ADAM15	7	0.005
ADAM17	6	0.005
ADAM18	10	0.005
ADAM19	12	0.005
ADAM2	8	0.005
ADAM20	5	0.005
ADAM21	12	0.005
ADAM22	10	0.005
ADAM23	2	0.005
ADAM28	10	0.005
ADAM29	3	0.005
ADAM30	5	0.005
ADAM32	6	0.005
ADAM33	13	0.005
ADAM7	7	0.005
ADAM8	17	0.005
ADAM9	4	0.005
ADAMDEC1	10	0.005
ADAMTS1	10	0.005
ADAMTS10	9	0.005
ADAMTS12	19	0.005
ADAMTS13	18	0.005
ADAMTS14	17	0.005
ADAMTS15	9	0.005
ADAMTS16	18	0.005
ADAMTS17	8	0.005
ADAMTS18	17	0.005
ADAMTS19	8	0.005
ADAMTS2	12	0.005
ADAMTS20	16	0.005
ADAMTS3	10	0.005
ADAMTS4	6	0.005
ADAMTS5	9	0.005
ADAMTS6	3	0.005
ADAMTS7	39	0.005
ADAMTS8	12	0.005
ADAMTS9	14	0.005
ADAMTSL1	18	0.005
ADAMTSL2	3	0.005
ADAMTSL3	22	0.005
ADAMTSL4	16	0.005
ADAMTSL5	7	0.005
ADAP1	1	0.005
ADAP2	0	0.005
ADAR	4	0.005
ADARB1	1	0.005
ADARB2	11	0.005
ADAT1	12	0.005
ADAT2	1	0.005
ADAT3	5	0.005
ADCK1	2	0.005
ADCK2	7	0.005
ADCK5	4	0.005
ADCY1	3	0.005
ADCY10	14	0.005
ADCY2	6	0.005
ADCY3	3	0.005
ADCY4	5	0.005
ADCY5	4	0.005
ADCY6	6	0.005
ADCY7	6	0.005
ADCY8	4	0.005
ADCY9	6	0.005
ADCYAP1	2	0.005
ADCYAP1R1	2	0.005
ADD1	5	0.005
ADD2	5	0.005
ADD3	4	0.005
ADGB	20	0.005
ADGRA1	4	0.005
ADGRA2	13	0.005
ADGRA3	16	0.005
ADGRB1	2	0.005
ADGRB2	6	0.005
ADGRB3	4	0.005
ADGRD1	10	0.005
ADGRD2	30	0.005
ADGRE1	19	0.005
ADGRE2	15	0.005
ADGRE3	11	0.005
ADGRE5	7	0.005
ADGRF1	16	0.005
ADGRF3	20	0.005
ADGRF4	18	0.005
ADGRF5	8	0.005
ADGRG1	5	0.005
ADGRG2	5	0.005
ADGRG3	6	0.005
ADGRG4	21	0.005
ADGRG5	7	0.005
ADGRG6	9	0.005
ADGRG7	10	0.005
ADGRL1	2	0.005
ADGRL2	12	0.005
ADGRL3	8	0.005
ADGRL4	6	0.005
ADGRV1	76	0.005
ADH1A	0	0.005
ADH1B	5	0.005
ADH1C	6	0.005
ADH4	3	0.005
ADH5	1	0.005
ADH6	2	0.005
ADH7	3	0.005
ADHFE1	3	0.005
ADI1	3	0.005
ADIG	1	0.005
ADIPOQ	4	0.005
ADIPOR1	0	0.005
ADIPOR2	2	0.005
ADIRF	0	0.005
ADISSP	0	0.005
ADK	0	0.005
ADM	2	0.005
ADM2	2	0.005
ADM5	3	0.005
ADNP	2	0.005
ADNP2	8	0.005
ADO	3	0.005
ADORA1	1	0.005
ADORA2A	3	0.005
ADORA2B	1	0.005
ADORA3	3	0.005
ADPGK	4	0.005
ADPRH	1	0.005
ADPRHL1	30	0.005
ADPRM	3	0.005
ADPRS	1	0.005
ADRA1A	5	0.005
ADRA1B	0	0.005
ADRA1D	2	0.005
ADRA2A	3	0.005
ADRA2B	1	0.005
ADRA2C	1	0.005
ADRB1	6	0.005
ADRB2	4	0.005
ADRB3	5	0.005
ADRM1	4	0.005
ADSL	1	0.005
ADSS1	2	0.005
ADSS2	1	0.005
ADTRP	2	0.005
AEBP1	8	0.005
AEBP2	0	0.005
AEN	8	0.005
AFAP1	3	0.005
AFAP1L1	6	0.005
AFAP1L2	11	0.005
AFDN	7	0.005
AFF1	7	0.005
AFF2	1	0.005
AFF3	5	0.005
AFF4	2	0.005
AFG1L	4	0.005
AFG2A	6	0.005
AFG2B	10	0.005
AFG3L2	1	0.005
AFM	8	0.005
AFMID	5	0.005
AFP	6	0.005
AFTPH	7	0.005
AGA	5	0.005
AGAP1	2	0.005
AGAP2	7	0.005
AGAP3	1	0.005
AGAP4	5	0.005
AGAP5	7	0.005
AGAP6	12	0.005
AGAP9	10	0.005
AGBL1	18	0.005
AGBL2	9	0.005
AGBL3	9	0.005
AGBL4	4	0.005
AGBL5	5	0.005
AGER	4	0.005
AGFG1	1	0.005
AGFG2	5	0.005
AGGF1	4	0.005
AGK	1	0.005
AGL	15	0.005
AGMAT	4	0.005
AGMO	9	0.005
AGO1	0	0.005
AGO2	0	0.005
AGO3	0	0.005
AGO4	0	0.005
AGPAT1	1	0.005
AGPAT2	6	0.005
AGPAT3	1	0.005
AGPAT4	1	0.005
AGPAT5	2	0.005
AGPS	1	0.005
AGR2	0	0.005
AGR3	0	0.005
AGRN	32	0.005
AGRP	1	0.005
AGT	5	0.005
AGTPBP1	3	0.005
AGTR1	1	0.005
AGTR2	4	0.005
AGTRAP	0	0.005
AGXT	9	0.005
AGXT2	11	0.005
AHCTF1	17	0.005
AHCY	3	0.005
AHCYL1	1	0.005
AHCYL2	1	0.005
AHDC1	11	0.005
AHI1	14	0.005
AHNAK	62	0.005
AHNAK2	263	0.005
AHR	5	0.005
AHRR	9	0.005
AHSA1	2	0.005
AHSG	7	0.005
AHSP	2	0.005
AICDA	1	0.005
AIDA	0	0.005
AIF1	1	0.005
AIF1L	1	0.005
AIFM1	1	0.005
AIFM2	4	0.005
AIFM3	5	0.005
AIG1	0	0.005
AIM2	1	0.005
AIMP1	3	0.005
AIMP2	4	0.005
AIP	1	0.005
AIPL1	18	0.00057
AIRE	7	0.005
AIRIM	2	0.005
AJAP1	5	0.005
AJM1	5	0.005
AJUBA	2	0.005
AK1	3	0.005
AK2	4	0.005
AK3	2	0.005
AK4	1	0.005
AK5	1	0.005
AK6	0	0.005
AK7	5	0.005
AK8	5	0.005
AK9	17	0.005
AKAIN1	1	0.005
AKAP1	8	0.005
AKAP10	6	0.005
AKAP11	24	0.005
AKAP12	23	0.005
AKAP13	45	0.005
AKAP14	1	0.005
AKAP17A	13	0.005
AKAP19	0	0.005
AKAP3	11	0.005
AKAP4	7	0.005
AKAP5	6	0.005
AKAP6	25	0.005
AKAP7	9	0.005
AKAP8	11	0.005
AKAP8L	0	0.005
AKAP9	29	0.005
AKIP1	7	0.005
AKIRIN1	1	0.005
AKIRIN2	0	0.005
AKNA	19	0.005
AKNAD1	12	0.005
AKR1A1	4	0.005
AKR1B1	2	0.005
AKR1B10	6	0.005
AKR1B15	5	0.005
AKR1C1	4	0.005
AKR1C2	3	0.005
AKR1C3	9	0.005
AKR1C4	4	0.005
AKR1C8	7	0.005
AKR1D1	0	0.005
AKR1E2	6	0.005
AKR7A2	8	0.005
AKR7A3	10	0.005
AKT1	0	0.005
AKT1S1	1	0.005
AKT2	0	0.005
AKT3	0	0.000185
AKTIP	0	0.005
ALAD	1	0.005
ALAS1	3	0.005
ALAS2	1	0.005
ALB	0	0.005
ALCAM	6	0.005
ALDH16A1	9	0.005
ALDH18A1	2	0.005
ALDH1A1	2	0.005
ALDH1A2	3	0.005
ALDH1A3	2	0.005
ALDH1B1	7	0.005
ALDH1L1	10	0.005
ALDH1L2	4	0.005
ALDH2	4	0.005
ALDH3A1	9	0.005
ALDH3A2	3	0.005
ALDH3B1	4	0.005
ALDH3B2	17	0.005
ALDH4A1	11	0.005
ALDH5A1	9	0.005
ALDH6A1	2	0.005
ALDH7A1	2	0.005
ALDH8A1	3	0.005
ALDH9A1	8	0.005
ALDOA	0	0.005
ALDOB	3	0.005
ALDOC	1	0.005
ALG1	5	0.005
ALG10	2	0.005
ALG10B	9	0.005
ALG11	2	0.005
ALG12	5	0.005
ALG13	1	0.005
ALG14	1	0.005
ALG1L2	7	0.005
ALG2	4	0.005
ALG3	2	0.005
ALG5	1	0.005
ALG6	4	0.005
ALG8	4	0.005
ALG9	4	0.005
ALK	12	0.005
ALKAL1	1	0.005
ALKAL2	0	0.005
ALKBH1	3	0.005
ALKBH2	2	0.005
ALKBH3	4	0.005
ALKBH4	2	0.005
ALKBH5	0	0.005
ALKBH6	2	0.005
ALKBH7	1	0.005
ALKBH8	9	0.005
ALLC	6	0.005
ALMS1	44	0.005
ALOX12	6	0.005
ALOX12B	4	0.005
ALOX15	8	0.005
ALOX15B	12	0.005
ALOX5	1	0.005
ALOX5AP	0	0.005
ALOXE3	4	0.005
ALPG	8	0.005
ALPI	8	0.005
ALPK1	23	0.005
ALPK2	39	0.005
ALPK3	22	0.005
ALPL	5	0.005
ALPP	9	0.005
ALS2	4	0.005
ALS2CL	5	0.005
ALX1	3	0.005
ALX3	1	0.005
ALX4	5	0.005
ALYREF	1	0.005
AMACR	8	0.005
AMBN	10	0.005
AMBP	2	0.005
AMBRA1	2	0.005
AMD1	0	0.005
AMDHD1	5	0.005
AMDHD2	0	0.005
AMELX	1	0.005
AMELY	1	0.005
AMER1	4	0.005
AMER2	7	0.005
AMER3	7	0.005
AMFR	0	0.005
AMH	6	0.005
AMHR2	0	0.005
AMIGO1	2	0.005
AMIGO2	1	0.005
AMIGO3	3	0.005
AMMECR1	0	0.005
AMMECR1L	1	0.005
AMN	2	0.005
AMN1	0	0.005
AMOT	2	0.005
AMOTL1	7	0.005
AMOTL2	11	0.005
AMPD1	6	0.005
AMPD2	1	0.005
AMPD3	7	0.005
AMPH	5	0.005
AMT	3	0.005
AMTN	7	0.005
AMY1A	0	0.005
AMY1B	0	0.005
AMY1C	1	0.005
AMY2A	5	0.005
AMY2B	2	0.005
AMZ1	11	0.005
AMZ2	2	0.005
ANAPC1	4	0.005
ANAPC10	0	0.005
ANAPC11	0	0.005
ANAPC13	0	0.005
ANAPC15	0	0.005
ANAPC16	0	0.005
ANAPC2	3	0.005
ANAPC4	1	0.005
ANAPC5	2	0.005
ANAPC7	0	0.005
ANG	1	0.005
ANGEL1	7	0.005
ANGEL2	4	0.005
ANGPT1	2	0.005
ANGPT2	4	0.005
ANGPT4	5	0.005
ANGPTL1	1	0.005
ANGPTL2	1	0.005
ANGPTL3	2	0.005
ANGPTL4	7	0.005
ANGPTL5	5	0.005
ANGPTL6	5	0.005
ANGPTL7	2	0.005
ANGPTL8	4	0.005
ANHX	6	0.005
ANK1	8	0.005
ANK2	22	0.005
ANK3	21	0.005
ANKAR	16	0.005
ANKDD1A	6	0.005
ANKDD1B	13	0.005
ANKEF1	7	0.005
ANKFN1	12	0.005
ANKFY1	2	0.005
ANKH	2	0.005
ANKHD1	8	0.005
ANKIB1	3	0.005
ANKK1	25	0.005
ANKLE1	19	0.005
ANKLE2	9	0.005
ANKMY1	17	0.005
ANKMY2	4	0.005
ANKRA2	0	0.005
ANKRD1	3	0.005
ANKRD10	2	0.005
ANKRD11	17	0.005
ANKRD12	16	0.005
ANKRD13A	1	0.005
ANKRD13B	0	0.005
ANKRD13C	0	0.005
ANKRD13D	1	0.005
ANKRD16	7	0.005
ANKRD17	2	0.005
ANKRD18A	20	0.005
ANKRD18B	12	0.005
ANKRD2	3	0.005
ANKRD20A1	0	0.005
ANKRD22	4	0.005
ANKRD23	4	0.005
ANKRD24	23	0.005
ANKRD26	21	0.005
ANKRD27	10	0.005
ANKRD28	2	0.005
ANKRD29	1	0.005
ANKRD30A	17	0.005
ANKRD30B	11	0.005
ANKRD30BL	2	0.005
ANKRD31	20	0.005
ANKRD33	7	0.005
ANKRD33B	6	0.005
ANKRD34A	0	0.005
ANKRD34B	6	0.005
ANKRD34C	3	0.005
ANKRD35	17	0.005
ANKRD36	24	0.005
ANKRD36B	18	0.005
ANKRD36C	13	0.005
ANKRD37	4	0.005
ANKRD39	1	0.005
ANKRD40	2	0.005
ANKRD40CL	0	0.005
ANKRD42	5	0.005
ANKRD44	4	0.005
ANKRD45	5	0.005
ANKRD46	1	0.005
ANKRD49	0	0.005
ANKRD50	4	0.005
ANKRD52	1	0.005
ANKRD53	13	0.005
ANKRD54	1	0.005
ANKRD55	9	0.005
ANKRD6	6	0.005
ANKRD60	9	0.005
ANKRD61	9	0.005
ANKRD62	11	0.005
ANKRD63	1	0.005
ANKRD65	13	0.005
ANKRD66	5	0.005
ANKRD7	2	0.005
ANKRD9	0	0.005
ANKS1A	6	0.005
ANKS1B	6	0.005
ANKS3	6	0.005
ANKS4B	3	0.005
ANKS6	8	0.005
ANKUB1	10	0.005
ANKZF1	14	0.005
ANLN	8	0.005
ANO1	5	0.005
ANO10	11	0.005
ANO2	11	0.005
ANO3	1	0.005
ANO4	2	0.005
ANO5	17	0.001
ANO6	5	0.005
ANO7	16	0.005
ANO8	3	0.005
ANO9	9	0.005
ANOS1	4	0.005
ANP32A	0	0.005
ANP32B	1	0.005
ANP32D	1	0.005
ANP32E	0	0.005
ANPEP	11	0.005
ANTKMT	1	0.005
ANTXR1	2	0.005
ANTXR2	4	0.005
ANTXRL	16	0.005
ANXA1	0	0.005
ANXA10	5	0.005
ANXA11	10	0.005
ANXA13	6	0.005
ANXA2	4	0.005
ANXA2R	2	0.005
ANXA3	5	0.005
ANXA4	3	0.005
ANXA5	1	0.005
ANXA6	3	0.005
ANXA7	4	0.005
ANXA8	2	0.005
ANXA8L1	7	0.005
ANXA9	7	0.005
AOAH	11	0.005
AOC1	11	0.005
AOC2	7	0.005
AOC3	8	0.005
AOPEP	8	0.005
AOX1	8	0.005
AP1AR	3	0.005
AP1B1	2	0.005
AP1G1	1	0.005
AP1G2	6	0.005
AP1M1	0	0.005
AP1M2	0	0.005
AP1S1	0	0.005
AP1S2	0	0.005
AP1S3	6	0.005
AP2A1	0	0.005
AP2A2	0	0.005
AP2B1	0	0.005
AP2M1	0	0.005
AP2S1	0	0.005
AP3B1	7	0.005
AP3B2	1	0.005
AP3D1	3	0.005
AP3M1	0	0.005
AP3M2	0	0.005
AP3S1	0	0.005
AP3S2	1	0.005
AP4B1	6	0.005
AP4E1	7	0.005
AP4M1	2	0.005
AP4S1	0	0.005
AP5B1	7	0.005
AP5M1	5	0.005
AP5S1	3	0.005
AP5Z1	13	0.005
APAF1	7	0.005
APBA1	1	0.005
APBA2	5	0.005
APBA3	13	0.005
APBB1	3	0.005
APBB1IP	7	0.005
APBB2	3	0.005
APBB3	7	0.005
APC	52	1e-05
APC2	17	0.005
APCDD1	2	0.005
APCDD1L	7	0.005
APCS	1	0.005
APEH	4	0.005
APELA	0	0.005
APEX1	4	0.005
APEX2	3	0.005
APH1A	0	0.005
APH1B	4	0.005
API5	1	0.005
APIP	3	0.005
APLF	9	0.005
APLN	0	0.005
APLNR	1	0.005
APLP1	4	0.005
APLP2	4	0.005
APMAP	8	0.005
APOA1	1	0.005
APOA2	0	0.005
APOA4	7	0.005
APOA5	5	0.005
APOB	53	0.005
APOBEC1	2	0.005
APOBEC2	4	0.005
APOBEC3A	2	0.005
APOBEC3A_B	0	0.005
APOBEC3B	11	0.005
APOBEC3C	1	0.005
APOBEC3D	4	0.005
APOBEC3F	8	0.005
APOBEC3G	5	0.005
APOBEC3H	5	0.005
APOBEC4	8	0.005
APOBR	19	0.005
APOC1	2	0.005
APOC2	2	0.005
APOC3	0	0.005
APOC4	4	0.005
APOD	5	0.005
APOE	5	0.005
APOF	8	0.005
APOH	10	0.005
APOL1	12	0.005
APOL2	6	0.005
APOL3	6	0.005
APOL4	15	0.005
APOL5	7	0.005
APOL6	2	0.005
APOLD1	1	0.005
APOM	1	0.005
APOO	2	0.005
APOOL	0	0.005
APP	1	0.005
APPBP2	2	0.005
APPL1	5	0.005
APPL2	3	0.005
APRT	0	0.005
APTX	3	0.005
AQP1	3	0.005
AQP10	3	0.005
AQP11	5	0.005
AQP12A	4	0.005
AQP12B	10	0.005
AQP2	0	0.005
AQP3	0	0.005
AQP4	3	0.005
AQP5	2	0.005
AQP6	5	0.005
AQP7	5	0.005
AQP7B	5	0.005
AQP8	4	0.005
AQP9	2	0.005
AQR	3	0.005
AR	4	0.005
ARAF	2	0.005
ARAP1	7	0.005
ARAP2	15	0.005
ARAP3	10	0.005
ARB2A	0	0.005
ARC	0	0.005
ARCN1	2	0.005
AREG	5	0.005
AREL1	5	0.005
ARF1	0	0.005
ARF3	0	0.005
ARF4	0	0.005
ARF5	0	0.005
ARF6	0	0.005
ARFGAP1	5	0.005
ARFGAP2	5	0.005
ARFGAP3	9	0.005
ARFGEF1	3	0.005
ARFGEF2	2	0.005
ARFGEF3	10	0.005
ARFIP1	1	0.005
ARFIP2	0	0.005
ARFRP1	0	0.005
ARG1	0	0.005
ARG2	2	0.005
ARGFX	4	0.005
ARGLU1	0	0.005
ARHGAP1	1	0.005
ARHGAP10	6	0.005
ARHGAP11A	9	0.005
ARHGAP11B	0	0.005
ARHGAP12	4	0.005
ARHGAP15	2	0.005
ARHGAP17	4	0.005
ARHGAP18	6	0.005
ARHGAP19	4	0.005
ARHGAP20	10	0.005
ARHGAP21	14	0.005
ARHGAP22	9	0.005
ARHGAP23	14	0.005
ARHGAP24	4	0.005
ARHGAP25	10	0.005
ARHGAP26	0	0.005
ARHGAP27	7	0.005
ARHGAP28	9	0.005
ARHGAP29	3	0.005
ARHGAP30	9	0.005
ARHGAP31	11	0.005
ARHGAP32	6	0.005
ARHGAP33	5	0.005
ARHGAP35	1	0.005
ARHGAP36	0	0.005
ARHGAP39	3	0.005
ARHGAP4	6	0.005
ARHGAP40	15	0.005
ARHGAP42	5	0.005
ARHGAP44	3	0.005
ARHGAP45	10	0.005
ARHGAP5	8	0.005
ARHGAP6	3	0.005
ARHGAP8	18	0.005
ARHGAP9	7	0.005
ARHGDIA	0	0.005
ARHGDIB	1	0.005
ARHGDIG	3	0.005
ARHGEF1	0	0.005
ARHGEF10	14	0.005
ARHGEF10L	11	0.005
ARHGEF11	4	0.005
ARHGEF12	7	0.005
ARHGEF15	8	0.005
ARHGEF16	10	0.005
ARHGEF17	15	0.005
ARHGEF18	22	0.005
ARHGEF19	10	0.005
ARHGEF2	2	0.005
ARHGEF25	5	0.005
ARHGEF26	10	0.005
ARHGEF28	16	0.005
ARHGEF3	3	0.005
ARHGEF33	4	0.005
ARHGEF35	1	0.005
ARHGEF37	13	0.005
ARHGEF38	9	0.005
ARHGEF39	5	0.005
ARHGEF4	29	0.005
ARHGEF40	13	0.005
ARHGEF5	2	0.005
ARHGEF6	4	0.005
ARHGEF7	3	0.005
ARHGEF9	0	0.005
ARID1A	3	0.005
ARID1B	9	0.005
ARID2	7	0.005
ARID3A	5	0.005
ARID3B	4	0.005
ARID3C	8	0.005
ARID4A	4	0.005
ARID4B	4	0.005
ARID5A	3	0.005
ARID5B	4	0.005
ARIH1	0	0.005
ARIH2	1	0.005
ARK2C	2	0.005
ARK2N	2	0.005
ARL1	0	0.005
ARL10	2	0.005
ARL11	6	0.005
ARL13A	1	0.005
ARL13B	3	0.005
ARL14	5	0.005
ARL14EP	1	0.005
ARL14EPL	3	0.005
ARL15	0	0.005
ARL16	1	0.005
ARL17A	0	0.005
ARL17B	0	0.005
ARL2	0	0.005
ARL2BP	2	0.005
ARL3	0	0.005
ARL4A	0	0.005
ARL4C	0	0.005
ARL4D	0	0.005
ARL5A	0	0.005
ARL5B	0	0.005
ARL5C	8	0.005
ARL6	0	0.005
ARL6IP1	1	0.005
ARL6IP4	2	0.005
ARL6IP5	0	0.005
ARL6IP6	2	0.005
ARL8A	0	0.005
ARL8B	0	0.005
ARL9	9	0.005
ARLN	0	0.005
ARMC1	1	0.005
ARMC10	4	0.005
ARMC12	5	0.005
ARMC2	5	0.005
ARMC3	8	0.005
ARMC5	9	0.005
ARMC6	1	0.005
ARMC7	4	0.005
ARMC8	1	0.005
ARMC9	13	0.005
ARMCX1	0	0.005
ARMCX2	1	0.005
ARMCX3	3	0.005
ARMCX4	13	0.005
ARMCX5	1	0.005
ARMCX6	4	0.005
ARMH1	2	0.005
ARMH2	1	0.005
ARMH3	1	0.005
ARMH4	8	0.005
ARMS2	2	0.005
ARNT	3	0.005
ARNT2	3	0.005
ARPC1A	0	0.005
ARPC1B	2	0.005
ARPC2	0	0.005
ARPC3	0	0.005
ARPC4	0	0.005
ARPC5	0	0.005
ARPC5L	0	0.005
ARPIN	2	0.005
ARPP19	0	0.005
ARPP21	5	0.005
ARR3	1	0.005
ARRB1	2	0.005
ARRB2	0	0.005
ARRDC1	3	0.005
ARRDC2	5	0.005
ARRDC3	1	0.005
ARRDC4	7	0.005
ARRDC5	4	0.005
ARSA	5	0.005
ARSB	5	0.005
ARSD	5	0.005
ARSF	5	0.005
ARSG	7	0.005
ARSH	11	0.005
ARSI	3	0.005
ARSJ	1	0.005
ARSK	3	0.005
ARSL	4	0.005
ART1	7	0.005
ART3	5	0.005
ART4	5	0.005
ART5	9	0.005
ARTN	2	0.005
ARV1	2	0.005
ARVCF	16	0.005
ARX	0	0.005
AS3MT	3	0.005
ASAH1	5	0.005
ASAH2	4	0.005
ASAH2B	0	0.005
ASAP1	1	0.005
ASAP2	4	0.005
ASAP3	8	0.005
ASB1	1	0.005
ASB10	10	0.005
ASB11	4	0.005
ASB12	3	0.005
ASB13	4	0.005
ASB14	2	0.005
ASB15	10	0.005
ASB16	13	0.005
ASB17	2	0.005
ASB18	8	0.005
ASB2	8	0.005
ASB3	2	0.005
ASB4	2	0.005
ASB5	3	0.005
ASB6	1	0.005
ASB7	0	0.005
ASB8	2	0.005
ASB9	0	0.005
ASCC1	4	0.005
ASCC2	9	0.005
ASCC3	11	0.005
ASCL1	1	0.005
ASCL2	2	0.005
ASCL3	2	0.005
ASCL4	2	0.005
ASCL5	3	0.005
ASDURF	2	0.005
ASF1A	0	0.005
ASF1B	0	0.005
ASGR1	0	0.005
ASGR2	1	0.005
ASH1L	10	0.005
ASH2L	3	0.005
ASIC1	0	0.005
ASIC2	2	0.005
ASIC3	6	0.005
ASIC4	8	0.005
ASIC5	2	0.005
ASIP	1	0.005
ASL	2	0.005
ASMT	9	0.005
ASMTL	20	0.005
ASNS	2	0.005
ASNSD1	5	0.005
ASPA	2	0.005
ASPDH	5	0.005
ASPG	7	0.005
ASPH	3	0.005
ASPHD1	1	0.005
ASPHD2	2	0.005
ASPM	45	0.005
ASPN	0	0.005
ASPRV1	1	0.005
ASPSCR1	3	0.005
ASRGL1	1	0.005
ASS1	3	0.005
ASTE1	2	0.005
ASTL	5	0.005
ASTN1	9	0.005
ASTN2	6	0.005
ASXL1	9	0.005
ASXL2	8	0.005
ASXL3	14	0.005
ASZ1	3	0.005
ATAD1	0	0.005
ATAD2	2	0.005
ATAD2B	7	0.005
ATAD3A	10	0.005
ATAD3B	21	0.005
ATAD3C	13	0.005
ATAD5	9	0.005
ATAT1	1	0.005
ATCAY	1	0.005
ATE1	2	0.005
ATF1	2	0.005
ATF2	0	0.005
ATF3	0	0.005
ATF4	9	0.005
ATF5	4	0.005
ATF6	6	0.005
ATF6B	4	0.005
ATF7	1	0.005
ATF7IP	9	0.005
ATF7IP2	9	0.005
ATG10	5	0.005
ATG101	0	0.005
ATG12	1	0.005
ATG13	1	0.005
ATG14	4	0.005
ATG16L1	2	0.005
ATG16L2	2	0.005
ATG2A	19	0.005
ATG2B	16	0.005
ATG3	1	0.005
ATG4A	1	0.005
ATG4B	4	0.005
ATG4C	1	0.005
ATG4D	1	0.005
ATG5	2	0.005
ATG7	2	0.005
ATG9A	3	0.005
ATG9B	15	0.005
ATIC	11	0.005
ATL1	0	0.005
ATL2	3	0.005
ATL3	1	0.005
ATM	81	0.0005
ATMIN	7	0.005
ATN1	6	0.005
ATOH1	3	0.005
ATOH7	1	0.005
ATOH8	4	0.005
ATOSA	7	0.005
ATOSB	6	0.005
ATOX1	0	0.005
ATP10A	26	0.005
ATP10B	27	0.005
ATP10D	14	0.005
ATP11A	7	0.005
ATP11B	5	0.005
ATP11C	4	0.005
ATP12A	6	0.005
ATP13A1	5	0.005
ATP13A2	4	0.005
ATP13A3	5	0.005
ATP13A4	7	0.005
ATP13A5	18	0.005
ATP1A1	1	0.005
ATP1A2	1	0.005
ATP1A3	0	0.005
ATP1A4	12	0.005
ATP1B1	0	0.005
ATP1B2	1	0.005
ATP1B3	0	0.005
ATP1B4	3	0.005
ATP23	3	0.005
ATP2A1	3	0.005
ATP2A2	0	0.005
ATP2A3	5	0.005
ATP2B1	0	0.005
ATP2B2	1	0.005
ATP2B3	2	0.005
ATP2B4	7	0.005
ATP2C1	3	0.005
ATP2C2	21	0.005
ATP4A	3	0.005
ATP4B	5	0.005
ATP5F1A	3	0.005
ATP5F1B	1	0.005
ATP5F1C	0	0.005
ATP5F1D	2	0.005
ATP5F1E	0	0.005
ATP5IF1	0	0.005
ATP5MC1	0	0.005
ATP5MC2	0	0.005
ATP5MC3	2	0.005
ATP5ME	1	0.005
ATP5MF	1	0.005
ATP5MG	0	0.005
ATP5MGL	1	0.005
ATP5MJ	2	0.005
ATP5MK	0	0.005
ATP5PB	1	0.005
ATP5PD	0	0.005
ATP5PF	1	0.005
ATP5PO	2	0.005
ATP6AP1	4	0.005
ATP6AP2	2	0.005
ATP6V0A1	2	0.005
ATP6V0A2	7	0.005
ATP6V0A4	8	0.005
ATP6V0B	0	0.005
ATP6V0C	0	0.005
ATP6V0D1	1	0.005
ATP6V0D2	5	0.005
ATP6V0E1	0	0.005
ATP6V0E2	0	0.005
ATP6V1A	0	0.005
ATP6V1B1	3	0.005
ATP6V1B2	2	0.005
ATP6V1C1	0	0.005
ATP6V1C2	4	0.005
ATP6V1D	0	0.005
ATP6V1E1	1	0.005
ATP6V1E2	3	0.005
ATP6V1F	1	0.005
ATP6V1G1	1	0.005
ATP6V1G2	0	0.005
ATP6V1G3	3	0.005
ATP6V1H	1	0.005
ATP7A	9	0.005
ATP7B	13	0.005
ATP8A1	4	0.005
ATP8A2	3	0.005
ATP8B1	15	0.005
ATP8B2	5	0.005
ATP8B3	13	0.005
ATP8B4	14	0.005
ATP9A	1	0.005
ATP9B	12	0.005
ATPAF1	1	0.005
ATPAF2	3	0.005
ATPSCKMT	3	0.005
ATR	13	0.005
ATRAID	4	0.005
ATRIP	4	0.005
ATRN	10	0.005
ATRNL1	1	0.005
ATRX	6	0.005
ATXN1	7	0.005
ATXN10	0	0.005
ATXN1L	8	0.005
ATXN2	5	0.005
ATXN2L	1	0.005
ATXN3	1	0.005
ATXN3L	4	0.005
ATXN7	8	0.005
ATXN7L1	2	0.005
ATXN7L2	2	0.005
ATXN7L3	0	0.005
ATXN7L3B	0	0.005
AUH	2	0.005
AUNIP	3	0.005
AUP1	3	0.005
AURKA	4	0.005
AURKAIP1	3	0.005
AURKB	4	0.005
AURKC	1	0.005
AUTS2	9	0.005
AVEN	9	0.005
AVIL	6	0.005
AVL9	3	0.005
AVP	2	0.005
AVPI1	5	0.005
AVPR1A	3	0.005
AVPR1B	5	0.005
AVPR2	6	0.005
AWAT1	0	0.005
AWAT2	2	0.005
AXDND1	11	0.005
AXIN1	6	0.005
AXIN2	10	0.005
AXL	3	0.005
AZGP1	2	0.005
AZI2	0	0.005
AZIN1	0	0.005
AZIN2	4	0.005
AZU1	4	0.005
B2M	0	0.005
B3GALNT1	1	0.005
B3GALNT2	2	0.005
B3GALT1	1	0.005
B3GALT2	0	0.005
B3GALT4	1	0.005
B3GALT5	2	0.005
B3GALT6	4	0.005
B3GALT9	5	0.005
B3GAT1	1	0.005
B3GAT2	2	0.005
B3GAT3	1	0.005
B3GLCT	4	0.005
B3GNT2	2	0.005
B3GNT3	4	0.005
B3GNT4	6	0.005
B3GNT5	3	0.005
B3GNT6	2	0.005
B3GNT7	3	0.005
B3GNT8	5	0.005
B3GNT9	1	0.005
B4GALNT1	3	0.005
B4GALNT2	7	0.005
B4GALNT3	18	0.005
B4GALNT4	14	0.005
B4GALT1	2	0.005
B4GALT2	2	0.005
B4GALT3	2	0.005
B4GALT4	3	0.005
B4GALT5	2	0.005
B4GALT6	2	0.005
B4GALT7	0	0.005
B4GAT1	0	0.005
B9D1	1	0.005
B9D2	1	0.005
BAALC	2	0.005
BAAT	4	0.005
BABAM1	1	0.005
BABAM2	0	0.005
BACC1	0	0.005
BACE1	0	0.005
BACE2	1	0.005
BACH1	3	0.005
BACH2	2	0.005
BAD	0	0.005
BAG1	4	0.005
BAG2	0	0.005
BAG3	10	0.005
BAG4	0	0.005
BAG5	1	0.005
BAG6	3	0.005
BAHCC1	33	0.005
BAHD1	5	0.005
BAIAP2	1	0.005
BAIAP2L1	5	0.005
BAIAP2L2	4	0.005
BAIAP3	10	0.005
BAK1	1	0.005
BAMBI	4	0.005
BANF1	0	0.005
BANF2	2	0.005
BANK1	9	0.005
BANP	0	0.005
BAP1	2	0.005
BARD1	12	0.005
BARHL1	0	0.005
BARHL2	0	0.005
BARX1	2	0.005
BARX2	2	0.005
BASP1	5	0.005
BATF	0	0.005
BATF2	4	0.005
BATF3	1	0.005
BAX	0	0.005
BAZ1A	6	0.005
BAZ1B	1	0.005
BAZ2A	7	0.005
BAZ2B	13	0.005
BBC3	0	0.005
BBIP1	0	0.005
BBLN	1	0.005
BBOF1	10	0.005
BBOX1	1	0.005
BBS1	4	0.005
BBS10	5	0.005
BBS12	14	0.005
BBS2	4	0.005
BBS4	5	0.005
BBS5	2	0.005
BBS7	1	0.005
BBS9	15	0.005
BBX	5	0.005
BCAM	11	0.005
BCAN	5	0.005
BCAP29	0	0.005
BCAP31	0	0.005
BCAR1	15	0.005
BCAR3	13	0.005
BCAS1	10	0.005
BCAS2	1	0.005
BCAS3	4	0.005
BCAS4	4	0.005
BCAT1	1	0.005
BCAT2	2	0.005
BCCIP	2	0.005
BCDIN3D	4	0.005
BCHE	8	0.005
BCKDHA	3	0.005
BCKDHB	1	0.005
BCKDK	1	0.005
BCL10	3	0.005
BCL11A	1	0.005
BCL11B	0	0.005
BCL2	1	0.005
BCL2A1	4	0.005
BCL2L1	0	0.005
BCL2L10	2	0.005
BCL2L11	0	0.005
BCL2L12	1	0.005
BCL2L13	7	0.005
BCL2L14	5	0.005
BCL2L15	1	0.005
BCL2L2	1	0.005
BCL3	3	0.005
BCL6	2	0.005
BCL6B	0	0.005
BCL7A	1	0.005
BCL7B	0	0.005
BCL7C	0	0.005
BCL9	4	0.005
BCL9L	8	0.005
BCLAF1	0	0.005
BCLAF3	3	0.005
BCO1	5	0.005
BCO2	9	0.005
BCOR	1	0.005
BCORL1	6	0.005
BCR	5	0.005
BCS1L	2	0.005
BDH1	5	0.005
BDH2	4	0.005
BDKRB1	4	0.005
BDKRB2	4	0.005
BDNF	1	0.005
BDP1	30	0.005
BEAN1	4	0.005
BECN1	0	0.005
BECN2	4	0.005
BEGAIN	3	0.005
BEND2	8	0.005
BEND3	1	0.005
BEND4	3	0.005
BEND5	1	0.005
BEND6	2	0.005
BEND7	3	0.005
BEST1	3	0.005
BEST2	5	0.005
BEST3	7	0.005
BEST4	1	0.005
BET1	0	0.005
BET1L	0	0.005
BEX1	0	0.005
BEX2	2	0.005
BEX3	0	0.005
BEX4	0	0.005
BEX5	0	0.005
BFAR	5	0.005
BFSP1	7	0.005
BFSP2	3	0.005
BGLAP	3	0.005
BGN	2	0.005
BHLHA15	0	0.005
BHLHA9	2	0.005
BHLHE22	3	0.005
BHLHE23	3	0.005
BHLHE40	2	0.005
BHLHE41	3	0.005
BHMT	3	0.005
BHMT2	2	0.005
BICC1	8	0.005
BICD1	0	0.005
BICD2	1	0.005
BICDL1	2	0.005
BICDL2	6	0.005
BICRA	6	0.005
BICRAL	4	0.005
BID	2	0.005
BIK	3	0.005
BIN1	3	0.005
BIN2	6	0.005
BIN3	3	0.005
BIRC2	4	0.005
BIRC3	2	0.005
BIRC5	1	0.005
BIRC6	13	0.005
BIRC7	6	0.005
BIVM	1	0.005
BLACAT1	1	0.005
BLCAP	0	0.005
BLID	1	0.005
BLK	7	0.005
BLM	9	0.005
BLMH	1	0.005
BLNK	2	0.005
BLOC1S1	0	0.005
BLOC1S2	1	0.005
BLOC1S3	1	0.005
BLOC1S4	3	0.005
BLOC1S5	1	0.005
BLOC1S6	1	0.005
BLTP1	13	0.005
BLTP2	11	0.005
BLTP3A	14	0.005
BLTP3B	19	0.005
BLVRA	5	0.005
BLVRB	1	0.005
BLZF1	8	0.005
BMAL1	1	0.005
BMAL2	4	0.005
BMERB1	2	0.005
BMF	0	0.005
BMI1	0	0.005
BMP1	4	0.005
BMP10	3	0.005
BMP15	4	0.005
BMP2	2	0.005
BMP2K	9	0.005
BMP3	10	0.005
BMP4	2	0.005
BMP5	4	0.005
BMP6	5	0.005
BMP7	1	0.005
BMP8A	8	0.005
BMP8B	6	0.005
BMPER	5	0.005
BMPR1A	1	0.005
BMPR1B	1	0.005
BMPR2	8	0.001
BMS1	13	0.005
BMX	1	0.005
BNC1	4	0.005
BNC2	13	0.005
BNIP1	1	0.005
BNIP2	0	0.005
BNIP3	1	0.005
BNIP3L	0	0.005
BNIP5	8	0.005
BNIPL	8	0.005
BOC	8	0.005
BOD1	1	0.005
BOD1L1	20	0.005
BOD1L2	7	0.005
BOK	4	0.005
BOLA1	2	0.005
BOLA2	0	0.005
BOLA2B	0	0.005
BOLA3	1	0.005
BOLL	2	0.005
BOP1	7	0.005
BORA	1	0.005
BORCS5	2	0.005
BORCS6	2	0.005
BORCS7	0	0.005
BORCS8	1	0.005
BPGM	0	0.005
BPHL	2	0.005
BPI	14	0.005
BPIFA1	1	0.005
BPIFA2	6	0.005
BPIFA3	7	0.005
BPIFB1	11	0.005
BPIFB2	6	0.005
BPIFB3	11	0.005
BPIFB4	14	0.005
BPIFB6	7	0.005
BPIFC	7	0.005
BPNT1	0	0.005
BPNT2	1	0.005
BPTF	8	0.005
BPY2	0	0.005
BPY2B	0	0.005
BPY2C	0	0.005
BRAF	5	0.00025
BRAP	2	0.005
BRAT1	14	0.005
BRCA1	55	0.0001
BRCA2	97	0.0001
BRCC3	0	0.005
BRD1	5	0.005
BRD10	0	0.005
BRD2	6	0.005
BRD3	5	0.005
BRD3OS	0	0.005
BRD4	5	0.005
BRD7	5	0.005
BRD8	9	0.005
BRD9	2	0.005
BRDT	10	0.005
BRF1	0	0.005
BRF2	4	0.005
BRI3	0	0.005
BRI3BP	0	0.005
BRICD5	7	0.005
BRINP1	3	0.005
BRINP2	2	0.005
BRINP3	0	0.005
BRIP1	6	0.005
BRIX1	0	0.005
BRK1	0	0.005
BRME1	16	0.005
BRMS1	1	0.005
BRMS1L	1	0.005
BROX	1	0.005
BRPF1	1	0.005
BRPF3	3	0.005
BRS3	0	0.005
BRSK1	2	0.005
BRSK2	3	0.005
BRWD1	12	0.005
BRWD3	2	0.005
BSCL2	5	0.005
BSDC1	1	0.005
BSG	3	0.005
BSN	21	0.005
BSND	1	0.005
BSPH1	1	0.005
BSPRY	3	0.005
BST1	6	0.005
BST2	0	0.005
BSX	2	0.005
BTAF1	3	0.005
BTBD1	1	0.005
BTBD10	1	0.005
BTBD16	9	0.005
BTBD17	1	0.005
BTBD18	2	0.005
BTBD19	2	0.005
BTBD2	3	0.005
BTBD3	1	0.005
BTBD6	5	0.005
BTBD7	7	0.005
BTBD8	17	0.005
BTBD9	0	0.005
BTC	3	0.005
BTD	8	0.005
BTF3	0	0.005
BTF3L4	0	0.005
BTG1	1	0.005
BTG2	1	0.005
BTG3	0	0.005
BTG4	0	0.005
BTK	0	0.005
BTLA	4	0.005
BTN1A1	7	0.005
BTN2A1	9	0.005
BTN2A2	11	0.005
BTN3A1	7	0.005
BTN3A2	5	0.005
BTN3A3	7	0.005
BTNL2	31	0.005
BTNL3	12	0.005
BTNL8	12	0.005
BTNL9	7	0.005
BTRC	4	0.005
BUB1	0	0.005
BUB1B	7	0.005
BUB3	0	0.005
BUD13	8	0.005
BUD23	1	0.005
BUD31	0	0.005
BYSL	6	0.005
BZW1	0	0.005
BZW2	0	0.005
C10orf105	4	0.005
C10orf120	5	0.005
C10orf143	2	0.005
C10orf53	1	0.005
C10orf62	3	0.005
C10orf67	3	0.005
C10orf71	28	0.005
C10orf88	4	0.005
C10orf90	12	0.005
C10orf95	1	0.005
C11orf16	9	0.005
C11orf21	3	0.005
C11orf24	5	0.005
C11orf42	3	0.005
C11orf52	2	0.005
C11orf54	2	0.005
C11orf58	0	0.005
C11orf65	4	0.005
C11orf68	3	0.005
C11orf71	0	0.005
C11orf86	2	0.005
C11orf87	1	0.005
C11orf91	2	0.005
C11orf96	1	0.005
C11orf97	4	0.005
C11orf98	0	0.005
C12orf42	7	0.005
C12orf43	3	0.005
C12orf50	4	0.005
C12orf54	3	0.005
C12orf56	2	0.005
C12orf57	1	0.005
C12orf60	7	0.005
C12orf71	4	0.005
C12orf75	0	0.005
C12orf76	1	0.005
C13orf42	4	0.005
C13orf46	1	0.005
C14orf119	1	0.005
C14orf132	0	0.005
C14orf180	4	0.005
C14orf39	11	0.005
C14orf93	3	0.005
C15orf39	11	0.005
C15orf40	6	0.005
C15orf61	3	0.005
C15orf62	2	0.005
C16orf46	8	0.005
C16orf54	1	0.005
C16orf74	1	0.005
C16orf78	6	0.005
C16orf82	9	0.005
C16orf86	2	0.005
C16orf87	0	0.005
C16orf89	7	0.005
C16orf90	5	0.005
C16orf92	1	0.005
C16orf95	4	0.005
C16orf96	23	0.005
C17orf100	2	0.005
C17orf107	1	0.005
C17orf113	4	0.005
C17orf114	1	0.005
C17orf50	4	0.005
C17orf58	6	0.005
C17orf67	1	0.005
C17orf75	0	0.005
C17orf78	2	0.005
C17orf99	4	0.005
C18orf32	0	0.005
C18orf54	7	0.005
C18orf63	7	0.005
C19orf12	2	0.005
C19orf18	3	0.005
C19orf25	0	0.005
C19orf33	0	0.005
C19orf38	3	0.005
C19orf44	2	0.005
C19orf47	4	0.005
C19orf53	1	0.005
C19orf67	4	0.005
C19orf73	2	0.005
C19orf81	3	0.005
C19orf84	1	0.005
C19orf85	6	0.005
C1D	1	0.005
C1GALT1	2	0.005
C1GALT1C1	4	0.005
C1GALT1C1L	8	0.005
C1QA	0	0.005
C1QB	1	0.005
C1QBP	2	0.005
C1QC	2	0.005
C1QL1	0	0.005
C1QL2	1	0.005
C1QL3	0	0.005
C1QL4	2	0.005
C1QTNF1	2	0.005
C1QTNF12	10	0.005
C1QTNF2	4	0.005
C1QTNF3	1	0.005
C1QTNF4	1	0.005
C1QTNF5	1	0.005
C1QTNF6	7	0.005
C1QTNF7	0	0.005
C1QTNF8	3	0.005
C1QTNF9	5	0.005
C1QTNF9B	6	0.005
C1R	6	0.005
C1RL	6	0.005
C1S	6	0.005
C1orf105	3	0.005
C1orf115	1	0.005
C1orf116	17	0.005
C1orf122	2	0.005
C1orf141	5	0.005
C1orf146	1	0.005
C1orf159	2	0.005
C1orf162	2	0.005
C1orf167	41	0.005
C1orf174	6	0.005
C1orf185	2	0.005
C1orf198	3	0.005
C1orf202	5	0.005
C1orf21	0	0.005
C1orf210	3	0.005
C1orf216	2	0.005
C1orf226	2	0.005
C1orf232	3	0.005
C1orf35	4	0.005
C1orf50	4	0.005
C1orf52	0	0.005
C1orf53	2	0.005
C1orf54	1	0.005
C1orf56	4	0.005
C1orf74	1	0.005
C1orf87	10	0.005
C1orf94	10	0.005
C2	6	0.005
C20orf141	3	0.005
C20orf144	1	0.005
C20orf173	3	0.005
C20orf202	3	0.005
C20orf203	1	0.005
C20orf204	2	0.005
C20orf96	2	0.005
C21orf140	0	0.005
C21orf58	8	0.005
C21orf91	4	0.005
C22orf15	2	0.005
C22orf23	3	0.005
C22orf31	3	0.005
C22orf39	2	0.005
C22orf42	9	0.005
C2CD2	5	0.005
C2CD2L	4	0.005
C2CD3	32	0.005
C2CD4A	5	0.005
C2CD4B	10	0.005
C2CD4C	4	0.005
C2CD4D	4	0.005
C2CD5	1	0.005
C2orf15	1	0.005
C2orf42	3	0.005
C2orf49	4	0.005
C2orf66	0	0.005
C2orf68	1	0.005
C2orf69	4	0.005
C2orf72	2	0.005
C2orf74	3	0.005
C2orf76	2	0.005
C2orf78	6	0.005
C2orf80	3	0.005
C2orf81	5	0.005
C2orf92	5	0.005
C3	6	0.005
C3AR1	3	0.005
C3orf18	1	0.005
C3orf20	14	0.005
C3orf22	0	0.005
C3orf33	4	0.005
C3orf38	4	0.005
C3orf49	3	0.005
C3orf52	6	0.005
C3orf62	5	0.005
C3orf70	3	0.005
C3orf80	1	0.005
C3orf85	1	0.005
C4A	3	0.005
C4B	0	0.005
C4BPA	9	0.005
C4BPB	2	0.005
C4B_2	0	0.005
C4orf17	6	0.005
C4orf33	3	0.005
C4orf36	4	0.005
C4orf46	0	0.005
C4orf50	47	0.005
C4orf51	3	0.005
C4orf54	22	0.005
C5	14	0.005
C5AR1	1	0.005
C5AR2	3	0.005
C5orf15	2	0.005
C5orf22	5	0.005
C5orf24	1	0.005
C5orf34	4	0.005
C5orf46	2	0.005
C5orf47	3	0.005
C5orf52	5	0.005
C5orf58	1	0.005
C5orf63	0	0.005
C6	20	0.005
C6orf118	9	0.005
C6orf120	2	0.005
C6orf132	17	0.005
C6orf136	6	0.005
C6orf141	7	0.005
C6orf15	11	0.005
C6orf163	6	0.005
C6orf47	6	0.005
C6orf52	2	0.005
C6orf58	3	0.005
C6orf62	0	0.005
C6orf89	3	0.005
C7	8	0.005
C7orf25	1	0.005
C7orf33	2	0.005
C7orf57	5	0.005
C7orf78	0	0.005
C8A	14	0.005
C8B	8	0.005
C8G	4	0.005
C8orf33	4	0.005
C8orf34	3	0.005
C8orf48	8	0.005
C8orf58	6	0.005
C8orf74	6	0.005
C8orf76	3	0.005
C8orf82	3	0.005
C8orf88	0	0.005
C8orf89	4	0.005
C8orf90	3	0.005
C9	7	0.005
C9orf152	2	0.005
C9orf153	2	0.005
C9orf40	1	0.005
C9orf43	8	0.005
C9orf50	12	0.005
C9orf57	0	0.005
C9orf72	1	0.005
C9orf78	0	0.005
C9orf85	1	0.005
CA1	4	0.005
CA10	1	0.005
CA11	0	0.005
CA12	2	0.005
CA13	1	0.005
CA14	1	0.005
CA2	1	0.005
CA3	2	0.005
CA4	4	0.005
CA5A	5	0.005
CA5B	1	0.005
CA6	6	0.005
CA7	0	0.005
CA8	1	0.005
CA9	3	0.005
CAAP1	4	0.005
CAB39	2	0.005
CAB39L	1	0.005
CABCOCO1	0	0.005
CABIN1	18	0.005
CABLES1	7	0.005
CABLES2	6	0.005
CABP1	2	0.005
CABP2	5	0.005
CABP4	2	0.005
CABP5	6	0.005
CABP7	0	0.005
CABS1	6	0.005
CABYR	4	0.005
CACFD1	1	0.005
CACHD1	3	0.005
CACNA1A	12	0.005
CACNA1B	11	0.005
CACNA1C	6	0.005
CACNA1D	2	0.005
CACNA1E	10	0.005
CACNA1F	7	0.005
CACNA1G	8	0.005
CACNA1H	36	0.005
CACNA1I	13	0.005
CACNA1S	17	0.005
CACNA2D1	1	0.005
CACNA2D2	5	0.005
CACNA2D3	2	0.005
CACNA2D4	17	0.005
CACNB1	0	0.005
CACNB2	3	0.005
CACNB3	1	0.005
CACNB4	1	0.005
CACNG1	2	0.005
CACNG2	0	0.005
CACNG3	0	0.005
CACNG4	2	0.005
CACNG5	2	0.005
CACNG6	5	0.005
CACNG7	0	0.005
CACNG8	1	0.005
CACTIN	6	0.005
CACUL1	0	0.005
CACYBP	1	0.005
CAD	3	0.005
CADM1	2	0.005
CADM2	0	0.005
CADM3	1	0.005
CADM4	2	0.005
CADPS	3	0.005
CADPS2	4	0.005
CAGE1	7	0.005
CALB1	0	0.005
CALB2	1	0.005
CALCA	4	0.005
CALCB	0	0.005
CALCOCO1	9	0.005
CALCOCO2	3	0.005
CALCR	2	0.005
CALCRL	2	0.005
CALD1	9	0.005
CALHM1	8	0.005
CALHM2	4	0.005
CALHM3	4	0.005
CALHM4	3	0.005
CALHM5	4	0.005
CALHM6	10	0.005
CALM1	0	0.005
CALM2	0	0.005
CALM3	0	0.005
CALML3	2	0.005
CALML4	1	0.005
CALML5	4	0.005
CALML6	6	0.005
CALN1	0	0.005
CALR	2	0.005
CALR3	3	0.005
CALU	1	0.005
CALY	1	0.005
CAMK1	2	0.005
CAMK1D	1	0.005
CAMK1G	1	0.005
CAMK2A	0	0.005
CAMK2B	2	0.005
CAMK2D	2	0.005
CAMK2G	0	0.005
CAMK2N1	0	0.005
CAMK2N2	0	0.005
CAMK4	2	0.005
CAMKK1	0	0.005
CAMKK2	4	0.005
CAMKMT	0	0.005
CAMKV	0	0.005
CAMLG	2	0.005
CAMP	2	0.005
CAMSAP1	6	0.005
CAMSAP2	6	0.005
CAMSAP3	7	0.005
CAMTA1	9	0.005
CAMTA2	7	0.005
CAND1	2	0.005
CAND2	29	0.005
CANT1	3	0.005
CANX	2	0.005
CAP1	1	0.005
CAP2	3	0.005
CAPG	5	0.005
CAPN1	3	0.005
CAPN10	7	0.005
CAPN11	6	0.005
CAPN12	8	0.005
CAPN13	11	0.005
CAPN14	12	0.005
CAPN15	10	0.005
CAPN2	7	0.005
CAPN3	16	0.001
CAPN5	4	0.005
CAPN6	1	0.005
CAPN7	4	0.005
CAPN8	7	0.005
CAPN9	12	0.005
CAPNS1	1	0.005
CAPNS2	2	0.005
CAPRIN1	1	0.005
CAPRIN2	8	0.005
CAPS	5	0.005
CAPS2	6	0.005
CAPSL	4	0.005
CAPZA1	2	0.005
CAPZA2	2	0.005
CAPZA3	3	0.005
CAPZB	0	0.005
CARD10	7	0.005
CARD11	7	0.005
CARD14	18	0.005
CARD16	0	0.005
CARD18	1	0.005
CARD19	1	0.005
CARD6	17	0.005
CARD8	9	0.005
CARD9	4	0.005
CARF	6	0.005
CARHSP1	0	0.005
CARM1	0	0.005
CARMIL1	6	0.005
CARMIL2	9	0.005
CARMIL3	11	0.005
CARNMT1	0	0.005
CARNS1	9	0.005
CARS1	8	0.005
CARS2	9	0.005
CARTPT	0	0.005
CASC3	2	0.005
CASD1	2	0.005
CASK	0	0.005
CASKIN1	11	0.005
CASKIN2	15	0.005
CASP1	2	0.005
CASP10	4	0.005
CASP12	0	0.005
CASP14	3	0.005
CASP2	1	0.005
CASP3	0	0.005
CASP4	4	0.005
CASP5	8	0.005
CASP6	3	0.005
CASP7	2	0.005
CASP8	3	0.005
CASP8AP2	0	0.005
CASP9	7	0.005
CASQ1	4	0.005
CASQ2	3	0.005
CASR	7	0.005
CASS4	9	0.005
CAST	8	0.005
CASTOR1	1	0.005
CASTOR2	1	0.005
CASZ1	12	0.005
CAT	1	0.005
CATIP	3	0.005
CATSPER1	13	0.005
CATSPER2	5	0.005
CATSPER3	6	0.005
CATSPER4	10	0.005
CATSPERB	5	0.005
CATSPERD	19	0.005
CATSPERE	11	0.005
CATSPERG	7	0.005
CATSPERH	0	0.005
CATSPERQ	0	0.005
CATSPERT	0	0.005
CATSPERZ	4	0.005
CAV1	0	0.005
CAV2	1	0.005
CAV3	2	0.005
CAVIN1	0	0.005
CAVIN2	5	0.005
CAVIN3	9	0.005
CAVIN4	3	0.005
CBARP	5	0.005
CBFA2T2	1	0.005
CBFA2T3	4	0.005
CBFB	0	0.005
CBL	4	0.005
CBLB	5	0.005
CBLC	8	0.005
CBLIF	5	0.005
CBLL1	0	0.005
CBLL2	7	0.005
CBLN1	0	0.005
CBLN2	1	0.005
CBLN3	0	0.005
CBLN4	0	0.005
CBR1	1	0.005
CBR3	6	0.005
CBR4	2	0.005
CBS	0	0.005
CBX1	0	0.005
CBX2	4	0.005
CBX3	0	0.005
CBX4	1	0.005
CBX5	0	0.005
CBX6	4	0.005
CBX7	0	0.005
CBX8	6	0.005
CBY1	1	0.005
CBY2	5	0.005
CBY3	3	0.005
CC2D1A	12	0.005
CC2D1B	6	0.005
CC2D2A	14	0.005
CC2D2B	18	0.005
CCAR1	1	0.005
CCAR2	4	0.005
CCBE1	3	0.005
CCDC102A	2	0.005
CCDC102B	10	0.005
CCDC106	2	0.005
CCDC107	3	0.005
CCDC110	15	0.005
CCDC112	4	0.005
CCDC116	18	0.005
CCDC117	2	0.005
CCDC12	1	0.005
CCDC120	4	0.005
CCDC121	0	0.005
CCDC122	3	0.005
CCDC124	1	0.005
CCDC125	9	0.005
CCDC126	1	0.005
CCDC127	3	0.005
CCDC13	12	0.005
CCDC134	1	0.005
CCDC136	8	0.005
CCDC137	8	0.005
CCDC138	3	0.005
CCDC14	6	0.005
CCDC141	15	0.005
CCDC142	14	0.005
CCDC144A	12	0.005
CCDC146	11	0.005
CCDC148	8	0.005
CCDC149	3	0.005
CCDC15	6	0.005
CCDC150	13	0.005
CCDC152	2	0.005
CCDC154	10	0.005
CCDC157	10	0.005
CCDC158	10	0.005
CCDC159	1	0.005
CCDC160	2	0.005
CCDC163	1	0.005
CCDC166	7	0.005
CCDC167	0	0.005
CCDC169	3	0.005
CCDC17	12	0.005
CCDC170	13	0.005
CCDC171	18	0.005
CCDC172	0	0.005
CCDC174	5	0.005
CCDC175	12	0.005
CCDC177	6	0.005
CCDC178	12	0.005
CCDC179	2	0.005
CCDC18	12	0.005
CCDC180	21	0.005
CCDC181	5	0.005
CCDC182	4	0.005
CCDC183	14	0.005
CCDC184	2	0.005
CCDC185	10	0.005
CCDC186	5	0.005
CCDC187	56	0.005
CCDC188	3	0.005
CCDC190	5	0.005
CCDC191	10	0.005
CCDC192	2	0.005
CCDC194	2	0.005
CCDC195	0	0.005
CCDC196	1	0.005
CCDC197	8	0.005
CCDC198	3	0.005
CCDC200	0	0.005
CCDC201	1	0.005
CCDC22	4	0.005
CCDC24	3	0.005
CCDC25	0	0.005
CCDC27	20	0.005
CCDC28A	0	0.005
CCDC28B	2	0.005
CCDC3	2	0.005
CCDC30	7	0.005
CCDC32	1	0.005
CCDC33	10	0.005
CCDC34	4	0.005
CCDC38	9	0.005
CCDC39	11	0.005
CCDC40	23	0.005
CCDC42	8	0.005
CCDC43	0	0.005
CCDC47	0	0.005
CCDC50	9	0.005
CCDC51	8	0.005
CCDC54	5	0.005
CCDC57	20	0.005
CCDC59	5	0.005
CCDC6	2	0.005
CCDC60	10	0.005
CCDC61	9	0.005
CCDC62	8	0.005
CCDC63	12	0.005
CCDC66	13	0.005
CCDC68	5	0.005
CCDC69	9	0.005
CCDC7	11	0.005
CCDC70	3	0.005
CCDC71	4	0.005
CCDC71L	1	0.005
CCDC73	7	0.005
CCDC74A	8	0.005
CCDC74B	12	0.005
CCDC77	6	0.005
CCDC78	9	0.005
CCDC8	12	0.005
CCDC80	9	0.005
CCDC81	9	0.005
CCDC82	6	0.005
CCDC83	6	0.005
CCDC85A	4	0.005
CCDC85B	2	0.005
CCDC85C	4	0.005
CCDC86	5	0.005
CCDC87	6	0.005
CCDC88A	7	0.005
CCDC88B	22	0.005
CCDC88C	28	0.005
CCDC89	5	0.005
CCDC9	5	0.005
CCDC90B	5	0.005
CCDC91	7	0.005
CCDC92	5	0.005
CCDC92B	1	0.005
CCDC93	6	0.005
CCDC97	3	0.005
CCDC9B	3	0.005
CCER1	3	0.005
CCER2	6	0.005
CCHCR1	21	0.005
CCIN	7	0.005
CCK	1	0.005
CCKAR	4	0.005
CCKBR	3	0.005
CCL1	1	0.005
CCL11	2	0.005
CCL13	2	0.005
CCL14	2	0.005
CCL15	5	0.005
CCL16	1	0.005
CCL17	2	0.005
CCL18	1	0.005
CCL19	0	0.005
CCL2	0	0.005
CCL20	0	0.005
CCL21	0	0.005
CCL22	2	0.005
CCL23	2	0.005
CCL24	4	0.005
CCL25	6	0.005
CCL26	1	0.005
CCL27	2	0.005
CCL28	1	0.005
CCL3	2	0.005
CCL3L1	0	0.005
CCL3L3	1	0.005
CCL4	2	0.005
CCL4L1	0	0.005
CCL4L2	1	0.005
CCL5	1	0.005
CCL7	0	0.005
CCL8	4	0.005
CCM2	3	0.005
CCM2L	3	0.005
CCN1	1	0.005
CCN2	1	0.005
CCN3	3	0.005
CCN4	3	0.005
CCN5	4	0.005
CCN6	6	0.005
CCNA1	1	0.005
CCNA2	3	0.005
CCNB1	0	0.005
CCNB1IP1	3	0.005
CCNB2	2	0.005
CCNB3	5	0.005
CCNC	0	0.005
CCND1	0	0.005
CCND2	0	0.005
CCND3	3	0.005
CCNDBP1	2	0.005
CCNE1	1	0.005
CCNE2	2	0.005
CCNF	4	0.005
CCNG1	2	0.005
CCNG2	2	0.005
CCNH	4	0.005
CCNI	1	0.005
CCNI2	5	0.005
CCNJ	0	0.005
CCNJL	4	0.005
CCNK	0	0.005
CCNL1	0	0.005
CCNL2	4	0.005
CCNO	2	0.005
CCNP	3	0.005
CCNQ	0	0.005
CCNT1	3	0.005
CCNT2	1	0.005
CCNY	1	0.005
CCNYL1	1	0.005
CCP110	7	0.005
CCPG1	5	0.005
CCR1	3	0.005
CCR10	3	0.005
CCR2	1	0.005
CCR3	3	0.005
CCR4	1	0.005
CCR5	4	0.005
CCR6	2	0.005
CCR7	1	0.005
CCR8	2	0.005
CCR9	3	0.005
CCRL2	8	0.005
CCS	1	0.005
CCSAP	1	0.005
CCSER1	9	0.005
CCSER2	9	0.005
CCT2	0	0.005
CCT3	3	0.005
CCT4	4	0.005
CCT5	3	0.005
CCT6A	3	0.005
CCT6B	6	0.005
CCT7	2	0.005
CCT8	5	0.005
CCT8L2	5	0.005
CCZ1	2	0.005
CCZ1B	4	0.005
CD101	20	0.005
CD109	23	0.005
CD14	2	0.005
CD151	2	0.005
CD160	2	0.005
CD163	7	0.005
CD163L1	11	0.005
CD164	1	0.005
CD164L2	3	0.005
CD177	13	0.005
CD180	7	0.005
CD19	2	0.005
CD1A	4	0.005
CD1B	3	0.005
CD1C	3	0.005
CD1D	2	0.005
CD1E	5	0.005
CD2	3	0.005
CD200	2	0.005
CD200R1	8	0.005
CD200R1L	3	0.005
CD207	11	0.005
CD209	3	0.005
CD22	5	0.005
CD226	4	0.005
CD24	1	0.005
CD244	6	0.005
CD247	1	0.005
CD248	10	0.005
CD27	2	0.005
CD274	1	0.005
CD276	9	0.005
CD28	1	0.005
CD2AP	4	0.005
CD2BP2	4	0.005
CD300A	1	0.005
CD300C	3	0.005
CD300E	5	0.005
CD300H	0	0.005
CD300LB	0	0.005
CD300LD	4	0.005
CD300LF	5	0.005
CD300LG	3	0.005
CD302	2	0.005
CD320	4	0.005
CD33	13	0.005
CD34	3	0.005
CD36	4	0.005
CD37	2	0.005
CD38	1	0.005
CD3D	0	0.005
CD3E	1	0.005
CD3G	2	0.005
CD4	4	0.005
CD40	3	0.005
CD40LG	2	0.005
CD44	8	0.005
CD46	4	0.005
CD47	0	0.005
CD48	4	0.005
CD5	8	0.005
CD52	3	0.005
CD53	0	0.005
CD55	3	0.005
CD58	2	0.005
CD59	0	0.005
CD5L	3	0.005
CD6	8	0.005
CD63	1	0.005
CD68	4	0.005
CD69	2	0.005
CD7	5	0.005
CD70	0	0.005
CD72	4	0.005
CD74	3	0.005
CD79A	0	0.005
CD79B	0	0.005
CD80	4	0.005
CD81	0	0.005
CD82	1	0.005
CD83	3	0.005
CD84	1	0.005
CD86	4	0.005
CD8A	1	0.005
CD8B	4	0.005
CD8B2	4	0.005
CD9	0	0.005
CD93	9	0.005
CD96	3	0.005
CD99	4	0.005
CD99L2	2	0.005
CDA	2	0.005
CDADC1	1	0.005
CDAN1	13	0.005
CDC123	0	0.005
CDC14A	1	0.005
CDC14B	1	0.005
CDC14C	8	0.005
CDC16	0	0.005
CDC20	2	0.005
CDC20B	10	0.005
CDC23	2	0.005
CDC25A	4	0.005
CDC25B	2	0.005
CDC25C	3	0.005
CDC26	0	0.005
CDC27	0	0.005
CDC34	0	0.005
CDC37	2	0.005
CDC37L1	1	0.005
CDC40	1	0.005
CDC42	0	0.005
CDC42BPA	9	0.005
CDC42BPB	5	0.005
CDC42BPG	14	0.005
CDC42EP1	3	0.005
CDC42EP2	2	0.005
CDC42EP3	0	0.005
CDC42EP4	2	0.005
CDC42EP5	5	0.005
CDC42SE1	0	0.005
CDC42SE2	0	0.005
CDC45	2	0.005
CDC5L	2	0.005
CDC6	4	0.005
CDC7	3	0.005
CDC73	0	0.005
CDCA2	12	0.005
CDCA3	3	0.005
CDCA4	2	0.005
CDCA5	2	0.005
CDCA7	0	0.005
CDCA7L	1	0.005
CDCA8	0	0.005
CDCP1	7	0.005
CDCP2	8	0.005
CDH1	12	0.001
CDH10	0	0.005
CDH11	6	0.005
CDH12	5	0.005
CDH13	4	0.005
CDH15	8	0.005
CDH16	7	0.005
CDH17	5	0.005
CDH18	1	0.005
CDH19	9	0.005
CDH2	2	0.005
CDH20	3	0.005
CDH22	4	0.005
CDH23	59	0.003
CDH24	8	0.005
CDH26	13	0.005
CDH3	7	0.005
CDH4	6	0.005
CDH5	5	0.005
CDH6	0	0.005
CDH7	3	0.005
CDH8	1	0.005
CDH9	4	0.005
CDHR1	11	0.005
CDHR2	26	0.005
CDHR3	12	0.005
CDHR4	3	0.005
CDHR5	15	0.005
CDIN1	1	0.005
CDIP1	1	0.005
CDIPT	0	0.005
CDK1	0	0.005
CDK10	3	0.005
CDK11A	2	0.005
CDK11B	1	0.005
CDK12	5	0.005
CDK13	5	0.005
CDK14	1	0.005
CDK15	3	0.005
CDK16	1	0.005
CDK17	0	0.005
CDK18	5	0.005
CDK19	0	0.005
CDK2	1	0.005
CDK20	0	0.005
CDK2AP1	0	0.005
CDK2AP2	0	0.005
CDK3	2	0.005
CDK4	0	0.005
CDK5	0	0.005
CDK5R1	0	0.005
CDK5R2	0	0.005
CDK5RAP1	2	0.005
CDK5RAP2	10	0.005
CDK5RAP3	7	0.005
CDK6	1	0.005
CDK7	1	0.005
CDK8	0	0.005
CDK9	0	0.005
CDKAL1	3	0.005
CDKL1	5	0.005
CDKL2	3	0.005
CDKL3	2	0.005
CDKL4	3	0.005
CDKL5	2	8.3e-06
CDKN1A	2	0.005
CDKN1B	2	0.005
CDKN1C	0	0.005
CDKN2A	4	0.005
CDKN2AIP	2	0.005
CDKN2AIPNL	0	0.005
CDKN2B	0	0.005
CDKN2C	1	0.005
CDKN2D	0	0.005
CDKN3	0	0.005
CDNF	2	0.005
CDO1	0	0.005
CDON	15	0.005
CDPF1	3	0.005
CDR2	1	0.005
CDR2L	3	0.005
CDRT15	6	0.005
CDRT15L2	8	0.005
CDRT4	5	0.005
CDS1	3	0.005
CDS2	0	0.005
CDSN	17	0.005
CDT1	13	0.005
CDV3	2	0.005
CDX1	6	0.005
CDX2	3	0.005
CDX4	1	0.005
CDY1	0	0.005
CDY1B	0	0.005
CDY2A	0	0.005
CDY2B	0	0.005
CDYL	0	0.005
CDYL2	1	0.005
CEACAM1	5	0.005
CEACAM16	4	0.005
CEACAM18	9	0.005
CEACAM19	1	0.005
CEACAM20	13	0.005
CEACAM21	4	0.005
CEACAM3	7	0.005
CEACAM4	5	0.005
CEACAM5	19	0.005
CEACAM6	6	0.005
CEACAM7	4	0.005
CEACAM8	6	0.005
CEBPA	0	0.005
CEBPB	0	0.005
CEBPD	1	0.005
CEBPE	1	0.005
CEBPG	0	0.005
CEBPZ	6	0.005
CEBPZOS	0	0.005
CECR2	10	0.005
CEL	7	0.005
CELA1	7	0.005
CELA2A	2	0.005
CELA2B	5	0.005
CELA3A	5	0.005
CELA3B	8	0.005
CELF1	0	0.005
CELF2	0	0.005
CELF3	0	0.005
CELF4	0	0.005
CELF5	0	0.005
CELF6	1	0.005
CELSR1	37	0.005
CELSR2	23	0.005
CELSR3	15	0.005
CEMIP	5	0.005
CEMIP2	12	0.005
CEMP1	3	0.005
CENATAC	0	0.005
CEND1	0	0.005
CENPA	0	0.005
CENPB	0	0.005
CENPC	7	0.005
CENPE	21	0.005
CENPF	49	0.005
CENPH	0	0.005
CENPI	3	0.005
CENPK	2	0.005
CENPL	4	0.005
CENPM	1	0.005
CENPN	6	0.005
CENPO	4	0.005
CENPP	2	0.005
CENPQ	5	0.005
CENPS	0	0.005
CENPT	6	0.005
CENPU	8	0.005
CENPV	0	0.005
CENPVL1	0	0.005
CENPVL2	0	0.005
CENPVL3	2	0.005
CENPW	2	0.005
CENPX	2	0.005
CEP104	6	0.005
CEP112	8	0.005
CEP120	8	0.005
CEP126	13	0.005
CEP128	10	0.005
CEP131	29	0.005
CEP135	11	0.005
CEP15	2	0.005
CEP152	17	0.005
CEP162	15	0.005
CEP164	13	0.005
CEP170	6	0.005
CEP170B	20	0.005
CEP19	1	0.005
CEP192	32	0.005
CEP20	2	0.005
CEP250	21	0.005
CEP290	17	0.005
CEP295	33	0.005
CEP295NL	17	0.005
CEP350	15	0.005
CEP41	2	0.005
CEP43	7	0.005
CEP44	6	0.005
CEP55	9	0.005
CEP57	4	0.005
CEP57L1	4	0.005
CEP63	2	0.005
CEP68	12	0.005
CEP70	6	0.005
CEP72	11	0.005
CEP76	4	0.005
CEP78	2	0.005
CEP83	5	0.005
CEP85	7	0.005
CEP85L	10	0.005
CEP89	9	0.005
CEP95	5	0.005
CEP97	5	0.005
CEPT1	2	0.005
CER1	5	0.005
CERCAM	8	0.005
CERK	7	0.005
CERKL	5	0.005
CERS1	0	0.005
CERS2	2	0.005
CERS3	6	0.005
CERS4	5	0.005
CERS5	2	0.005
CERS6	2	0.005
CERT1	0	0.005
CES1	12	0.005
CES2	0	0.005
CES3	10	0.005
CES4A	4	0.005
CES5A	21	0.005
CETN1	1	0.005
CETN2	0	0.005
CETN3	1	0.005
CETP	7	0.005
CFAP100	12	0.005
CFAP107	5	0.005
CFAP119	4	0.005
CFAP126	1	0.005
CFAP141	1	0.005
CFAP144	1	0.005
CFAP157	4	0.005
CFAP161	2	0.005
CFAP184	0	0.005
CFAP20	0	0.005
CFAP206	11	0.005
CFAP20DC	10	0.005
CFAP210	8	0.005
CFAP221	9	0.005
CFAP251	10	0.005
CFAP263	0	0.005
CFAP276	5	0.005
CFAP298	2	0.005
CFAP299	3	0.005
CFAP300	1	0.005
CFAP36	3	0.005
CFAP410	9	0.005
CFAP418	2	0.005
CFAP43	8	0.005
CFAP44	22	0.005
CFAP45	10	0.005
CFAP46	51	0.005
CFAP47	27	0.005
CFAP52	4	0.005
CFAP53	5	0.005
CFAP54	33	0.005
CFAP57	12	0.005
CFAP58	11	0.005
CFAP61	15	0.005
CFAP65	19	0.005
CFAP68	3	0.005
CFAP69	6	0.005
CFAP70	6	0.005
CFAP73	3	0.005
CFAP74	29	0.005
CFAP77	5	0.005
CFAP90	5	0.005
CFAP91	11	0.005
CFAP92	11	0.005
CFAP95	3	0.005
CFAP96	3	0.005
CFAP97	7	0.005
CFAP97D1	0	0.005
CFAP97D2	0	0.005
CFAP99	10	0.005
CFB	9	0.005
CFC1	2	0.005
CFC1B	0	0.005
CFD	3	0.005
CFDP1	1	0.005
CFH	14	0.005
CFHR1	6	0.005
CFHR2	6	0.005
CFHR3	7	0.005
CFHR4	16	0.005
CFHR5	8	0.005
CFI	7	0.005
CFL1	0	0.005
CFL2	0	0.005
CFLAR	0	0.005
CFP	5	0.005
CFTR	15	0.005
CGA	0	0.005
CGAS	6	0.005
CGB1	3	0.005
CGB2	2	0.005
CGB3	0	0.005
CGB5	1	0.005
CGB7	5	0.005
CGB8	0	0.005
CGGBP1	0	0.005
CGN	18	0.005
CGNL1	13	0.005
CGREF1	2	0.005
CGRRF1	3	0.005
CH25H	1	0.005
CHAC1	2	0.005
CHAC2	2	0.005
CHAD	6	0.005
CHADL	5	0.005
CHAF1A	6	0.005
CHAF1B	4	0.005
CHAMP1	5	0.005
CHAT	11	0.005
CHCHD1	0	0.005
CHCHD10	3	0.005
CHCHD2	1	0.005
CHCHD3	1	0.005
CHCHD4	0	0.005
CHCHD5	2	0.005
CHCHD6	3	0.005
CHCHD7	0	0.005
CHCT1	2	0.005
CHD1	3	0.005
CHD1L	9	0.005
CHD2	3	0.005
CHD3	1	0.005
CHD4	3	0.005
CHD5	5	0.005
CHD6	14	0.005
CHD7	17	0.005
CHD8	8	0.005
CHD9	11	0.005
CHD9NB	1	0.005
CHDH	4	0.005
CHEK1	1	0.005
CHEK2	2	0.005
CHERP	1	0.005
CHFR	6	0.005
CHGA	8	0.005
CHGB	14	0.005
CHI3L1	4	0.005
CHI3L2	5	0.005
CHIA	16	0.005
CHIC1	0	0.005
CHIC2	0	0.005
CHID1	4	0.005
CHIT1	11	0.005
CHKA	0	0.005
CHKB	1	0.005
CHL1	15	0.005
CHLSN	0	0.005
CHM	4	0.005
CHML	6	0.005
CHMP1A	0	0.005
CHMP1B	0	0.005
CHMP2A	0	0.005
CHMP2B	1	0.005
CHMP3	0	0.005
CHMP4A	1	0.005
CHMP4B	0	0.005
CHMP4C	2	0.005
CHMP5	0	0.005
CHMP6	2	0.005
CHMP7	2	0.005
CHN1	0	0.005
CHN2	2	0.005
CHODL	2	0.005
CHORDC1	1	0.005
CHP1	0	0.005
CHP2	3	0.005
CHPF	5	0.005
CHPF2	11	0.005
CHPT1	3	0.005
CHRAC1	3	0.005
CHRD	5	0.005
CHRDL1	2	0.005
CHRDL2	3	0.005
CHRFAM7A	1	0.005
CHRM1	0	0.005
CHRM2	3	0.005
CHRM3	2	0.005
CHRM4	0	0.005
CHRM5	4	0.005
CHRNA1	3	0.005
CHRNA10	7	0.005
CHRNA2	3	0.005
CHRNA3	2	0.005
CHRNA4	1	0.005
CHRNA5	5	0.005
CHRNA6	4	0.005
CHRNA7	1	0.005
CHRNA9	7	0.005
CHRNB1	4	0.005
CHRNB2	2	0.005
CHRNB3	2	0.005
CHRNB4	8	0.005
CHRND	4	0.005
CHRNE	3	0.005
CHRNG	3	0.005
CHST1	1	0.005
CHST10	4	0.005
CHST11	0	0.005
CHST12	9	0.005
CHST13	8	0.005
CHST14	1	0.005
CHST15	4	0.005
CHST2	7	0.005
CHST3	3	0.005
CHST4	4	0.005
CHST5	5	0.005
CHST6	3	0.005
CHST7	3	0.005
CHST8	2	0.005
CHST9	2	0.005
CHSY1	5	0.005
CHSY3	5	0.005
CHTF18	27	0.005
CHTF8	0	0.005
CHTOP	1	0.005
CHUK	3	0.005
CHURC1	0	0.005
CIAO1	1	0.005
CIAO2A	0	0.005
CIAO2B	0	0.005
CIAO3	4	0.005
CIAPIN1	2	0.005
CIART	1	0.005
CIB1	2	0.005
CIB2	1	0.005
CIB3	3	0.005
CIB4	2	0.005
CIBAR1	2	0.005
CIBAR2	3	0.005
CIC	8	0.005
CIDEA	3	0.005
CIDEB	1	0.005
CIDEC	4	0.005
CIITA	14	0.005
CILK1	3	0.005
CILP	9	0.005
CILP2	4	0.005
CIMAP1A	5	0.005
CIMAP1B	2	0.005
CIMAP1C	4	0.005
CIMAP1D	9	0.005
CIMAP2	8	0.005
CIMAP3	2	0.005
CIMIP1	2	0.005
CIMIP2A	8	0.005
CIMIP2B	2	0.005
CIMIP2C	6	0.005
CIMIP3	2	0.005
CIMIP4	3	0.005
CIMIP5	0	0.005
CIMIP6	0	0.005
CIMIP7	0	0.005
CINP	4	0.005
CIP2A	13	0.005
CIPC	2	0.005
CIRBP	1	0.005
CIROP	18	0.005
CIROZ	0	0.005
CIRSR	0	0.005
CISD1	0	0.005
CISD2	0	0.005
CISD3	2	0.005
CISH	2	0.005
CIST1	5	0.005
CIT	10	0.005
CITED1	0	0.005
CITED2	1	0.005
CITED4	6	0.005
CIZ1	8	0.005
CKAP2	8	0.005
CKAP2L	14	0.005
CKAP4	7	0.005
CKAP5	3	0.005
CKB	0	0.005
CKLF	0	0.005
CKM	3	0.005
CKMT1A	1	0.005
CKMT1B	2	0.005
CKMT2	1	0.005
CKS1B	0	0.005
CKS2	0	0.005
CLASP1	5	0.005
CLASP2	5	0.005
CLASRP	5	0.005
CLBA1	5	0.005
CLC	3	0.005
CLCA1	9	0.005
CLCA2	9	0.005
CLCA4	6	0.005
CLCC1	6	0.005
CLCF1	2	0.005
CLCN1	10	0.005
CLCN2	9	0.005
CLCN3	0	0.005
CLCN4	1	0.005
CLCN5	1	0.005
CLCN6	1	0.005
CLCN7	3	0.005
CLCNKA	20	0.005
CLCNKB	14	0.005
CLDN1	0	0.005
CLDN10	0	0.005
CLDN11	0	0.005
CLDN12	0	0.005
CLDN14	1	0.005
CLDN15	1	0.005
CLDN16	2	0.005
CLDN17	3	0.005
CLDN18	4	0.005
CLDN19	2	0.005
CLDN2	1	0.005
CLDN20	4	0.005
CLDN22	2	0.005
CLDN23	6	0.005
CLDN24	5	0.005
CLDN25	2	0.005
CLDN3	3	0.005
CLDN34	3	0.005
CLDN4	0	0.005
CLDN5	1	0.005
CLDN6	2	0.005
CLDN7	2	0.005
CLDN8	5	0.005
CLDN9	1	0.005
CLDND1	0	0.005
CLDND2	6	0.005
CLEC10A	8	0.005
CLEC11A	3	0.005
CLEC12A	1	0.005
CLEC12B	4	0.005
CLEC14A	5	0.005
CLEC16A	8	0.005
CLEC17A	3	0.005
CLEC18A	4	0.005
CLEC18B	2	0.005
CLEC18C	2	0.005
CLEC19A	4	0.005
CLEC1A	4	0.005
CLEC1B	5	0.005
CLEC20A	6	0.005
CLEC2A	5	0.005
CLEC2B	1	0.005
CLEC2D	4	0.005
CLEC2L	3	0.005
CLEC3A	2	0.005
CLEC3B	1	0.005
CLEC4A	3	0.005
CLEC4C	4	0.005
CLEC4D	2	0.005
CLEC4E	2	0.005
CLEC4F	19	0.005
CLEC4G	4	0.005
CLEC4M	2	0.005
CLEC5A	1	0.005
CLEC6A	3	0.005
CLEC7A	2	0.005
CLEC9A	2	0.005
CLECL1	0	0.005
CLGN	4	0.005
CLHC1	11	0.005
CLIC1	0	0.005
CLIC2	1	0.005
CLIC3	4	0.005
CLIC4	0	0.005
CLIC5	3	0.005
CLIC6	15	0.005
CLINT1	1	0.005
CLIP1	6	0.005
CLIP2	5	0.005
CLIP3	1	0.005
CLIP4	7	0.005
CLK1	1	0.005
CLK2	0	0.005
CLK3	0	0.005
CLK4	2	0.005
CLMN	6	0.005
CLMP	1	0.005
CLN3	3	0.005
CLN5	3	0.005
CLN6	5	0.005
CLN8	5	0.005
CLNK	7	0.005
CLNS1A	0	0.005
CLOCK	4	0.005
CLP1	0	0.005
CLPB	6	0.005
CLPP	1	0.005
CLPS	4	0.005
CLPSL1	1	0.005
CLPSL2	2	0.005
CLPTM1	1	0.005
CLPTM1L	2	0.005
CLPX	1	0.005
CLRN1	1	0.005
CLRN2	2	0.005
CLRN3	6	0.005
CLSPN	12	0.005
CLSTN1	7	0.005
CLSTN2	7	0.005
CLSTN3	4	0.005
CLTA	1	0.005
CLTB	0	0.005
CLTC	0	0.005
CLTCL1	20	0.005
CLTRN	0	0.005
CLU	4	0.005
CLUAP1	5	0.005
CLUH	8	0.005
CLUL1	5	0.005
CLVS1	0	0.005
CLVS2	0	0.005
CLXN	1	0.005
CLYBL	5	0.005
CMA1	3	0.005
CMAS	1	0.005
CMBL	1	0.005
CMC1	0	0.005
CMC2	2	0.005
CMC4	0	0.005
CMIP	0	0.005
CMKLR1	8	0.005
CMKLR2	5	0.005
CMPK1	3	0.005
CMPK2	5	0.005
CMSS1	1	0.005
CMTM1	2	0.005
CMTM2	3	0.005
CMTM3	0	0.005
CMTM4	0	0.005
CMTM5	2	0.005
CMTM6	2	0.005
CMTM7	0	0.005
CMTM8	2	0.005
CMTR1	0	0.005
CMTR2	8	0.005
CMYA5	79	0.005
CNBD1	7	0.005
CNBD2	8	0.005
CNBP	0	0.005
CNDP1	10	0.005
CNDP2	3	0.005
CNEP1R1	0	0.005
CNFN	0	0.005
CNGA1	5	0.005
CNGA2	7	0.005
CNGA3	7	0.005
CNGA4	6	0.005
CNGB1	23	0.005
CNGB3	13	0.005
CNIH1	0	0.005
CNIH2	0	0.005
CNIH3	0	0.005
CNIH4	0	0.005
CNKSR1	11	0.005
CNKSR2	1	0.005
CNKSR3	1	0.005
CNMD	2	0.005
CNN1	2	0.005
CNN2	0	0.005
CNN3	2	0.005
CNNM1	4	0.005
CNNM2	2	0.005
CNNM3	4	0.005
CNNM4	2	0.005
CNOT1	2	0.005
CNOT10	2	0.005
CNOT11	0	0.005
CNOT2	0	0.005
CNOT3	2	0.005
CNOT4	3	0.005
CNOT6	2	0.005
CNOT6L	0	0.005
CNOT7	0	0.005
CNOT8	0	0.005
CNOT9	0	0.005
CNP	1	0.005
CNPPD1	7	0.005
CNPY1	1	0.005
CNPY2	0	0.005
CNPY3	1	0.005
CNPY4	2	0.005
CNR1	0	0.005
CNR2	3	0.005
CNRIP1	2	0.005
CNST	10	0.005
CNTD1	4	0.005
CNTF	3	0.005
CNTFR	1	0.005
CNTLN	15	0.005
CNTN1	3	0.005
CNTN2	9	0.005
CNTN3	6	0.005
CNTN4	4	0.005
CNTN5	11	0.005
CNTN6	8	0.005
CNTNAP1	1	0.005
CNTNAP2	5	0.005
CNTNAP3	4	0.005
CNTNAP3B	4	0.005
CNTNAP4	14	0.005
CNTNAP5	4	0.005
CNTRL	12	0.005
CNTROB	8	0.005
COA1	0	0.005
COA3	0	0.005
COA4	2	0.005
COA5	0	0.005
COA6	3	0.005
COA7	1	0.005
COA8	6	0.005
COASY	3	0.005
COBL	19	0.005
COBLL1	10	0.005
COCH	5	0.003
COG1	7	0.005
COG2	3	0.005
COG3	4	0.005
COG4	2	0.005
COG5	9	0.005
COG6	8	0.005
COG7	5	0.005
COG8	6	0.005
COIL	4	0.005
COL10A1	9	0.005
COL11A1	9	0.005
COL11A2	11	0.005
COL12A1	17	0.005
COL13A1	8	0.005
COL14A1	15	0.005
COL15A1	24	0.005
COL16A1	16	0.005
COL17A1	13	0.005
COL18A1	21	0.005
COL19A1	11	0.005
COL1A1	4	0.005
COL1A2	2	0.005
COL20A1	17	0.005
COL21A1	10	0.005
COL22A1	13	0.005
COL23A1	6	0.005
COL24A1	24	0.005
COL25A1	3	0.005
COL26A1	5	0.005
COL27A1	26	0.005
COL28A1	23	0.005
COL2A1	9	0.005
COL3A1	6	0.005
COL4A1	8	0.005
COL4A2	15	0.005
COL4A3	20	0.005
COL4A4	20	0.005
COL4A5	8	0.005
COL4A6	9	0.005
COL5A1	11	0.005
COL5A2	7	0.005
COL5A3	15	0.005
COL6A1	11	0.005
COL6A2	21	0.005
COL6A3	48	0.005
COL6A5	36	0.005
COL6A6	29	0.005
COL7A1	11	0.005
COL8A1	0	0.005
COL8A2	5	0.005
COL9A1	4	0.005
COL9A2	10	0.005
COL9A3	11	0.005
COLEC10	0	0.005
COLEC11	2	0.005
COLEC12	7	0.005
COLGALT1	1	0.005
COLGALT2	9	0.005
COLQ	4	0.005
COMMD1	1	0.005
COMMD10	2	0.005
COMMD2	2	0.005
COMMD3	1	0.005
COMMD4	5	0.005
COMMD5	3	0.005
COMMD6	1	0.005
COMMD7	0	0.005
COMMD8	4	0.005
COMMD9	1	0.005
COMP	3	0.005
COMT	4	0.005
COMTD1	5	0.005
COP1	4	0.005
COPA	2	0.005
COPB1	0	0.005
COPB2	2	0.005
COPE	4	0.005
COPG1	3	0.005
COPG2	3	0.005
COPRS	1	0.005
COPS2	0	0.005
COPS3	0	0.005
COPS4	0	0.005
COPS5	0	0.005
COPS6	0	0.005
COPS7A	0	0.005
COPS7B	1	0.005
COPS8	1	0.005
COPS9	0	0.005
COPZ1	0	0.005
COPZ2	1	0.005
COQ10A	1	0.005
COQ10B	0	0.005
COQ2	6	0.005
COQ3	6	0.005
COQ4	5	0.005
COQ5	1	0.005
COQ6	6	0.005
COQ7	5	0.005
COQ8A	3	0.005
COQ8B	6	0.005
COQ9	6	0.005
CORIN	7	0.005
CORO1A	0	0.005
CORO1B	3	0.005
CORO1C	0	0.005
CORO2A	2	0.005
CORO2B	0	0.005
CORO6	1	0.005
CORO7	12	0.005
CORT	0	0.005
COTL1	0	0.005
COX10	7	0.005
COX11	1	0.005
COX14	0	0.005
COX15	2	0.005
COX16	1	0.005
COX17	0	0.005
COX18	2	0.005
COX19	2	0.005
COX20	2	0.005
COX4I1	1	0.005
COX4I2	2	0.005
COX5A	0	0.005
COX5B	2	0.005
COX6A1	0	0.005
COX6A2	0	0.005
COX6B1	0	0.005
COX6B2	0	0.005
COX6C	0	0.005
COX7A1	0	0.005
COX7A2	1	0.005
COX7A2L	2	0.005
COX7B	1	0.005
COX7B2	0	0.005
COX7C	0	0.005
COX8A	1	0.005
COX8C	1	0.005
COXFA4	0	0.005
COXFA4L2	0	0.005
COXFA4L3	0	0.005
CP	12	0.005
CPA1	3	0.005
CPA2	4	0.005
CPA3	8	0.005
CPA4	4	0.005
CPA5	7	0.005
CPA6	4	0.005
CPAMD8	39	0.005
CPAP	0	0.005
CPB1	6	0.005
CPB2	3	0.005
CPD	5	0.005
CPE	2	0.005
CPEB1	2	0.005
CPEB2	12	0.005
CPEB3	1	0.005
CPEB4	1	0.005
CPED1	8	0.005
CPHXL	4	0.005
CPHXL2	5	0.005
CPLANE1	27	0.005
CPLANE2	3	0.005
CPLX1	0	0.005
CPLX2	1	0.005
CPLX3	1	0.005
CPLX4	0	0.005
CPM	2	0.005
CPN1	1	0.005
CPN2	8	0.005
CPNE1	10	0.005
CPNE2	1	0.005
CPNE3	5	0.005
CPNE4	0	0.005
CPNE5	3	0.005
CPNE6	1	0.005
CPNE7	4	0.005
CPNE8	1	0.005
CPNE9	2	0.005
CPO	5	0.005
CPOX	4	0.005
CPPED1	8	0.005
CPQ	8	0.005
CPS1	13	0.005
CPSF1	6	0.005
CPSF2	1	0.005
CPSF3	1	0.005
CPSF4	0	0.005
CPSF4L	1	0.005
CPSF6	0	0.005
CPSF7	0	0.005
CPT1A	6	0.005
CPT1B	5	0.005
CPT1C	2	0.005
CPT2	7	0.005
CPTP	4	0.005
CPVL	9	0.005
CPXCR1	4	0.005
CPXM1	7	0.005
CPXM2	6	0.005
CPZ	14	0.005
CR1	31	0.005
CR1L	24	0.005
CR2	12	0.005
CRABP1	1	0.005
CRABP2	0	0.005
CRACD	20	0.005
CRACDL	9	0.005
CRACR2A	14	0.005
CRACR2B	5	0.005
CRADD	2	0.005
CRAMP1	7	0.005
CRAT	5	0.005
CRB1	5	0.005
CRB2	18	0.005
CRB3	0	0.005
CRBN	1	0.005
CRCP	1	0.005
CRCT1	2	0.005
CREB1	0	0.005
CREB3	2	0.005
CREB3L1	10	0.005
CREB3L2	2	0.005
CREB3L3	3	0.005
CREB3L4	5	0.005
CREB5	0	0.005
CREBBP	9	0.005
CREBL2	0	0.005
CREBRF	0	0.005
CREBZF	1	0.005
CREG1	0	0.005
CREG2	5	0.005
CRELD1	3	0.005
CRELD2	10	0.005
CREM	0	0.005
CRH	1	0.005
CRHBP	0	0.005
CRHR1	2	0.005
CRHR2	5	0.005
CRIM1	4	0.005
CRIP1	3	0.005
CRIP2	1	0.005
CRIP3	1	0.005
CRIPT	0	0.005
CRIPTO	0	0.005
CRIPTO3	0	0.005
CRISP1	1	0.005
CRISP2	3	0.005
CRISP3	4	0.005
CRISPLD1	2	0.005
CRISPLD2	8	0.005
CRK	0	0.005
CRKL	1	0.005
CRLF1	1	0.005
CRLF2	7	0.005
CRLF3	1	0.005
CRLS1	3	0.005
CRMP1	3	0.005
CRNKL1	1	0.005
CRNN	6	0.005
CROCC	49	0.005
CROCC2	33	0.005
CROT	5	0.005
CRP	0	0.005
CRPPA	8	0.005
CRTAC1	2	0.005
CRTAM	4	0.005
CRTAP	1	0.005
CRTC1	2	0.005
CRTC2	5	0.005
CRTC3	2	0.005
CRX	5	0.005
CRY1	0	0.005
CRY2	0	0.005
CRYAA	0	0.005
CRYAB	0	0.005
CRYBA1	2	0.005
CRYBA2	1	0.005
CRYBA4	2	0.005
CRYBB1	2	0.005
CRYBB2	2	0.005
CRYBB3	5	0.005
CRYBG1	33	0.005
CRYBG2	28	0.005
CRYBG3	34	0.005
CRYGA	2	0.005
CRYGB	2	0.005
CRYGC	2	0.005
CRYGD	1	0.005
CRYGN	1	0.005
CRYGS	0	0.005
CRYL1	0	0.005
CRYM	2	0.005
CRYZ	3	0.005
CRYZL1	3	0.005
CS	0	0.005
CSAD	4	0.005
CSAG1	2	0.005
CSAG2	0	0.005
CSAG3	0	0.005
CSDC2	0	0.005
CSDE1	0	0.005
CSE1L	1	0.005
CSF1	5	0.005
CSF1R	8	0.005
CSF2	1	0.005
CSF2RA	6	0.005
CSF2RB	10	0.005
CSF3	2	0.005
CSF3R	9	0.005
CSGALNACT1	11	0.005
CSGALNACT2	2	0.005
CSH1	1	0.005
CSH2	0	0.005
CSHL1	8	0.005
CSK	3	0.005
CSKMT	3	0.005
CSMD1	25	0.005
CSMD2	27	0.005
CSMD3	16	0.005
CSN1S1	3	0.005
CSN2	2	0.005
CSN3	5	0.005
CSNK1A1	0	0.005
CSNK1A1L	6	0.005
CSNK1D	0	0.005
CSNK1E	1	0.005
CSNK1G1	1	0.005
CSNK1G2	2	0.005
CSNK1G3	0	0.005
CSNK2A1	0	0.005
CSNK2A2	0	0.005
CSNK2A2IP	0	0.005
CSNK2A3	6	0.005
CSNK2B	0	0.005
CSPG4	20	0.005
CSPG5	3	0.005
CSPP1	11	0.005
CSRNP1	2	0.005
CSRNP2	3	0.005
CSRNP3	3	0.005
CSRP1	2	0.005
CSRP2	0	0.005
CSRP3	0	0.005
CST1	4	0.005
CST11	2	0.005
CST2	4	0.005
CST3	3	0.005
CST4	4	0.005
CST5	5	0.005
CST6	1	0.005
CST7	2	0.005
CST8	3	0.005
CST9	5	0.005
CST9L	3	0.005
CSTA	2	0.005
CSTB	0	0.005
CSTF1	0	0.005
CSTF2	0	0.005
CSTF2T	1	0.005
CSTF3	0	0.005
CSTL1	7	0.005
CSTPP1	2	0.005
CT45A1	0	0.005
CT45A10	3	0.005
CT45A2	0	0.005
CT45A3	0	0.005
CT45A5	0	0.005
CT45A6	0	0.005
CT45A7	0	0.005
CT45A8	0	0.005
CT45A9	0	0.005
CT47A1	0	0.005
CT47A10	0	0.005
CT47A11	0	0.005
CT47A2	1	0.005
CT47A3	0	0.005
CT47A4	0	0.005
CT47A5	0	0.005
CT47A6	0	0.005
CT47A7	0	0.005
CT47A8	0	0.005
CT47A9	0	0.005
CT47B1	7	0.005
CT47C1	5	0.005
CT55	0	0.005
CT83	0	0.005
CTAG1A	0	0.005
CTAG1B	0	0.005
CTAG2	4	0.005
CTAGE1	12	0.005
CTAGE15	3	0.005
CTAGE4	2	0.005
CTAGE6	6	0.005
CTAGE8	7	0.005
CTAGE9	5	0.005
CTBP1	0	0.005
CTBP2	0	0.005
CTBS	6	0.005
CTC1	9	0.005
CTCF	1	0.005
CTCFL	10	0.005
CTDNEP1	1	0.005
CTDP1	7	0.005
CTDSP1	1	0.005
CTDSP2	0	0.005
CTDSPL	1	0.005
CTDSPL2	2	0.005
CTF1	0	0.005
CTH	2	0.005
CTHRC1	1	0.005
CTIF	1	0.005
CTLA4	2	1.11e-06
CTNNA1	2	0.005
CTNNA2	2	0.005
CTNNA3	9	0.005
CTNNAL1	7	0.005
CTNNB1	0	0.005
CTNNBIP1	0	0.005
CTNNBL1	1	0.005
CTNND1	5	0.005
CTNND2	2	0.005
CTNS	4	0.005
CTPS1	0	0.005
CTPS2	0	0.005
CTR9	2	0.005
CTRB1	1	0.005
CTRB2	4	0.005
CTRC	2	0.005
CTRL	6	0.005
CTSA	1	0.005
CTSB	10	0.005
CTSC	2	0.005
CTSD	2	0.005
CTSE	5	0.005
CTSF	4	0.005
CTSG	3	0.005
CTSH	5	0.005
CTSK	0	0.005
CTSL	2	0.005
CTSO	2	0.005
CTSS	2	0.005
CTSV	2	0.005
CTSW	2	0.005
CTSZ	5	0.005
CTTN	4	0.005
CTTNBP2	8	0.005
CTTNBP2NL	4	0.005
CTU1	4	0.005
CTU2	14	0.005
CTXN1	0	0.005
CTXN2	1	0.005
CTXN3	3	0.005
CTXND1	0	0.005
CTXND2	0	0.005
CUBN	54	0.005
CUEDC1	3	0.005
CUEDC2	0	0.005
CUL1	0	0.005
CUL2	0	0.005
CUL3	1	0.005
CUL4A	2	0.005
CUL4B	0	0.005
CUL5	0	0.005
CUL7	21	0.005
CUL9	15	0.005
CUTA	4	0.005
CUTC	0	0.005
CUX1	4	0.005
CUX2	5	0.005
CUZD1	11	0.005
CWC15	0	0.005
CWC22	8	0.005
CWC25	3	0.005
CWC27	1	0.005
CWF19L1	8	0.005
CWF19L2	11	0.005
CWH43	5	0.005
CX3CL1	3	0.005
CX3CR1	4	0.005
CXADR	1	0.005
CXCL1	1	0.005
CXCL10	1	0.005
CXCL11	0	0.005
CXCL12	0	0.005
CXCL13	1	0.005
CXCL14	0	0.005
CXCL16	4	0.005
CXCL17	1	0.005
CXCL2	2	0.005
CXCL3	1	0.005
CXCL5	0	0.005
CXCL6	1	0.005
CXCL8	0	0.005
CXCL9	0	0.005
CXCR1	8	0.005
CXCR2	2	0.005
CXCR3	0	0.005
CXCR4	0	0.005
CXCR5	1	0.005
CXCR6	1	0.005
CXXC1	1	0.005
CXXC4	2	0.005
CXXC5	1	0.005
CXorf38	2	0.005
CXorf49	0	0.005
CXorf49B	0	0.005
CXorf51A	0	0.005
CXorf51B	0	0.005
CXorf58	4	0.005
CXorf65	1	0.005
CXorf66	4	0.005
CYB561	0	0.005
CYB561A3	1	0.005
CYB561D1	2	0.005
CYB561D2	2	0.005
CYB5A	1	0.005
CYB5B	1	0.005
CYB5D1	1	0.005
CYB5D2	1	0.005
CYB5R1	3	0.005
CYB5R2	7	0.005
CYB5R3	4	0.005
CYB5R4	5	0.005
CYB5RL	6	0.005
CYBA	5	0.005
CYBB	2	0.005
CYBC1	1	0.005
CYBRD1	2	0.005
CYC1	2	0.005
CYCS	0	0.005
CYFIP1	6	0.005
CYFIP2	2	0.005
CYGB	0	0.005
CYLC1	10	0.005
CYLC2	11	0.005
CYLD	1	0.005
CYP11A1	3	0.005
CYP11B1	6	0.005
CYP11B2	10	0.005
CYP17A1	0	0.005
CYP19A1	3	0.005
CYP1A1	12	0.005
CYP1A2	7	0.005
CYP1B1	7	0.01
CYP20A1	3	0.005
CYP21A2	9	0.005
CYP24A1	6	0.005
CYP26A1	1	0.005
CYP26B1	8	0.005
CYP26C1	3	0.005
CYP27A1	6	0.005
CYP27B1	1	0.005
CYP27C1	3	0.005
CYP2A13	7	0.005
CYP2A6	17	0.005
CYP2A7	25	0.005
CYP2B6	12	0.005
CYP2C18	11	0.005
CYP2C19	11	0.005
CYP2C8	7	0.005
CYP2C9	7	0.005
CYP2D6	20	0.005
CYP2E1	4	0.005
CYP2F1	15	0.005
CYP2J2	1	0.005
CYP2R1	0	0.005
CYP2S1	2	0.005
CYP2U1	2	0.005
CYP2W1	11	0.005
CYP39A1	9	0.005
CYP3A4	4	0.005
CYP3A43	3	0.005
CYP3A5	3	0.005
CYP3A7	2	0.005
CYP46A1	1	0.005
CYP4A11	5	0.005
CYP4A22	19	0.005
CYP4B1	14	0.005
CYP4F11	8	0.005
CYP4F12	25	0.005
CYP4F2	6	0.005
CYP4F22	5	0.005
CYP4F3	9	0.005
CYP4F8	7	0.005
CYP4V2	7	0.005
CYP4X1	2	0.005
CYP4Z1	4	0.005
CYP51A1	3	0.005
CYP7A1	2	0.005
CYP7B1	3	0.005
CYP8B1	4	0.005
CYREN	1	0.005
CYRIA	0	0.005
CYRIB	0	0.005
CYS1	5	0.005
CYSLTR1	1	0.005
CYSLTR2	9	0.005
CYSRT1	3	0.005
CYSTM1	0	0.005
CYTH1	1	0.005
CYTH2	0	0.005
CYTH3	1	0.005
CYTH4	3	0.005
CYTIP	3	0.005
CYTL1	1	0.005
CYYR1	2	0.005
CZIB	0	0.005
D2HGDH	8	0.005
DAAM1	2	0.005
DAAM2	12	0.005
DAB1	4	0.005
DAB2	7	0.005
DAB2IP	8	0.005
DACH1	2	0.005
DACH2	2	0.005
DACT1	8	0.005
DACT2	15	0.005
DACT3	3	0.005
DAD1	0	0.005
DAG1	6	0.005
DAGLA	4	0.005
DAGLB	11	0.005
DALRD3	2	0.005
DAND5	1	0.005
DAO	1	0.005
DAOA	3	0.005
DAP	0	0.005
DAP3	3	0.005
DAPK1	5	0.005
DAPK2	3	0.005
DAPK3	2	0.005
DAPL1	3	0.005
DAPP1	0	0.005
DARS1	2	0.005
DARS2	3	0.005
DAW1	6	0.005
DAXX	2	0.005
DAZ1	0	0.005
DAZ2	0	0.005
DAZ3	0	0.005
DAZ4	0	0.005
DAZAP1	0	0.005
DAZAP2	0	0.005
DAZL	2	0.005
DBF4	5	0.005
DBF4B	6	0.005
DBH	9	0.005
DBI	2	0.005
DBN1	6	0.005
DBNDD1	0	0.005
DBNDD2	0	0.005
DBNL	2	0.005
DBP	1	0.005
DBR1	4	0.005
DBT	6	0.005
DBX1	3	0.005
DBX2	4	0.005
DCAF1	1	0.005
DCAF10	0	0.005
DCAF11	2	0.005
DCAF12	2	0.005
DCAF12L1	1	0.005
DCAF12L2	1	0.005
DCAF13	3	0.005
DCAF15	3	0.005
DCAF16	3	0.005
DCAF17	1	0.005
DCAF4	10	0.005
DCAF4L1	0	0.005
DCAF4L2	3	0.005
DCAF5	2	0.005
DCAF6	3	0.005
DCAF7	0	0.005
DCAF8	0	0.005
DCAF8L1	5	0.005
DCAF8L2	7	0.005
DCAKD	3	0.005
DCANP1	11	0.005
DCBLD1	5	0.005
DCBLD2	7	0.005
DCC	11	0.005
DCD	3	0.005
DCDC1	21	0.005
DCDC2	5	0.005
DCDC2B	5	0.005
DCDC2C	6	0.005
DCHS1	29	0.005
DCHS2	60	0.005
DCK	3	0.005
DCLK1	1	0.005
DCLK2	3	0.005
DCLK3	4	0.005
DCLRE1A	15	0.005
DCLRE1B	2	0.005
DCLRE1C	15	0.00078
DCN	3	0.005
DCP1A	6	0.005
DCP1B	10	0.005
DCP2	0	0.005
DCPH1	0	0.005
DCPS	4	0.005
DCST1	6	0.005
DCST2	7	0.005
DCSTAMP	7	0.005
DCT	2	0.005
DCTD	0	0.005
DCTN1	6	0.005
DCTN2	2	0.005
DCTN3	1	0.005
DCTN4	4	0.005
DCTN5	0	0.005
DCTN6	0	0.005
DCTPP1	3	0.005
DCUN1D1	0	0.005
DCUN1D2	1	0.005
DCUN1D3	0	0.005
DCUN1D4	0	0.005
DCUN1D5	0	0.005
DCX	0	0.005
DCXR	1	0.005
DDA1	0	0.005
DDAH1	1	0.005
DDAH2	1	0.005
DDB1	0	0.005
DDB2	0	0.005
DDC	5	0.005
DDHD1	5	0.005
DDHD2	4	0.005
DDI1	7	0.005
DDI2	2	0.005
DDIAS	9	0.005
DDIT3	0	0.005
DDIT4	0	0.005
DDIT4L	2	0.005
DDN	4	0.005
DDO	8	0.005
DDOST	2	0.005
DDR1	3	0.005
DDR2	3	0.005
DDRGK1	3	0.005
DDT	1	0.005
DDTL	1	0.005
DDX1	1	0.005
DDX10	3	0.005
DDX11	17	0.005
DDX17	1	0.005
DDX18	9	0.005
DDX19A	0	0.005
DDX19B	2	0.005
DDX20	12	0.005
DDX21	2	0.005
DDX23	0	0.005
DDX24	13	0.005
DDX25	1	0.005
DDX27	4	0.005
DDX28	5	0.005
DDX31	11	0.005
DDX39A	1	0.005
DDX39B	0	0.005
DDX3X	0	0.005
DDX3Y	0	0.005
DDX4	2	0.005
DDX41	0	0.005
DDX42	1	0.005
DDX43	7	0.005
DDX46	0	0.005
DDX47	2	0.005
DDX49	4	0.005
DDX5	1	0.005
DDX50	1	0.005
DDX51	14	0.005
DDX52	4	0.005
DDX53	8	0.005
DDX54	13	0.005
DDX55	6	0.005
DDX56	2	0.005
DDX59	6	0.005
DDX6	2	0.005
DDX60	11	0.005
DDX60L	16	0.005
DEAF1	4	0.005
DECR1	0	0.005
DECR2	2	0.005
DEDD	0	0.005
DEDD2	1	0.005
DEF6	4	0.005
DEF8	2	0.005
DEFA1	0	0.005
DEFA1B	0	0.005
DEFA3	0	0.005
DEFA4	4	0.005
DEFA5	2	0.005
DEFA6	3	0.005
DEFB1	2	0.005
DEFB103A	0	0.005
DEFB103B	0	0.005
DEFB104A	0	0.005
DEFB104B	0	0.005
DEFB105A	1	0.005
DEFB105B	0	0.005
DEFB106A	0	0.005
DEFB106B	0	0.005
DEFB107A	0	0.005
DEFB107B	0	0.005
DEFB108B	7	0.005
DEFB109B	2	0.005
DEFB110	0	0.005
DEFB112	2	0.005
DEFB113	0	0.005
DEFB114	0	0.005
DEFB115	1	0.005
DEFB116	4	0.005
DEFB118	1	0.005
DEFB119	0	0.005
DEFB121	0	0.005
DEFB123	0	0.005
DEFB124	2	0.005
DEFB125	1	0.005
DEFB126	3	0.005
DEFB127	3	0.005
DEFB128	4	0.005
DEFB129	4	0.005
DEFB130A	0	0.005
DEFB130B	0	0.005
DEFB131A	1	0.005
DEFB131B	0	0.005
DEFB132	4	0.005
DEFB134	0	0.005
DEFB135	1	0.005
DEFB136	0	0.005
DEFB4A	0	0.005
DEFB4B	0	0.005
DEGS1	3	0.005
DEGS2	4	0.005
DEK	1	0.005
DELE1	6	0.005
DENND10	2	0.005
DENND11	1	0.005
DENND1A	8	0.005
DENND1B	4	0.005
DENND1C	13	0.005
DENND2A	9	0.005
DENND2B	10	0.005
DENND2C	9	0.005
DENND2D	2	0.005
DENND3	14	0.005
DENND4A	6	0.005
DENND4B	0	0.005
DENND4C	15	0.005
DENND5A	3	0.005
DENND5B	5	0.005
DENND6A	0	0.005
DENND6B	2	0.005
DENR	0	0.005
DEPDC1	4	0.005
DEPDC1B	1	0.005
DEPDC4	7	0.005
DEPDC5	9	0.005
DEPDC7	4	0.005
DEPP1	2	0.005
DEPTOR	6	0.005
DERA	1	0.005
DERL1	1	0.005
DERL2	0	0.005
DERL3	5	0.005
DERPC	6	0.005
DES	1	0.005
DESI1	0	0.005
DESI2	0	0.005
DET1	0	0.005
DEUP1	8	0.005
DEXI	0	0.005
DFFA	5	0.005
DFFB	3	0.005
DGAT1	4	0.005
DGAT2	3	0.005
DGAT2L6	2	0.005
DGCR2	3	0.005
DGCR6	0	0.005
DGCR6L	3	0.005
DGCR8	2	0.005
DGKA	3	0.005
DGKB	3	0.005
DGKD	1	0.005
DGKE	2	0.005
DGKG	3	0.005
DGKH	6	0.005
DGKI	2	0.005
DGKK	4	0.005
DGKQ	5	0.005
DGKZ	3	0.005
DGLUCY	15	0.005
DGUOK	2	0.005
DHCR24	1	0.005
DHCR7	3	0.005
DHDDS	2	0.005
DHDH	11	0.005
DHFR	1	0.005
DHFR2	2	0.005
DHH	1	0.005
DHODH	3	0.005
DHPS	1	0.005
DHRS1	2	0.005
DHRS11	3	0.005
DHRS12	3	0.005
DHRS13	3	0.005
DHRS2	8	0.005
DHRS3	2	0.005
DHRS4	5	0.005
DHRS4L2	13	0.005
DHRS7	3	0.005
DHRS7B	3	0.005
DHRS7C	4	0.005
DHRS9	5	0.005
DHRSX	6	0.005
DHTKD1	11	0.005
DHX15	0	0.005
DHX16	8	0.005
DHX29	2	0.005
DHX30	1	0.005
DHX32	6	0.005
DHX33	5	0.005
DHX34	17	0.005
DHX35	9	0.005
DHX36	1	0.005
DHX37	15	0.005
DHX38	5	0.005
DHX40	0	0.005
DHX57	9	0.005
DHX58	7	0.005
DHX8	1	0.005
DHX9	0	0.005
DIABLO	1	0.005
DIAPH1	4	0.005
DIAPH2	1	0.005
DIAPH3	11	0.005
DICER1	22	0.0003
DIDO1	19	0.005
DIMT1	0	0.005
DIO1	1	0.005
DIO2	1	0.005
DIO3	1	0.005
DIP2A	4	0.005
DIP2B	4	0.005
DIP2C	2	0.005
DIPK1A	2	0.005
DIPK1B	5	0.005
DIPK1C	6	0.005
DIPK2A	1	0.005
DIPK2B	10	0.005
DIRAS1	0	0.005
DIRAS2	0	0.005
DIRAS3	2	0.005
DIS3	7	0.005
DIS3L	6	0.005
DIS3L2	2	0.005
DISC1	14	0.005
DISP1	17	0.005
DISP2	13	0.005
DISP3	14	0.005
DIXDC1	2	0.005
DKC1	2	0.005
DKK1	1	0.005
DKK2	4	0.005
DKK3	6	0.005
DKK4	1	0.005
DKKL1	9	0.005
DLAT	7	0.005
DLC1	18	0.005
DLD	1	0.005
DLEC1	20	0.005
DLEU7	7	0.005
DLG1	6	0.005
DLG2	2	0.005
DLG3	1	0.005
DLG4	0	0.005
DLG5	12	0.005
DLGAP1	2	0.005
DLGAP2	9	0.005
DLGAP3	3	0.005
DLGAP4	8	0.005
DLGAP5	5	0.005
DLK1	7	0.005
DLK2	3	0.005
DLL1	3	0.005
DLL3	7	0.005
DLL4	1	0.005
DLST	3	0.005
DLX1	0	0.005
DLX2	0	0.005
DLX3	1	0.005
DLX4	2	0.005
DLX5	1	0.005
DLX6	0	0.005
DMAC1	2	0.005
DMAC2	6	0.005
DMAC2L	2	0.005
DMAP1	0	0.005
DMBT1	48	0.005
DMBX1	1	0.005
DMC1	1	0.005
DMD	26	0.005
DMGDH	5	0.005
DMKN	9	0.005
DMP1	6	0.005
DMPK	4	0.005
DMRT1	3	0.005
DMRT2	10	0.005
DMRT3	10	0.005
DMRTA1	5	0.005
DMRTA2	3	0.005
DMRTB1	7	0.005
DMRTC1	1	0.005
DMRTC1B	0	0.005
DMRTC2	1	0.005
DMTF1	5	0.005
DMTN	2	0.005
DMWD	2	0.005
DMXL1	27	0.005
DMXL2	16	0.005
DNA2	4	0.005
DNAAF1	26	0.005
DNAAF10	3	0.005
DNAAF11	7	0.005
DNAAF19	0	0.005
DNAAF2	9	0.005
DNAAF3	6	0.005
DNAAF4	4	0.005
DNAAF5	9	0.005
DNAAF6	0	0.005
DNAAF8	15	0.005
DNAAF9	6	0.005
DNAH1	41	0.005
DNAH10	46	0.005
DNAH11	68	0.005
DNAH12	38	0.005
DNAH14	68	0.005
DNAH17	78	0.005
DNAH2	37	0.005
DNAH3	49	0.005
DNAH5	45	0.005
DNAH6	23	0.005
DNAH7	53	0.005
DNAH8	36	0.005
DNAH9	51	0.005
DNAI1	6	0.005
DNAI2	10	0.005
DNAI3	6	0.005
DNAI4	9	0.005
DNAI7	5	0.005
DNAJA1	0	0.005
DNAJA2	1	0.005
DNAJA3	3	0.005
DNAJA4	2	0.005
DNAJB1	0	0.005
DNAJB11	1	0.005
DNAJB12	3	0.005
DNAJB13	3	0.005
DNAJB14	1	0.005
DNAJB2	2	0.005
DNAJB4	0	0.005
DNAJB5	0	0.005
DNAJB6	1	0.005
DNAJB7	4	0.005
DNAJB8	4	0.005
DNAJB9	2	0.005
DNAJC1	0	0.005
DNAJC10	6	0.005
DNAJC11	3	0.005
DNAJC12	2	0.005
DNAJC13	13	0.005
DNAJC14	1	0.005
DNAJC15	2	0.005
DNAJC16	1	0.005
DNAJC17	3	0.005
DNAJC18	2	0.005
DNAJC19	0	0.005
DNAJC2	3	0.005
DNAJC21	5	0.005
DNAJC22	4	0.005
DNAJC24	1	0.005
DNAJC25	2	0.005
DNAJC27	0	0.005
DNAJC28	1	0.005
DNAJC3	1	0.005
DNAJC30	4	0.005
DNAJC4	4	0.005
DNAJC5	0	0.005
DNAJC5B	2	0.005
DNAJC5G	3	0.005
DNAJC6	6	0.005
DNAJC7	1	0.005
DNAJC8	0	0.005
DNAJC9	3	0.005
DNAL1	0	0.005
DNAL4	0	0.005
DNALI1	2	0.005
DNASE1	7	0.005
DNASE1L1	2	0.005
DNASE1L2	1	0.005
DNASE1L3	3	0.005
DNASE2	3	0.005
DNASE2B	5	0.005
DND1	1	0.005
DNER	6	0.005
DNHD1	61	0.005
DNLZ	8	0.005
DNM1	2	0.005
DNM1L	0	0.005
DNM2	10	1.5e-07
DNM3	2	0.005
DNMBP	11	0.005
DNMT1	5	0.005
DNMT3A	0	0.005
DNMT3B	3	0.005
DNMT3L	1	0.005
DNPEP	7	0.005
DNPH1	0	0.005
DNTT	5	0.005
DNTTIP1	2	0.005
DNTTIP2	5	0.005
DOC2A	4	0.005
DOC2B	1	0.005
DOCK1	4	0.005
DOCK10	12	0.005
DOCK11	5	0.005
DOCK2	13	0.005
DOCK3	0	0.005
DOCK4	10	0.005
DOCK5	11	0.005
DOCK6	22	0.005
DOCK7	5	0.005
DOCK8	18	0.005
DOCK9	5	0.005
DOHH	0	0.005
DOK1	2	0.005
DOK2	5	0.005
DOK3	4	0.005
DOK4	2	0.005
DOK5	1	0.005
DOK6	2	0.005
DOK7	14	0.005
DOLK	2	0.005
DOLPP1	0	0.005
DONSON	4	0.005
DOP1A	8	0.005
DOP1B	20	0.005
DORIP1	0	0.005
DOT1L	8	0.005
DPAGT1	1	0.005
DPCD	4	0.005
DPEP1	3	0.005
DPEP2	4	0.005
DPEP2NB	0	0.005
DPEP3	6	0.005
DPF1	0	0.005
DPF2	0	0.005
DPF3	1	0.005
DPH1	6	0.005
DPH2	1	0.005
DPH3	0	0.005
DPH5	2	0.005
DPH6	4	0.005
DPH7	5	0.005
DPM1	0	0.005
DPM2	1	0.005
DPM3	0	0.005
DPP10	7	0.005
DPP3	9	0.005
DPP4	2	0.005
DPP6	6	0.005
DPP7	10	0.005
DPP8	1	0.005
DPP9	5	0.005
DPPA2	1	0.005
DPPA3	3	0.005
DPPA4	1	0.005
DPPA5	0	0.005
DPRX	0	0.005
DPT	6	0.005
DPY19L1	1	0.005
DPY19L2	6	0.005
DPY19L3	3	0.005
DPY19L4	6	0.005
DPY30	0	0.005
DPYD	12	0.005
DPYS	3	0.005
DPYSL2	3	0.005
DPYSL3	3	0.005
DPYSL4	2	0.005
DPYSL5	2	0.005
DQX1	4	0.005
DR1	1	0.005
DRAM1	0	0.005
DRAM2	1	0.005
DRAP1	0	0.005
DRAXIN	10	0.005
DRC1	14	0.005
DRC10	0	0.005
DRC11	0	0.005
DRC11L	0	0.005
DRC12	0	0.005
DRC2	0	0.005
DRC3	9	0.005
DRC4	0	0.005
DRC5	0	0.005
DRC7	16	0.005
DRC8	0	0.005
DRC9	0	0.005
DRD1	1	0.005
DRD2	2	0.005
DRD3	3	0.005
DRD4	9	0.005
DRD5	4	0.005
DRG1	0	0.005
DRG2	3	0.005
DRGX	1	0.005
DRICH1	8	0.005
DROSHA	4	0.005
DRP2	3	0.005
DSC1	11	0.005
DSC2	6	0.005
DSC3	8	0.005
DSCAM	3	0.005
DSCAML1	6	0.005
DSCC1	2	0.005
DSE	8	0.005
DSEL	7	0.005
DSG1	23	0.005
DSG2	19	0.005
DSG3	9	0.005
DSG4	17	0.005
DSN1	1	0.005
DSP	23	0.005
DSPP	22	0.005
DST	52	0.005
DSTN	0	0.005
DSTYK	5	0.005
DTD1	1	0.005
DTD2	0	0.005
DTHD1	13	0.005
DTL	5	0.005
DTNA	1	0.005
DTNB	2	0.005
DTNBP1	3	0.005
DTWD1	2	0.005
DTWD2	1	0.005
DTX1	3	0.005
DTX2	6	0.005
DTX3	0	0.005
DTX3L	5	0.005
DTX4	2	0.005
DTYMK	1	0.005
DUOX1	11	0.005
DUOX2	18	0.005
DUOXA1	4	0.005
DUOXA2	2	0.005
DUS1L	2	0.005
DUS2	6	0.005
DUS3L	5	0.005
DUS4L	1	0.005
DUSP1	3	0.005
DUSP10	0	0.005
DUSP11	1	0.005
DUSP12	1	0.005
DUSP13A	4	0.005
DUSP13B	7	0.005
DUSP14	1	0.005
DUSP15	2	0.005
DUSP16	3	0.005
DUSP18	0	0.005
DUSP19	1	0.005
DUSP2	1	0.005
DUSP21	2	0.005
DUSP22	5	0.005
DUSP23	4	0.005
DUSP26	1	0.005
DUSP28	3	0.005
DUSP29	5	0.005
DUSP3	0	0.005
DUSP4	0	0.005
DUSP5	5	0.005
DUSP6	3	0.005
DUSP7	2	0.005
DUSP8	1	0.005
DUSP9	1	0.005
DUT	1	0.005
DUX4	0	0.005
DUXA	3	0.005
DUXB	5	0.005
DVL1	4	0.005
DVL2	4	0.005
DVL3	1	0.005
DXO	3	0.005
DYDC1	1	0.005
DYDC2	3	0.005
DYM	3	0.005
DYNAP	4	0.005
DYNC1H1	2	0.005
DYNC1I1	2	0.005
DYNC1I2	0	0.005
DYNC1LI1	3	0.005
DYNC1LI2	0	0.005
DYNC2H1	21	0.005
DYNC2I1	12	0.005
DYNC2I2	3	0.005
DYNC2LI1	9	0.005
DYNLL1	0	0.005
DYNLL2	0	0.005
DYNLRB1	0	0.005
DYNLRB2	1	0.005
DYNLT1	0	0.005
DYNLT2	3	0.005
DYNLT2B	0	0.005
DYNLT3	0	0.005
DYNLT4	3	0.005
DYNLT5	3	0.005
DYRK1A	1	0.005
DYRK1B	1	0.005
DYRK2	1	0.005
DYRK3	2	0.005
DYRK4	7	0.005
DYSF	53	0.001
DYTN	10	0.005
DZANK1	11	0.005
DZIP1	5	0.005
DZIP1L	9	0.005
DZIP3	3	0.005
E2F1	5	0.005
E2F2	5	0.005
E2F3	3	0.005
E2F4	0	0.005
E2F5	2	0.005
E2F6	2	0.005
E2F7	10	0.005
E2F8	6	0.005
E4F1	5	0.005
EAF1	3	0.005
EAF2	2	0.005
EAPP	3	0.005
EARS2	5	0.005
EBAG9	0	0.005
EBF1	1	0.005
EBF2	1	0.005
EBF3	1	0.005
EBF4	2	0.005
EBI3	3	0.005
EBLN1	6	0.005
EBLN2	6	0.005
EBNA1BP2	4	0.005
EBP	1	0.005
EBPL	0	0.005
ECD	9	0.005
ECE1	2	0.005
ECE2	2	0.005
ECEL1	7	0.005
ECH1	5	0.005
ECHDC1	1	0.005
ECHDC2	3	0.005
ECHDC3	9	0.005
ECHS1	2	0.005
ECI1	5	0.005
ECI2	5	0.005
ECM1	5	0.005
ECM2	6	0.005
ECPAS	7	0.005
ECRG4	2	0.005
ECSCR	0	0.005
ECSIT	6	0.005
ECT2	3	0.005
ECT2L	17	0.005
EDA	3	0.005
EDA2R	1	0.005
EDAR	5	0.005
EDARADD	2	0.005
EDC3	1	0.005
EDC4	2	0.005
EDDM13	2	0.005
EDDM3A	4	0.005
EDDM3B	2	0.005
EDEM1	3	0.005
EDEM2	3	0.005
EDEM3	5	0.005
EDF1	0	0.005
EDIL3	1	0.005
EDN1	2	0.005
EDN2	2	0.005
EDN3	1	0.005
EDNRA	0	0.005
EDNRB	4	0.005
EDRF1	4	0.005
EEA1	9	0.005
EED	0	0.005
EEF1A1	0	0.005
EEF1A2	0	0.005
EEF1AKMT1	0	0.005
EEF1AKMT2	3	0.005
EEF1AKMT3	2	0.005
EEF1AKMT4	5	0.005
EEF1B2	1	0.005
EEF1D	7	0.005
EEF1E1	1	0.005
EEF1G	0	0.005
EEF2	0	0.005
EEF2K	3	0.005
EEF2KMT	9	0.005
EEFSEC	6	0.005
EEIG1	0	0.005
EEIG2	0	0.005
EEPD1	4	0.005
EFCAB10	1	0.005
EFCAB11	3	0.005
EFCAB12	15	0.005
EFCAB13	10	0.005
EFCAB14	5	0.005
EFCAB3	2	0.005
EFCAB5	18	0.005
EFCAB6	30	0.005
EFCAB7	11	0.005
EFCAB8	25	0.005
EFCAB9	2	0.005
EFCC1	9	0.005
EFEMP1	1	0.005
EFEMP2	1	0.005
EFHB	14	0.005
EFHC1	15	0.005
EFHC2	10	0.005
EFHD1	3	0.005
EFHD2	1	0.005
EFL1	12	0.005
EFNA1	2	0.005
EFNA2	0	0.005
EFNA3	1	0.005
EFNA4	0	0.005
EFNA5	1	0.005
EFNB1	2	0.005
EFNB2	0	0.005
EFNB3	2	0.005
EFR3A	8	0.005
EFR3B	0	0.005
EFS	10	0.005
EFTUD2	0	0.005
EGF	17	0.005
EGFL6	10	0.005
EGFL7	3	0.005
EGFL8	3	0.005
EGFLAM	17	0.005
EGFR	3	0.005
EGLN1	4	0.005
EGLN2	2	0.005
EGLN3	1	0.005
EGR1	0	0.005
EGR2	1	0.005
EGR3	0	0.005
EGR4	1	0.005
EHBP1	4	0.005
EHBP1L1	15	0.005
EHD1	0	0.005
EHD2	3	0.005
EHD3	1	0.005
EHD4	3	0.005
EHF	1	0.005
EHHADH	16	0.005
EHMT1	9	0.005
EHMT2	4	0.005
EI24	1	0.005
EID1	0	0.005
EID2	4	0.005
EID2B	0	0.005
EID3	2	0.005
EIF1	0	0.005
EIF1AD	3	0.005
EIF1AX	0	0.005
EIF1AY	0	0.005
EIF1B	0	0.005
EIF2A	1	0.005
EIF2AK1	5	0.005
EIF2AK2	0	0.005
EIF2AK3	7	0.005
EIF2AK4	8	0.005
EIF2B1	1	0.005
EIF2B2	1	0.005
EIF2B3	2	0.005
EIF2B4	1	0.005
EIF2B5	1	0.005
EIF2D	1	0.005
EIF2S1	0	0.005
EIF2S2	1	0.005
EIF2S3	1	0.005
EIF2S3B	9	0.005
EIF3A	6	0.005
EIF3B	7	0.005
EIF3C	0	0.005
EIF3CL	0	0.005
EIF3D	0	0.005
EIF3E	0	0.005
EIF3F	3	0.005
EIF3G	0	0.005
EIF3H	0	0.005
EIF3I	0	0.005
EIF3J	2	0.005
EIF3K	1	0.005
EIF3L	0	0.005
EIF3M	1	0.005
EIF4A1	0	0.005
EIF4A2	0	0.005
EIF4A3	0	0.005
EIF4B	1	0.005
EIF4E	0	0.005
EIF4E1B	3	0.005
EIF4E2	0	0.005
EIF4E3	0	0.005
EIF4EBP1	0	0.005
EIF4EBP2	0	0.005
EIF4EBP3	0	0.005
EIF4ENIF1	2	0.005
EIF4G1	7	0.005
EIF4G2	0	0.005
EIF4G3	8	0.005
EIF4H	0	0.005
EIF5	0	0.005
EIF5A	0	0.005
EIF5A2	0	0.005
EIF5AL1	2	0.005
EIF5B	3	0.005
EIF6	1	0.005
EIPR1	0	0.005
ELAC1	1	0.005
ELAC2	7	0.005
ELANE	3	0.005
ELAPOR1	8	0.005
ELAPOR2	6	0.005
ELAVL1	0	0.005
ELAVL2	0	0.005
ELAVL3	0	0.005
ELAVL4	0	0.005
ELF1	8	0.005
ELF2	2	0.005
ELF3	5	0.005
ELF4	1	0.005
ELF5	1	0.005
ELFN1	6	0.005
ELFN2	5	0.005
ELK1	3	0.005
ELK3	3	0.005
ELK4	1	0.005
ELL	5	0.005
ELL2	4	0.005
ELL3	5	0.005
ELMO1	0	0.005
ELMO2	2	0.005
ELMO3	10	0.005
ELMOD1	1	0.005
ELMOD2	1	0.005
ELMOD3	8	0.005
ELN	9	0.005
ELOA	7	0.005
ELOA2	17	0.005
ELOB	0	0.005
ELOC	0	0.005
ELOF1	0	0.005
ELOVL1	1	0.005
ELOVL2	2	0.005
ELOVL3	1	0.005
ELOVL4	3	0.005
ELOVL5	0	0.005
ELOVL6	0	0.005
ELOVL7	2	0.005
ELP1	17	0.005
ELP2	12	0.005
ELP3	0	0.005
ELP4	5	0.005
ELP5	2	0.005
ELP6	1	0.005
ELSPBP1	9	0.005
EMB	2	0.005
EMC1	10	0.005
EMC10	3	0.005
EMC2	0	0.005
EMC3	1	0.005
EMC4	1	0.005
EMC6	0	0.005
EMC7	1	0.005
EMC8	0	0.005
EMC9	2	0.005
EMCN	2	0.005
EMD	0	0.005
EME1	14	0.005
EME2	11	0.005
EMG1	2	0.005
EMID1	5	0.005
EMILIN1	7	0.005
EMILIN2	13	0.005
EMILIN3	10	0.005
EML1	3	0.005
EML2	8	0.005
EML3	1	0.005
EML4	4	0.005
EML5	5	0.005
EML6	5	0.005
EMP1	1	0.005
EMP2	1	0.005
EMP3	1	0.005
EMSY	3	0.005
EMX1	0	0.005
EMX2	0	0.005
EN1	2	0.005
EN2	1	0.005
ENAH	2	0.005
ENAM	10	0.005
ENC1	0	0.005
ENDOD1	6	0.005
ENDOG	3	0.005
ENDOU	4	0.005
ENDOV	6	0.005
ENG	11	0.002
ENGASE	12	0.005
ENHO	0	0.005
ENKD1	4	0.005
ENKUR	4	0.005
ENO1	0	0.005
ENO2	0	0.005
ENO3	5	0.005
ENO4	2	0.005
ENOPH1	0	0.005
ENOSF1	6	0.005
ENOX1	2	0.005
ENOX2	3	0.005
ENPEP	7	0.005
ENPP1	9	0.005
ENPP2	6	0.005
ENPP3	8	0.005
ENPP4	4	0.005
ENPP5	6	0.005
ENPP6	2	0.005
ENPP7	11	0.005
ENSA	0	0.005
ENTHD1	4	0.005
ENTPD1	1	0.005
ENTPD2	6	0.005
ENTPD3	7	0.005
ENTPD4	7	0.005
ENTPD5	3	0.005
ENTPD6	6	0.005
ENTPD7	4	0.005
ENTPD8	3	0.005
ENTR1	6	0.005
ENTREP1	7	0.005
ENTREP2	7	0.005
ENTREP3	12	0.005
ENY2	0	0.005
EOGT	3	0.005
EOLA1	1	0.005
EOLA2	2	0.005
EOMES	2	0.005
EP300	8	0.005
EP400	16	0.005
EPAS1	5	0.005
EPB41	4	0.005
EPB41L1	2	0.005
EPB41L2	6	0.005
EPB41L3	14	0.005
EPB41L4A	15	0.005
EPB41L4B	4	0.005
EPB41L5	5	0.005
EPB42	4	0.005
EPC1	4	0.005
EPC2	2	0.005
EPCAM	7	0.005
EPCIP	0	0.005
EPDR1	1	0.005
EPG5	23	0.005
EPGN	0	0.005
EPHA1	7	0.005
EPHA10	15	0.005
EPHA2	11	0.005
EPHA3	4	0.005
EPHA4	1	0.005
EPHA5	6	0.005
EPHA6	5	0.005
EPHA7	1	0.005
EPHA8	11	0.005
EPHB1	1	0.005
EPHB2	3	0.005
EPHB3	1	0.005
EPHB4	5	0.005
EPHB6	4	0.005
EPHX1	10	0.005
EPHX2	10	0.005
EPHX3	0	0.005
EPHX4	0	0.005
EPM2A	3	0.005
EPM2AIP1	1	0.005
EPN1	4	0.005
EPN2	3	0.005
EPN3	16	0.005
EPO	2	0.005
EPOP	7	0.005
EPOR	5	0.005
EPPIN	2	0.005
EPPK1	57	0.005
EPRS1	9	0.005
EPS15	10	0.005
EPS15L1	1	0.005
EPS8	4	0.005
EPS8L1	7	0.005
EPS8L2	2	0.005
EPS8L3	10	0.005
EPSTI1	2	0.005
EPX	13	0.005
EPYC	3	0.005
EQTN	3	0.005
ERAL1	2	0.005
ERAP1	17	0.005
ERAP2	11	0.005
ERAS	0	0.005
ERBB2	12	0.005
ERBB3	4	0.005
ERBB4	0	0.005
ERBIN	12	0.005
ERC1	7	0.005
ERC2	4	0.005
ERCC1	0	0.005
ERCC2	5	0.005
ERCC3	0	0.005
ERCC4	7	0.005
ERCC5	12	0.005
ERCC6	19	0.005
ERCC6L	4	0.005
ERCC6L2	19	0.005
ERCC8	0	0.005
EREG	2	0.005
ERF	2	0.005
ERFE	7	0.005
ERFL	4	0.005
ERG	0	0.005
ERG28	0	0.005
ERGIC1	0	0.005
ERGIC2	0	0.005
ERGIC3	0	0.005
ERH	0	0.005
ERI1	5	0.005
ERI2	10	0.005
ERI3	0	0.005
ERICH1	8	0.005
ERICH2	6	0.005
ERICH3	23	0.005
ERICH4	2	0.005
ERICH5	6	0.005
ERICH6	13	0.005
ERICH6B	16	0.005
ERLEC1	3	0.005
ERLIN1	1	0.005
ERLIN2	0	0.005
ERLN	0	0.005
ERMAP	7	0.005
ERMARD	8	0.005
ERMN	2	0.005
ERMP1	8	0.005
ERN1	5	0.005
ERN2	5	0.005
ERO1A	1	0.005
ERO1B	5	0.005
ERP27	3	0.005
ERP29	2	0.005
ERP44	1	0.005
ERRFI1	6	0.005
ERV3-1	11	0.005
ERVFRD-1	2	0.005
ERVH48-1	4	0.005
ERVK3-1	1	0.005
ERVMER34-1	7	0.005
ERVV-1	2	0.005
ERVV-2	4	0.005
ERVW-1	7	0.005
ESAM	5	0.005
ESCO1	6	0.005
ESCO2	8	0.005
ESD	2	0.005
ESF1	3	0.005
ESM1	1	0.005
ESPL1	22	0.005
ESPN	11	0.005
ESPNL	22	0.005
ESR1	4	0.005
ESR2	3	0.005
ESRP1	2	0.005
ESRP2	7	0.005
ESRRA	3	0.005
ESRRB	5	0.005
ESRRG	0	0.005
ESS2	6	0.005
ESX1	5	0.005
ESYT1	2	0.005
ESYT2	8	0.005
ESYT3	13	0.005
ETAA1	13	0.005
ETDA	0	0.005
ETDB	0	0.005
ETDC	0	0.005
ETF1	0	0.005
ETFA	2	0.005
ETFB	2	0.005
ETFBKMT	3	0.005
ETFDH	1	0.005
ETFRF1	0	0.005
ETHE1	4	0.0002
ETNK1	3	0.005
ETNK2	2	0.005
ETNPPL	2	0.005
ETS1	0	0.005
ETS2	2	0.005
ETV1	1	0.005
ETV2	4	0.005
ETV3	0	0.005
ETV3L	9	0.005
ETV4	3	0.005
ETV5	1	0.005
ETV6	1	0.005
ETV7	8	0.005
EVA1A	2	0.005
EVA1B	0	0.005
EVA1C	8	0.005
EVC	23	0.005
EVC2	21	0.005
EVI2A	3	0.005
EVI2B	4	0.005
EVI5	5	0.005
EVI5L	0	0.005
EVL	1	0.005
EVPL	25	0.005
EVPLL	3	0.005
EVX1	2	0.005
EVX2	1	0.005
EWSR1	1	0.005
EXD1	2	0.005
EXD2	4	0.005
EXD3	25	0.005
EXO1	19	0.005
EXO5	5	0.005
EXOC1	2	0.005
EXOC1L	1	0.005
EXOC2	3	0.005
EXOC3	1	0.005
EXOC3L1	11	0.005
EXOC3L2	10	0.005
EXOC3L4	17	0.005
EXOC4	2	0.005
EXOC5	3	0.005
EXOC6	7	0.005
EXOC6B	1	0.005
EXOC7	0	0.005
EXOC8	2	0.005
EXOG	3	0.005
EXOSC1	0	0.005
EXOSC10	4	0.005
EXOSC2	2	0.005
EXOSC3	3	0.005
EXOSC4	0	0.005
EXOSC5	1	0.005
EXOSC6	3	0.005
EXOSC7	3	0.005
EXOSC8	3	0.005
EXOSC9	3	0.005
EXPH5	32	0.005
EXT1	0	0.005
EXT2	4	0.005
EXTL1	8	0.005
EXTL2	1	0.005
EXTL3	2	0.005
EYA1	2	0.005
EYA2	4	0.005
EYA3	0	0.005
EYA4	2	0.005
EYS	47	0.005
EZH1	0	0.005
EZH2	2	0.005
EZHIP	3	0.005
EZR	2	0.005
F10	3	0.005
F11	3	0.005
F11R	1	0.005
F12	4	0.005
F13A1	8	0.005
F13B	7	0.005
F2	2	0.005
F2R	0	0.005
F2RL1	3	0.005
F2RL2	5	0.005
F2RL3	3	0.005
F3	5	0.005
F5	32	0.005
F7	2	0.005
F8	30	3.33e-05
F8A1	0	0.005
F8A2	0	0.005
F8A3	0	0.005
F9	9	5.56e-06
FA2H	2	0.005
FAAH	3	0.005
FAAH2	3	0.005
FAAP100	14	0.005
FAAP20	3	0.005
FAAP24	5	0.005
FABP1	1	0.005
FABP12	1	0.005
FABP2	1	0.005
FABP3	2	0.005
FABP4	0	0.005
FABP5	0	0.005
FABP6	3	0.005
FABP7	1	0.005
FABP9	4	0.005
FADD	0	0.005
FADS1	1	0.005
FADS2	0	0.005
FADS3	0	0.005
FADS6	3	0.005
FAF1	0	0.005
FAF2	0	0.005
FAH	4	0.005
FAHD1	1	0.005
FAHD2A	1	0.005
FAHD2B	6	0.005
FAIM	2	0.005
FAIM2	2	0.005
FAM107A	3	0.005
FAM107B	3	0.005
FAM110A	4	0.005
FAM110B	0	0.005
FAM110C	3	0.005
FAM110D	2	0.005
FAM111A	8	0.005
FAM111B	3	0.005
FAM114A1	6	0.005
FAM114A2	5	0.005
FAM117A	2	0.005
FAM117B	0	0.005
FAM118A	3	0.005
FAM118B	0	0.005
FAM120A	0	0.005
FAM120AOS	3	0.005
FAM120B	12	0.005
FAM120C	3	0.005
FAM124A	4	0.005
FAM124B	4	0.005
FAM131A	1	0.005
FAM131B	2	0.005
FAM131C	7	0.005
FAM133A	1	0.005
FAM133B	1	0.005
FAM135A	7	0.005
FAM135B	9	0.005
FAM136A	8	0.005
FAM13A	10	0.005
FAM13B	1	0.005
FAM13C	4	0.005
FAM149A	21	0.005
FAM149B1	6	0.005
FAM151A	11	0.005
FAM151B	2	0.005
FAM153A	4	0.005
FAM156A	0	0.005
FAM156B	0	0.005
FAM161A	10	0.005
FAM161B	10	0.005
FAM162A	2	0.005
FAM162B	3	0.005
FAM163A	1	0.005
FAM163B	1	0.005
FAM167A	4	0.005
FAM167B	1	0.005
FAM168A	0	0.005
FAM168B	0	0.005
FAM169A	2	0.005
FAM170A	6	0.005
FAM170B	11	0.005
FAM171A1	3	0.005
FAM171A2	6	0.005
FAM171B	3	0.005
FAM174A	4	0.005
FAM174B	3	0.005
FAM174C	0	0.005
FAM177A1	1	0.005
FAM177B	2	0.005
FAM178B	8	0.005
FAM180A	3	0.005
FAM180B	1	0.005
FAM181A	2	0.005
FAM181B	10	0.005
FAM184A	5	0.005
FAM184B	22	0.005
FAM185A	5	0.005
FAM186A	30	0.005
FAM186B	15	0.005
FAM187A	5	0.005
FAM187B	5	0.005
FAM193A	15	0.005
FAM193B	6	0.005
FAM199X	0	0.005
FAM200A	4	0.005
FAM200B	8	0.005
FAM200C	4	0.005
FAM204A	0	0.005
FAM209A	3	0.005
FAM209B	3	0.005
FAM20A	6	0.005
FAM20B	1	0.005
FAM20C	10	0.005
FAM210A	1	0.005
FAM210B	2	0.005
FAM216A	4	0.005
FAM216B	1	0.005
FAM217A	11	0.005
FAM217B	2	0.005
FAM219A	0	0.005
FAM219B	1	0.005
FAM220A	6	0.005
FAM221A	8	0.005
FAM221B	4	0.005
FAM222A	4	0.005
FAM222B	2	0.005
FAM227A	2	0.005
FAM227B	3	0.005
FAM228A	3	0.005
FAM228B	1	0.005
FAM229A	2	0.005
FAM229B	3	0.005
FAM234A	6	0.005
FAM234B	3	0.005
FAM236A	0	0.005
FAM236B	0	0.005
FAM236C	0	0.005
FAM236D	0	0.005
FAM237A	0	0.005
FAM237B	1	0.005
FAM240A	2	0.005
FAM240B	1	0.005
FAM240C	3	0.005
FAM241A	2	0.005
FAM241B	0	0.005
FAM246A	4	0.005
FAM246B	2	0.005
FAM24A	0	0.005
FAM24B	1	0.005
FAM25A	2	0.005
FAM25C	1	0.005
FAM25G	0	0.005
FAM32A	1	0.005
FAM3A	0	0.005
FAM3B	3	0.005
FAM3C	0	0.005
FAM3D	5	0.005
FAM43A	5	0.005
FAM43B	0	0.005
FAM47A	7	0.005
FAM47B	12	0.005
FAM47C	13	0.005
FAM47E	7	0.005
FAM50A	1	0.005
FAM50B	2	0.005
FAM53A	10	0.005
FAM53B	1	0.005
FAM53C	1	0.005
FAM72A	0	0.005
FAM72B	3	0.005
FAM72C	0	0.005
FAM72D	0	0.005
FAM76A	0	0.005
FAM76B	0	0.005
FAM78A	0	0.005
FAM78B	0	0.005
FAM81A	1	0.005
FAM81B	6	0.005
FAM83A	3	0.005
FAM83B	8	0.005
FAM83C	9	0.005
FAM83D	5	0.005
FAM83E	10	0.005
FAM83F	8	0.005
FAM83G	10	0.005
FAM83H	15	0.005
FAM86B1	1	0.005
FAM86B2	1	0.005
FAM89A	1	0.005
FAM89B	1	0.005
FAM8A1	0	0.005
FAM90A1	17	0.005
FAM90A10	2	0.005
FAM90A11	0	0.005
FAM90A12	0	0.005
FAM90A13	0	0.005
FAM90A14	0	0.005
FAM90A15	0	0.005
FAM90A16	0	0.005
FAM90A17	0	0.005
FAM90A18	0	0.005
FAM90A19	0	0.005
FAM90A20	0	0.005
FAM90A22	1	0.005
FAM90A23	0	0.005
FAM90A24	0	0.005
FAM90A26	7	0.005
FAM90A3	0	0.005
FAM90A5	0	0.005
FAM90A7	0	0.005
FAM90A8	0	0.005
FAM90A9	0	0.005
FAM91A1	2	0.005
FAM98A	4	0.005
FAM98B	1	0.005
FAM98C	5	0.005
FAM9A	2	0.005
FAM9B	1	0.005
FAM9C	1	0.005
FAN1	11	0.005
FANCA	24	0.005
FANCB	3	0.005
FANCC	5	0.005
FANCD2	12	0.005
FANCD2OS	5	0.005
FANCE	4	0.005
FANCF	4	0.005
FANCG	7	0.005
FANCI	11	0.005
FANCL	5	0.005
FANCM	20	0.005
FANK1	6	0.005
FAP	4	0.005
FAR1	2	0.005
FAR2	2	0.005
FARP1	6	0.005
FARP2	14	0.005
FARS2	3	0.005
FARSA	4	0.005
FARSB	3	0.005
FAS	4	0.005
FASLG	0	0.005
FASN	19	0.005
FASTK	3	0.005
FASTKD1	9	0.005
FASTKD2	7	0.005
FASTKD3	6	0.005
FASTKD5	5	0.005
FAT1	58	0.005
FAT2	46	0.005
FAT3	34	0.005
FAT4	39	0.005
FATE1	1	0.005
FAU	1	0.005
FAXC	0	0.005
FAXDC2	7	0.005
FBF1	14	0.005
FBH1	1	0.005
FBL	0	0.005
FBLIM1	4	0.005
FBLL1	2	0.005
FBLN1	8	0.005
FBLN2	11	0.005
FBLN5	0	0.005
FBLN7	2	0.005
FBN1	34	5e-05
FBN2	18	0.005
FBN3	64	0.005
FBP1	3	0.005
FBP2	6	0.005
FBRS	4	0.005
FBRSL1	12	0.005
FBXL12	2	0.005
FBXL13	12	0.005
FBXL14	1	0.005
FBXL15	2	0.005
FBXL16	0	0.005
FBXL17	3	0.005
FBXL18	4	0.005
FBXL19	1	0.005
FBXL2	1	0.005
FBXL20	0	0.005
FBXL22	4	0.005
FBXL3	0	0.005
FBXL4	1	0.005
FBXL5	0	0.005
FBXL6	8	0.005
FBXL7	1	0.005
FBXL8	1	0.005
FBXO10	2	0.005
FBXO11	1	0.005
FBXO15	4	0.005
FBXO16	5	0.005
FBXO17	1	0.005
FBXO2	2	0.005
FBXO21	0	0.005
FBXO22	1	0.005
FBXO24	3	0.005
FBXO25	3	0.005
FBXO27	1	0.005
FBXO28	0	0.005
FBXO3	1	0.005
FBXO30	6	0.005
FBXO31	1	0.005
FBXO32	2	0.005
FBXO33	3	0.005
FBXO34	7	0.005
FBXO36	3	0.005
FBXO38	2	0.005
FBXO39	10	0.005
FBXO4	1	0.005
FBXO40	6	0.005
FBXO41	5	0.005
FBXO42	4	0.005
FBXO43	4	0.005
FBXO44	1	0.005
FBXO45	1	0.005
FBXO46	2	0.005
FBXO47	8	0.005
FBXO48	0	0.005
FBXO5	5	0.005
FBXO6	4	0.005
FBXO7	1	0.005
FBXO8	2	0.005
FBXO9	2	0.005
FBXW10	15	0.005
FBXW10B	10	0.005
FBXW11	0	0.005
FBXW12	8	0.005
FBXW2	0	0.005
FBXW4	6	0.005
FBXW5	3	0.005
FBXW7	2	0.005
FBXW8	6	0.005
FBXW9	6	0.005
FCAMR	10	0.005
FCAR	7	0.005
FCER1A	4	0.005
FCER1G	1	0.005
FCER2	7	0.005
FCF1	2	0.005
FCGBP	0	0.005
FCGR1A	3	0.005
FCGR2A	3	0.005
FCGR2B	4	0.005
FCGR3A	4	0.005
FCGR3B	2	0.005
FCGRT	2	0.005
FCHO1	1	0.005
FCHO2	3	0.005
FCHSD1	13	0.005
FCHSD2	1	0.005
FCMR	5	0.005
FCN1	5	0.005
FCN2	10	0.005
FCN3	2	0.005
FCRL1	8	0.005
FCRL2	5	0.005
FCRL3	13	0.005
FCRL4	9	0.005
FCRL5	18	0.005
FCRL6	6	0.005
FCRLA	6	0.005
FCRLB	7	0.005
FCSK	13	0.005
FDCSP	1	0.005
FDFT1	3	0.005
FDPS	3	0.005
FDX1	1	0.005
FDX2	3	0.005
FDXACB1	7	0.005
FDXR	9	0.005
FECH	5	0.005
FEM1A	2	0.005
FEM1B	1	0.005
FEM1C	0	0.005
FEN1	0	0.005
FER	1	0.005
FER1L5	8	0.005
FER1L6	13	0.005
FERD3L	2	0.005
FERMT1	7	0.005
FERMT2	1	0.005
FERMT3	4	0.005
FERRY3	0	0.005
FES	2	0.005
FETUB	7	0.005
FEV	0	0.005
FEZ1	2	0.005
FEZ2	6	0.005
FEZF1	1	0.005
FEZF2	0	0.005
FFAR1	5	0.005
FFAR2	3	0.005
FFAR3	8	0.005
FFAR4	3	0.005
FGA	5	0.005
FGB	5	0.005
FGD1	2	0.005
FGD2	7	0.005
FGD3	3	0.005
FGD4	8	0.005
FGD5	12	0.005
FGD6	10	0.005
FGF1	1	0.005
FGF10	1	0.005
FGF11	1	0.005
FGF12	0	0.005
FGF13	0	0.005
FGF14	0	0.005
FGF16	0	0.005
FGF17	0	0.005
FGF18	0	0.005
FGF19	1	0.005
FGF2	0	0.005
FGF20	3	0.005
FGF21	1	0.005
FGF22	2	0.005
FGF23	2	0.005
FGF3	2	0.005
FGF4	0	0.005
FGF5	2	0.005
FGF6	3	0.005
FGF7	0	0.005
FGF8	0	0.005
FGF9	1	0.005
FGFBP1	5	0.005
FGFBP2	5	0.005
FGFBP3	6	0.005
FGFR1	3	0.005
FGFR1OP2	1	0.005
FGFR2	3	0.005
FGFR3	5	0.005
FGFR4	5	0.005
FGFRL1	8	0.005
FGG	1	0.005
FGGY	4	0.005
FGL1	11	0.005
FGL2	2	0.005
FGR	2	0.005
FH	2	0.005
FHAD1	22	0.005
FHDC1	15	0.005
FHIP1A	9	0.005
FHIP1B	9	0.005
FHIP2A	2	0.005
FHIP2B	8	0.005
FHIT	0	0.005
FHL1	1	0.005
FHL2	2	0.005
FHL3	2	0.005
FHL5	6	0.005
FHOD1	6	0.005
FHOD3	15	0.005
FIBCD1	3	0.005
FIBIN	3	0.005
FIBP	2	0.005
FICD	5	0.005
FIG4	4	0.005
FIGLA	1	0.005
FIGN	0	0.005
FIGNL1	8	0.005
FIGNL2	4	0.005
FILIP1	7	0.005
FILIP1L	6	0.005
FIP1L1	1	0.005
FIRRM	3	0.005
FIS1	0	0.005
FITM1	2	0.005
FITM2	3	0.005
FIZ1	4	0.005
FJX1	4	0.005
FKBP10	2	0.005
FKBP11	0	0.005
FKBP14	1	0.005
FKBP15	12	0.005
FKBP1A	0	0.005
FKBP1B	0	0.005
FKBP1C	0	0.005
FKBP2	1	0.005
FKBP3	0	0.005
FKBP4	4	0.005
FKBP5	1	0.005
FKBP6	6	0.005
FKBP7	0	0.005
FKBP8	2	0.005
FKBP9	2	0.005
FKBPL	3	0.005
FKRP	6	0.005
FKTN	4	0.005
FLACC1	2	0.005
FLAD1	3	0.005
FLCN	1	0.005
FLG	193	0.005
FLG2	24	0.005
FLI1	1	0.005
FLII	4	0.005
FLNA	6	0.005
FLNB	20	0.005
FLNC	14	0.005
FLOT1	0	0.005
FLOT2	2	0.005
FLRT1	1	0.005
FLRT2	2	0.005
FLRT3	4	0.005
FLT1	3	0.005
FLT3	9	0.005
FLT3LG	0	0.005
FLT4	19	0.005
FLVCR1	2	0.005
FLVCR2	3	0.005
FLYWCH1	15	0.005
FLYWCH2	1	0.005
FMC1	1	0.005
FMN1	36	0.005
FMN2	13	0.005
FMNL1	5	0.005
FMNL2	4	0.005
FMNL3	5	0.005
FMO1	6	0.005
FMO2	14	0.005
FMO3	10	0.005
FMO4	6	0.005
FMO5	2	0.005
FMOD	1	0.005
FMR1	1	0.005
FMR1NB	1	0.005
FN1	15	0.005
FN3K	2	0.005
FN3KRP	5	0.005
FNBP1	2	0.005
FNBP1L	0	0.005
FNBP4	9	0.005
FNDC1	34	0.005
FNDC10	0	0.005
FNDC11	2	0.005
FNDC3A	2	0.005
FNDC3B	8	0.005
FNDC4	1	0.005
FNDC5	0	0.005
FNDC7	10	0.005
FNDC8	4	0.005
FNDC9	4	0.005
FNIP1	7	0.005
FNIP2	8	0.005
FNTA	1	0.005
FNTB	0	0.005
FOCAD	18	0.005
FOLH1	2	0.005
FOLR1	0	0.005
FOLR2	2	0.005
FOLR3	3	0.005
FOS	1	0.005
FOSB	1	0.005
FOSL1	1	0.005
FOSL2	1	0.005
FOXA1	3	0.005
FOXA2	3	0.005
FOXA3	1	0.005
FOXB1	1	0.005
FOXB2	3	0.005
FOXC1	2	0.005
FOXC2	3	0.005
FOXD1	5	0.005
FOXD2	3	0.005
FOXD3	3	0.005
FOXD4	14	0.005
FOXD4L1	9	0.005
FOXD4L3	0	0.005
FOXD4L4	2	0.005
FOXD4L5	0	0.005
FOXD4L6	0	0.005
FOXE1	3	0.005
FOXE3	7	0.005
FOXF1	2	0.005
FOXF2	4	0.005
FOXG1	4	8.3e-06
FOXH1	3	0.005
FOXI1	3	0.005
FOXI2	2	0.005
FOXI3	2	0.005
FOXJ1	4	0.005
FOXJ2	2	0.005
FOXJ3	4	0.005
FOXK1	3	0.005
FOXK2	10	0.005
FOXL1	3	0.005
FOXL2	1	0.005
FOXL2NB	3	0.005
FOXL3	7	0.005
FOXM1	10	0.005
FOXN1	14	0.00141
FOXN2	0	0.005
FOXN3	0	0.005
FOXN4	4	0.005
FOXO1	3	0.005
FOXO3	4	0.005
FOXO3B	7	0.005
FOXO4	1	0.005
FOXO6	0	0.005
FOXP1	1	0.005
FOXP2	0	0.005
FOXP3	1	0.005
FOXP4	3	0.005
FOXQ1	9	0.005
FOXR1	4	0.005
FOXR2	1	0.005
FOXRED1	3	0.005
FOXRED2	11	0.005
FOXS1	3	0.005
FPGS	5	0.005
FPGT	2	0.005
FPR1	11	0.005
FPR2	2	0.005
FPR3	1	0.005
FRA10AC1	4	0.005
FRAS1	58	0.005
FRAT1	0	0.005
FRAT2	4	0.005
FREM1	26	0.005
FREM2	34	0.005
FREM3	27	0.005
FREY1	0	0.005
FRG1	0	0.005
FRG2	0	0.005
FRG2B	2	0.005
FRG2C	3	0.005
FRK	4	0.005
FRMD1	12	0.005
FRMD3	3	0.005
FRMD4A	2	0.005
FRMD4B	14	0.005
FRMD5	3	0.005
FRMD6	1	0.005
FRMD7	4	0.005
FRMD8	3	0.005
FRMPD1	23	0.005
FRMPD2	10	0.005
FRMPD3	5	0.005
FRMPD4	4	0.005
FRRS1	3	0.005
FRRS1L	1	0.005
FRS2	1	0.005
FRS3	10	0.005
FRY	9	0.005
FRYL	12	0.005
FRZB	5	0.005
FSAF1	0	0.005
FSBP	1	0.005
FSCB	14	0.005
FSCN1	2	0.005
FSCN2	5	0.005
FSCN3	10	0.005
FSD1	2	0.005
FSD1L	3	0.005
FSD2	6	0.005
FSHB	0	0.005
FSHR	4	0.005
FSIP1	10	0.005
FSIP2	73	0.005
FST	3	0.005
FSTL1	1	0.005
FSTL3	1	0.005
FSTL4	9	0.005
FSTL5	9	0.005
FTCD	9	0.005
FTCDNL1	2	0.005
FTH1	0	0.005
FTHL17	5	0.005
FTL	0	0.005
FTMT	3	0.005
FTO	4	0.005
FTSJ1	2	0.005
FTSJ3	8	0.005
FUBP1	2	0.005
FUBP3	1	0.005
FUCA1	7	0.005
FUCA2	7	0.005
FUNDC1	0	0.005
FUNDC2	0	0.005
FUOM	1	0.005
FURIN	3	0.005
FUS	0	0.005
FUT1	1	0.005
FUT2	10	0.005
FUT3	0	0.005
FUT4	5	0.005
FUT5	7	0.005
FUT6	8	0.005
FUT7	7	0.005
FUT8	3	0.005
FUT9	1	0.005
FUZ	4	0.005
FXN	2	0.005
FXR1	0	0.005
FXR2	1	0.005
FXYD1	2	0.005
FXYD2	0	0.005
FXYD3	4	0.005
FXYD4	2	0.005
FXYD5	4	0.005
FXYD6	0	0.005
FXYD7	0	0.005
FYB1	10	0.005
FYB2	8	0.005
FYCO1	31	0.005
FYN	1	0.005
FYTTD1	2	0.005
FZD1	2	0.005
FZD10	0	0.005
FZD2	2	0.005
FZD3	0	0.005
FZD4	3	0.005
FZD5	2	0.005
FZD6	10	0.005
FZD7	3	0.005
FZD8	2	0.005
FZD9	1	0.005
FZR1	0	0.005
G0S2	1	0.005
G2E3	3	0.005
G3BP1	0	0.005
G3BP2	1	0.005
G6PC1	0	0.005
G6PC2	4	0.005
G6PC3	2	0.005
G6PD	5	0.005
GAA	16	0.005
GAB1	2	0.005
GAB2	5	0.005
GAB3	3	0.005
GAB4	9	0.005
GABARAP	0	0.005
GABARAPL1	0	0.005
GABARAPL2	0	0.005
GABBR1	3	0.005
GABBR2	2	0.005
GABPA	0	0.005
GABPB1	0	0.005
GABPB2	3	0.005
GABRA1	0	0.005
GABRA2	0	0.005
GABRA3	0	0.005
GABRA4	2	0.005
GABRA5	1	0.005
GABRA6	2	0.005
GABRB1	1	0.005
GABRB2	1	0.005
GABRB3	0	0.005
GABRD	3	0.005
GABRE	8	0.005
GABRG1	1	0.005
GABRG2	0	0.005
GABRG3	2	0.005
GABRP	8	0.005
GABRQ	1	0.005
GABRR1	3	0.005
GABRR2	6	0.005
GABRR3	3	0.005
GAD1	1	0.005
GAD2	4	0.005
GADD45A	0	0.005
GADD45B	0	0.005
GADD45G	1	0.005
GADD45GIP1	7	0.005
GADL1	7	0.005
GAGE1	0	0.005
GAGE10	0	0.005
GAGE12C	0	0.005
GAGE12D	0	0.005
GAGE12E	0	0.005
GAGE12F	0	0.005
GAGE12G	0	0.005
GAGE12H	0	0.005
GAGE12J	3	0.005
GAGE13	0	0.005
GAGE2A	0	0.005
GAK	13	0.005
GAL	3	0.005
GAL3ST1	5	0.005
GAL3ST2	7	0.005
GAL3ST3	4	0.005
GAL3ST4	7	0.005
GALC	13	0.005
GALE	1	0.005
GALK1	2	0.005
GALK2	3	0.005
GALM	3	0.005
GALNS	8	0.005
GALNT1	1	0.005
GALNT10	2	0.005
GALNT11	6	0.005
GALNT12	5	0.005
GALNT13	2	0.005
GALNT14	4	0.005
GALNT15	7	0.005
GALNT16	5	0.005
GALNT17	0	0.005
GALNT18	2	0.005
GALNT2	1	0.005
GALNT3	4	0.005
GALNT4	5	0.005
GALNT5	7	0.005
GALNT6	5	0.005
GALNT7	3	0.005
GALNT8	15	0.005
GALNT9	3	0.005
GALNTL5	9	0.005
GALNTL6	1	0.005
GALP	1	0.005
GALR1	5	0.005
GALR2	6	0.005
GALR3	3	0.005
GALT	1	0.005
GAMT	8	0.001
GAN	2	0.005
GANAB	6	0.005
GANC	12	0.005
GAP43	0	0.005
GAPDH	0	0.005
GAPDHS	5	0.005
GAPT	2	0.005
GAPVD1	5	0.005
GAR1	1	0.005
GAREM1	8	0.005
GAREM2	7	0.005
GARIN1A	6	0.005
GARIN1B	3	0.005
GARIN2	2	0.005
GARIN3	11	0.005
GARIN4	10	0.005
GARIN5A	3	0.005
GARIN5B	24	0.005
GARIN6	6	0.005
GARNL3	3	0.005
GARRE1	2	0.005
GARS1	4	0.005
GART	9	0.005
GAS1	0	0.005
GAS2	1	0.005
GAS2L1	8	0.005
GAS2L2	17	0.005
GAS2L3	6	0.005
GAS6	8	0.005
GAS7	1	0.005
GASK1A	10	0.005
GASK1B	1	0.005
GAST	2	0.005
GATA1	0	0.005
GATA2	3	0.005
GATA3	2	0.005
GATA4	6	0.005
GATA5	5	0.005
GATA6	3	0.005
GATAD1	3	0.005
GATAD2A	3	0.005
GATAD2B	3	0.005
GATB	5	0.005
GATC	1	0.005
GATD1	2	0.005
GATD3	0	0.005
GATM	4	0.0001
GBA1	4	0.005
GBA2	6	0.005
GBA3	0	0.005
GBE1	9	0.005
GBF1	6	0.005
GBGT1	12	0.005
GBP1	9	0.005
GBP2	6	0.005
GBP3	12	0.005
GBP4	12	0.005
GBP5	9	0.005
GBP6	13	0.005
GBP7	7	0.005
GBX1	2	0.005
GBX2	1	0.005
GC	5	0.005
GCA	2	0.005
GCAT	8	0.005
GCC1	7	0.005
GCC2	6	0.005
GCDH	0	0.005
GCFC2	13	0.005
GCG	1	0.005
GCGR	4	0.005
GCH1	1	0.005
GCHFR	0	0.005
GCK	2	4e-05
GCKR	4	0.005
GCLC	3	0.005
GCLM	0	0.005
GCM1	1	0.005
GCM2	8	0.005
GCN1	11	0.005
GCNA	2	0.005
GCNT1	4	0.005
GCNT2	2	0.005
GCNT3	5	0.005
GCNT4	4	0.005
GCSAM	2	0.005
GCSAML	2	0.005
GCSH	1	0.005
GDA	1	0.005
GDAP1	0	0.005
GDAP1L1	2	0.005
GDAP2	2	0.005
GDE1	2	0.005
GDF1	3	0.005
GDF10	4	0.005
GDF11	0	0.005
GDF15	5	0.005
GDF2	4	0.005
GDF3	2	0.005
GDF5	6	0.005
GDF6	2	0.005
GDF7	5	0.005
GDF9	3	0.005
GDI1	0	0.005
GDI2	2	0.005
GDNF	0	0.005
GDPD1	0	0.005
GDPD2	2	0.005
GDPD3	3	0.005
GDPD4	9	0.005
GDPD5	2	0.005
GDPGP1	8	0.005
GEM	5	0.005
GEMIN2	1	0.005
GEMIN4	29	0.005
GEMIN5	18	0.005
GEMIN6	1	0.005
GEMIN7	0	0.005
GEMIN8	2	0.005
GEN1	13	0.005
GET1	1	0.005
GET3	0	0.005
GET4	0	0.005
GFAP	5	0.005
GFER	2	0.005
GFI1	3	0.005
GFI1B	6	0.005
GFM1	8	0.005
GFM2	10	0.005
GFOD1	0	0.005
GFOD2	1	0.005
GFPT1	0	0.005
GFPT2	2	0.005
GFRA1	3	0.005
GFRA2	4	0.005
GFRA3	1	0.005
GFRA4	1	0.005
GFRAL	6	0.005
GFUS	1	0.005
GFY	14	0.005
GGA1	3	0.005
GGA2	2	0.005
GGA3	3	0.005
GGACT	2	0.005
GGCT	0	0.005
GGCX	3	0.005
GGH	5	0.005
GGN	16	0.005
GGNBP2	0	0.005
GGPS1	0	0.005
GGT1	6	0.005
GGT5	9	0.005
GGT6	6	0.005
GGT7	3	0.005
GGTA1	1	0.005
GGTLC1	3	0.005
GGTLC2	12	0.005
GGTLC3	0	0.005
GH1	5	0.005
GH2	1	0.005
GHDC	4	0.005
GHITM	1	0.005
GHR	9	0.005
GHRH	1	0.005
GHRHR	5	0.005
GHRL	3	0.005
GHSR	2	0.005
GID4	1	0.005
GID8	0	0.005
GIGYF1	3	0.005
GIGYF2	3	0.005
GIMAP1	3	0.005
GIMAP2	6	0.005
GIMAP4	4	0.005
GIMAP5	4	0.005
GIMAP6	8	0.005
GIMAP7	3	0.005
GIMAP8	7	0.005
GIMD1	7	0.005
GIN1	4	0.005
GINM1	4	0.005
GINS1	2	0.005
GINS2	1	0.005
GINS3	1	0.005
GINS4	0	0.005
GIP	3	0.005
GIPC1	2	0.005
GIPC2	4	0.005
GIPC3	0	0.005
GIPR	9	0.005
GIT1	0	0.005
GIT2	4	0.005
GJA1	1	0.005
GJA10	5	0.005
GJA3	2	0.005
GJA4	5	0.005
GJA5	0	0.005
GJA8	0	0.005
GJA9	7	0.005
GJB1	1	0.005
GJB2	9	0.003
GJB3	7	0.005
GJB4	6	0.005
GJB5	3	0.005
GJB6	3	0.005
GJB7	7	0.005
GJC1	0	0.005
GJC2	3	0.005
GJC3	5	0.005
GJD2	1	0.005
GJD3	4	0.005
GJD4	9	0.005
GJE1	5	0.005
GK	0	0.005
GK2	2	0.005
GK3	11	0.005
GK5	0	0.005
GKAP1	0	0.005
GKN1	1	0.005
GKN2	5	0.005
GLA	0	0.005
GLB1	8	0.005
GLB1L	4	0.005
GLB1L2	6	0.005
GLB1L3	4	0.005
GLCCI1	3	0.005
GLCE	4	0.005
GLDC	12	0.005
GLDN	5	0.005
GLE1	3	0.005
GLG1	2	0.005
GLI1	6	0.005
GLI2	16	0.005
GLI3	11	0.005
GLI4	4	0.005
GLIPR1	0	0.005
GLIPR1L1	3	0.005
GLIPR1L2	1	0.005
GLIPR2	0	0.005
GLIS1	20	0.005
GLIS2	6	0.005
GLIS3	11	0.005
GLMN	5	0.005
GLMP	6	0.005
GLO1	1	0.005
GLOD4	2	0.005
GLOD5	1	0.005
GLP1R	9	0.005
GLP2R	7	0.005
GLRA1	3	0.005
GLRA2	0	0.005
GLRA3	0	0.005
GLRB	2	0.005
GLRX	0	0.005
GLRX2	1	0.005
GLRX3	4	0.005
GLRX5	1	0.005
GLS	4	0.005
GLS2	1	0.005
GLT1D1	7	0.005
GLT6D1	8	0.005
GLT8D1	2	0.005
GLT8D2	3	0.005
GLTP	0	0.005
GLTPD2	6	0.005
GLUD1	2	0.005
GLUD2	4	0.005
GLUL	0	0.005
GLYAT	5	0.005
GLYATL1	1	0.005
GLYATL1B	9	0.005
GLYATL2	5	0.005
GLYATL3	7	0.005
GLYCTK	6	0.005
GLYR1	0	0.005
GM2A	4	0.005
GMCL1	1	0.005
GMCL2	13	0.005
GMDS	0	0.005
GMEB1	1	0.005
GMEB2	1	0.005
GMFB	0	0.005
GMFG	1	0.005
GMIP	9	0.005
GML	2	0.005
GMNC	5	0.005
GMNN	3	0.005
GMPPA	1	0.005
GMPPB	2	0.005
GMPR	2	0.005
GMPR2	1	0.005
GMPS	2	0.005
GNA11	1	0.005
GNA12	0	0.005
GNA13	2	0.005
GNA14	1	0.005
GNA15	3	0.005
GNAI1	1	0.005
GNAI2	0	0.005
GNAI3	0	0.005
GNAL	1	0.005
GNAO1	1	0.005
GNAQ	0	0.005
GNAS	0	0.005
GNAT1	0	0.005
GNAT2	2	0.005
GNAT3	4	0.005
GNAZ	0	0.005
GNB1	0	0.005
GNB1L	6	0.005
GNB2	1	0.005
GNB3	2	0.005
GNB4	0	0.005
GNB5	2	0.005
GNE	2	0.005
GNG10	1	0.005
GNG11	0	0.005
GNG12	0	0.005
GNG13	0	0.005
GNG14	3	0.005
GNG2	0	0.005
GNG3	0	0.005
GNG4	0	0.005
GNG5	0	0.005
GNG5B	1	0.005
GNG7	0	0.005
GNG8	0	0.005
GNGT1	2	0.005
GNGT2	2	0.005
GNL1	3	0.005
GNL2	2	0.005
GNL3	5	0.005
GNL3L	2	0.005
GNLY	4	0.005
GNMT	1	0.005
GNPAT	4	0.005
GNPDA1	0	0.005
GNPDA2	0	0.005
GNPNAT1	1	0.005
GNPTAB	7	0.005
GNPTG	5	0.005
GNRH1	1	0.005
GNRH2	1	0.005
GNRHR	0	0.005
GNS	1	0.005
GOLGA1	3	0.005
GOLGA2	10	0.005
GOLGA3	19	0.005
GOLGA4	21	0.005
GOLGA5	10	0.005
GOLGA6A	2	0.005
GOLGA6B	4	0.005
GOLGA6C	1	0.005
GOLGA6D	4	0.005
GOLGA6L1	3	0.005
GOLGA6L10	1	0.005
GOLGA6L2	14	0.005
GOLGA6L22	7	0.005
GOLGA6L24	0	0.005
GOLGA6L25	0	0.005
GOLGA6L26	2	0.005
GOLGA6L4	0	0.005
GOLGA6L6	5	0.005
GOLGA6L7	14	0.005
GOLGA6L9	9	0.005
GOLGA7	0	0.005
GOLGA7B	0	0.005
GOLGA8A	0	0.005
GOLGA8B	1	0.005
GOLGA8F	1	0.005
GOLGA8G	0	0.005
GOLGA8H	3	0.005
GOLGA8J	7	0.005
GOLGA8K	7	0.005
GOLGA8M	15	0.005
GOLGA8N	0	0.005
GOLGA8O	1	0.005
GOLGA8Q	1	0.005
GOLGA8R	2	0.005
GOLGA8S	14	0.005
GOLGA8T	1	0.005
GOLGB1	21	0.005
GOLIM4	5	0.005
GOLM1	5	0.005
GOLM2	3	0.005
GOLPH3	0	0.005
GOLPH3L	2	0.005
GOLT1A	0	0.005
GOLT1B	0	0.005
GON4L	10	0.005
GON7	0	0.005
GOPC	0	0.005
GORAB	1	0.005
GORASP1	8	0.005
GORASP2	2	0.005
GOSR1	1	0.005
GOSR2	3	0.005
GOT1	2	0.005
GOT1L1	2	0.005
GOT2	7	0.005
GP1BA	18	0.0005
GP1BB	8	0.0005
GP2	1	0.005
GP5	5	0.005
GP6	7	0.005
GP9	7	0.0007
GPA33	5	0.005
GPAA1	6	0.005
GPALPP1	4	0.005
GPAM	7	0.005
GPANK1	6	0.005
GPAT2	5	0.005
GPAT3	2	0.005
GPAT4	1	0.005
GPATCH1	9	0.005
GPATCH11	1	0.005
GPATCH2	3	0.005
GPATCH2L	0	0.005
GPATCH3	1	0.005
GPATCH4	0	0.005
GPATCH8	8	0.005
GPBAR1	4	0.005
GPBP1	3	0.005
GPBP1L1	1	0.005
GPC1	5	0.005
GPC2	0	0.005
GPC3	1	0.005
GPC4	3	0.005
GPC5	2	0.005
GPC6	4	0.005
GPCPD1	2	0.005
GPD1	3	0.005
GPD1L	0	0.005
GPD2	4	0.005
GPER1	3	0.005
GPHA2	0	0.005
GPHB5	4	0.005
GPHN	2	0.005
GPI	1	0.005
GPIHBP1	3	0.005
GPKOW	5	0.005
GPLD1	14	0.005
GPM6A	0	0.005
GPM6B	0	0.005
GPN1	3	0.005
GPN2	3	0.005
GPN3	2	0.005
GPNMB	5	0.005
GPR101	6	0.005
GPR107	0	0.005
GPR108	7	0.005
GPR119	2	0.005
GPR12	1	0.005
GPR132	2	0.005
GPR135	8	0.005
GPR137	2	0.005
GPR137B	2	0.005
GPR137C	2	0.005
GPR139	2	0.005
GPR141	2	0.005
GPR142	9	0.005
GPR143	1	0.005
GPR146	5	0.005
GPR148	9	0.005
GPR149	4	0.005
GPR15	6	0.005
GPR150	3	0.005
GPR151	6	0.005
GPR152	4	0.005
GPR153	13	0.005
GPR155	2	0.005
GPR156	10	0.005
GPR157	4	0.005
GPR158	7	0.005
GPR15LG	2	0.005
GPR160	5	0.005
GPR161	1	0.005
GPR162	5	0.005
GPR17	3	0.005
GPR171	1	0.005
GPR173	0	0.005
GPR174	1	0.005
GPR176	1	0.005
GPR179	33	0.005
GPR18	1	0.005
GPR180	3	0.005
GPR183	2	0.005
GPR19	3	0.005
GPR20	5	0.005
GPR21	2	0.005
GPR22	0	0.005
GPR25	3	0.005
GPR26	0	0.005
GPR27	0	0.005
GPR3	1	0.005
GPR31	5	0.005
GPR32	4	0.005
GPR33	4	0.005
GPR34	1	0.005
GPR35	9	0.005
GPR37	3	0.005
GPR37L1	4	0.005
GPR39	3	0.005
GPR4	0	0.005
GPR42	1	0.005
GPR45	2	0.005
GPR50	3	0.005
GPR52	1	0.005
GPR55	4	0.005
GPR6	2	0.005
GPR61	0	0.005
GPR62	5	0.005
GPR63	2	0.005
GPR65	2	0.005
GPR68	1	0.005
GPR75	7	0.005
GPR78	6	0.005
GPR82	2	0.005
GPR83	4	0.005
GPR84	6	0.005
GPR85	0	0.005
GPR87	1	0.005
GPR88	1	0.005
GPR89A	0	0.005
GPR89B	0	0.005
GPRASP1	7	0.005
GPRASP2	2	0.005
GPRASP3	3	0.005
GPRC5A	6	0.005
GPRC5B	2	0.005
GPRC5C	3	0.005
GPRC5D	3	0.005
GPRC6A	11	0.005
GPRIN1	11	0.005
GPRIN2	15	0.005
GPRIN3	19	0.005
GPS1	1	0.005
GPS2	1	0.005
GPSM1	2	0.005
GPSM2	5	0.005
GPSM3	1	0.005
GPT	4	0.005
GPT2	1	0.005
GPX1	3	0.005
GPX2	4	0.005
GPX3	0	0.005
GPX4	2	0.005
GPX5	5	0.005
GPX6	9	0.005
GPX7	1	0.005
GPX8	1	0.005
GRAMD1A	1	0.005
GRAMD1B	5	0.005
GRAMD1C	5	0.005
GRAMD2A	3	0.005
GRAMD2B	1	0.005
GRAMD4	1	0.005
GRAP	0	0.005
GRAP2	3	0.005
GRAPL	0	0.005
GRB10	5	0.005
GRB14	4	0.005
GRB2	0	0.005
GRB7	7	0.005
GREB1	20	0.005
GREB1L	6	0.005
GREM1	0	0.005
GREM2	0	0.005
GREP1	0	0.005
GRHL1	2	0.005
GRHL2	2	0.005
GRHL3	8	0.005
GRHPR	4	0.005
GRIA1	1	0.005
GRIA2	1	0.005
GRIA3	1	0.005
GRIA4	0	0.005
GRID1	2	0.005
GRID2	4	0.005
GRID2IP	11	0.005
GRIFIN	5	0.005
GRIK1	0	0.005
GRIK2	2	0.005
GRIK3	3	0.005
GRIK4	6	0.005
GRIK5	2	0.005
GRIN1	0	0.005
GRIN2A	3	0.005
GRIN2B	0	0.005
GRIN2C	13	0.005
GRIN2D	1	0.005
GRIN3A	11	0.005
GRIN3B	34	0.005
GRINA	0	0.005
GRIP1	7	0.005
GRIP2	11	0.005
GRIPAP1	1	0.005
GRK1	4	0.005
GRK2	0	0.005
GRK3	0	0.005
GRK4	8	0.005
GRK5	6	0.005
GRK6	3	0.005
GRK7	8	0.005
GRM1	10	0.005
GRM2	6	0.005
GRM3	1	0.005
GRM4	2	0.005
GRM5	2	0.005
GRM6	18	0.005
GRM7	1	0.005
GRM8	7	0.005
GRN	5	0.005
GRP	1	0.005
GRPEL1	2	0.005
GRPEL2	0	0.005
GRPR	1	0.005
GRSF1	6	0.005
GRTP1	7	0.005
GRWD1	2	0.005
GRXCR1	4	0.005
GRXCR2	4	0.005
GSAP	6	0.005
GSC	1	0.005
GSC2	3	0.005
GSDMA	7	0.005
GSDMB	6	0.005
GSDMC	7	0.005
GSDMD	9	0.005
GSDME	9	0.005
GSE1	6	0.005
GSG1	5	0.005
GSG1L	2	0.005
GSG1L2	8	0.005
GSK3A	0	0.005
GSK3B	0	0.005
GSKIP	0	0.005
GSN	12	0.005
GSPT1	5	0.005
GSPT2	1	0.005
GSR	4	0.005
GSS	1	0.005
GSTA1	2	0.005
GSTA2	5	0.005
GSTA3	6	0.005
GSTA4	1	0.005
GSTA5	2	0.005
GSTCD	2	0.005
GSTK1	1	0.005
GSTM1	2	0.005
GSTM2	1	0.005
GSTM3	3	0.005
GSTM4	1	0.005
GSTM5	7	0.005
GSTO1	5	0.005
GSTO2	2	0.005
GSTP1	2	0.005
GSTT1	0	0.005
GSTT2	0	0.005
GSTT2B	0	0.005
GSTT4	2	0.005
GSTZ1	3	0.005
GSX1	1	0.005
GSX2	1	0.005
GTF2A1	0	0.005
GTF2A1L	6	0.005
GTF2A2	0	0.005
GTF2B	1	0.005
GTF2E1	4	0.005
GTF2E2	0	0.005
GTF2F1	1	0.005
GTF2F2	0	0.005
GTF2H1	2	0.005
GTF2H2	1	0.005
GTF2H2C	0	0.005
GTF2H2C_2	0	0.005
GTF2H3	0	0.005
GTF2H4	1	0.005
GTF2H5	0	0.005
GTF2I	0	0.005
GTF2IRD1	2	0.005
GTF2IRD2	3	0.005
GTF2IRD2B	1	0.005
GTF3A	2	0.005
GTF3C1	12	0.005
GTF3C2	1	0.005
GTF3C3	1	0.005
GTF3C4	3	0.005
GTF3C5	0	0.005
GTF3C6	1	0.005
GTPBP1	1	0.005
GTPBP10	7	0.005
GTPBP2	1	0.005
GTPBP3	6	0.005
GTPBP4	4	0.005
GTPBP6	18	0.005
GTPBP8	3	0.005
GTSE1	14	0.005
GTSF1	0	0.005
GTSF1L	4	0.005
GUCA1A	1	0.005
GUCA1B	3	0.005
GUCA1C	3	0.005
GUCA2A	3	0.005
GUCA2B	2	0.005
GUCD1	0	0.005
GUCY1A1	3	0.005
GUCY1A2	0	0.005
GUCY1B1	0	0.005
GUCY2C	2	0.005
GUCY2D	15	0.0016
GUCY2F	14	0.005
GUF1	5	0.005
GUK1	0	0.005
GULP1	1	0.005
GUSB	1	0.005
GVQW3	0	0.005
GXYLT1	3	0.005
GXYLT2	2	0.005
GYG1	3	0.005
GYG2	4	0.005
GYPA	4	0.005
GYPB	7	0.005
GYPC	4	0.005
GYPE	0	0.005
GYS1	3	0.005
GYS2	8	0.005
GZF1	5	0.005
GZMA	4	0.005
GZMB	4	0.005
GZMH	4	0.005
GZMK	1	0.005
GZMM	8	0.005
H1-0	0	0.005
H1-1	7	0.005
H1-10	0	0.005
H1-2	12	0.005
H1-3	3	0.005
H1-4	1	0.005
H1-5	6	0.005
H1-6	9	0.005
H1-7	5	0.005
H1-8	5	0.005
H2AB1	0	0.005
H2AB2	0	0.005
H2AB3	0	0.005
H2AC1	0	0.005
H2AC11	0	0.005
H2AC12	0	0.005
H2AC13	0	0.005
H2AC14	0	0.005
H2AC15	2	0.005
H2AC16	1	0.005
H2AC17	0	0.005
H2AC18	0	0.005
H2AC19	0	0.005
H2AC20	0	0.005
H2AC21	0	0.005
H2AC25	0	0.005
H2AC4	0	0.005
H2AC6	0	0.005
H2AC7	0	0.005
H2AC8	0	0.005
H2AJ	0	0.005
H2AL3	0	0.005
H2AP	2	0.005
H2AX	0	0.005
H2AZ1	0	0.005
H2AZ2	0	0.005
H2BC1	1	0.005
H2BC10	0	0.005
H2BC11	0	0.005
H2BC12	0	0.005
H2BC12L	0	0.005
H2BC13	1	0.005
H2BC14	0	0.005
H2BC15	0	0.005
H2BC17	0	0.005
H2BC18	1	0.005
H2BC21	0	0.005
H2BC26	0	0.005
H2BC3	1	0.005
H2BC4	0	0.005
H2BC5	1	0.005
H2BC6	2	0.005
H2BC7	0	0.005
H2BC8	1	0.005
H2BC9	0	0.005
H2BK1	2	0.005
H2BN1	2	0.005
H2BW1	3	0.005
H2BW2	3	0.005
H3-3A	0	0.005
H3-3B	0	0.005
H3-4	4	0.005
H3-5	5	0.005
H3-7	1	0.005
H3C1	1	0.005
H3C10	0	0.005
H3C11	0	0.005
H3C12	0	0.005
H3C13	0	0.005
H3C14	0	0.005
H3C15	0	0.005
H3C2	0	0.005
H3C3	0	0.005
H3C4	0	0.005
H3C6	0	0.005
H3C7	0	0.005
H3C8	0	0.005
H3Y1	2	0.005
H3Y2	2	0.005
H4C1	0	0.005
H4C11	0	0.005
H4C12	0	0.005
H4C13	1	0.005
H4C14	0	0.005
H4C15	0	0.005
H4C16	0	0.005
H4C2	0	0.005
H4C3	0	0.005
H4C4	0	0.005
H4C5	0	0.005
H4C6	0	0.005
H4C7	1	0.005
H4C8	0	0.005
H4C9	0	0.005
H6PD	11	0.005
HAAO	4	0.005
HABP2	6	0.005
HABP4	0	0.005
HACD1	4	0.005
HACD2	1	0.005
HACD3	3	0.005
HACD4	2	0.005
HACE1	1	0.005
HACL1	4	0.005
HACL2	0	0.005
HADH	4	0.005
HADHA	2	0.005
HADHB	1	0.005
HAGH	6	0.005
HAGHL	1	0.005
HAL	4	0.005
HAMP	0	0.005
HAND1	0	0.005
HAND2	1	0.005
HAO1	3	0.005
HAO2	3	0.005
HAP1	15	0.005
HAPLN1	1	0.005
HAPLN2	1	0.005
HAPLN3	1	0.005
HAPLN4	1	0.005
HAPSTR1	1	0.005
HAPSTR2	0	0.005
HARBI1	1	0.005
HARS1	5	0.005
HARS2	2	0.005
HAS1	4	0.005
HAS2	0	0.005
HAS3	3	0.005
HASPIN	13	0.005
HAT1	2	0.005
HAUS1	3	0.005
HAUS2	2	0.005
HAUS3	3	0.005
HAUS4	2	0.005
HAUS5	7	0.005
HAUS6	16	0.005
HAUS7	3	0.005
HAUS8	4	0.005
HAVCR1	7	0.005
HAVCR2	4	0.005
HAX1	0	0.005
HBA1	0	0.005
HBA2	0	0.001
HBB	4	0.001
HBD	2	0.005
HBE1	0	0.005
HBEGF	0	0.005
HBG1	0	0.005
HBG2	0	0.005
HBM	1	0.005
HBP1	0	0.005
HBQ1	4	0.005
HBS1L	7	0.005
HBZ	0	0.005
HCAR1	4	0.005
HCAR2	0	0.005
HCAR3	5	0.005
HCCS	1	0.005
HCFC1	3	0.005
HCFC1R1	1	0.005
HCFC2	3	0.005
HCK	2	0.005
HCLS1	7	0.005
HCN1	1	0.005
HCN2	6	0.005
HCN3	7	0.005
HCN4	7	0.005
HCRT	2	0.005
HCRTR1	4	0.005
HCRTR2	6	0.005
HCST	0	0.005
HDAC1	0	0.005
HDAC10	6	0.005
HDAC11	1	0.005
HDAC2	0	0.005
HDAC3	1	0.005
HDAC4	3	0.005
HDAC5	3	0.005
HDAC6	3	0.005
HDAC7	6	0.005
HDAC8	0	0.005
HDAC9	1	0.005
HDC	4	0.005
HDDC2	0	0.005
HDDC3	1	0.005
HDGF	2	0.005
HDGFL1	4	0.005
HDGFL2	6	0.005
HDGFL3	0	0.005
HDHD2	2	0.005
HDHD3	3	0.005
HDHD5	4	0.005
HDLBP	4	0.005
HDX	3	0.005
HEATR1	33	0.005
HEATR3	7	0.005
HEATR4	13	0.005
HEATR5A	20	0.005
HEATR5B	8	0.005
HEATR6	9	0.005
HEATR9	9	0.005
HEBP1	2	0.005
HEBP2	2	0.005
HECA	0	0.005
HECTD1	5	0.005
HECTD2	2	0.005
HECTD3	4	0.005
HECTD4	6	0.005
HECW1	7	0.005
HECW2	6	0.005
HEG1	18	0.005
HELB	13	0.005
HELLS	1	0.005
HELQ	12	0.005
HELT	1	0.005
HELZ	8	0.005
HELZ2	46	0.005
HEMGN	0	0.005
HEMK1	3	0.005
HEMK2	0	0.005
HENMT1	4	0.005
HEPACAM	4	0.005
HEPACAM2	3	0.005
HEPH	8	0.005
HEPHL1	9	0.005
HEPN1	3	0.005
HERC1	20	0.005
HERC2	15	0.005
HERC3	2	0.005
HERC4	1	0.005
HERC5	4	0.005
HERC6	10	0.005
HERPUD1	1	0.005
HERPUD2	4	0.005
HES1	0	0.005
HES2	1	0.005
HES3	4	0.005
HES4	5	0.005
HES5	2	0.005
HES6	1	0.005
HES7	0	0.005
HESX1	1	0.005
HEXA	3	0.005
HEXB	7	0.005
HEXD	3	0.005
HEXIM1	1	0.005
HEXIM2	3	0.005
HEY1	1	0.005
HEY2	2	0.005
HEYL	3	0.005
HFE	4	0.005
HFM1	6	0.005
HGD	4	0.005
HGF	2	0.005
HGFAC	15	0.005
HGH1	2	0.005
HGS	3	0.005
HGSNAT	5	0.005
HHAT	6	0.005
HHATL	5	0.005
HHEX	1	0.005
HHIP	4	0.005
HHIPL1	4	0.005
HHIPL2	12	0.005
HHLA1	3	0.005
HHLA2	9	0.005
HIBADH	0	0.005
HIBCH	4	0.005
HIC1	3	0.005
HIC2	5	0.005
HID1	2	0.005
HIF1A	5	0.005
HIF1AN	2	0.005
HIF3A	4	0.005
HIGD1A	0	0.005
HIGD1B	4	0.005
HIGD1C	3	0.005
HIGD2A	0	0.005
HIGD2B	1	0.005
HIKESHI	1	0.005
HILPDA	0	0.005
HINFP	4	0.005
HINT1	0	0.005
HINT2	0	0.005
HINT3	2	0.005
HIP1	6	0.005
HIP1R	10	0.005
HIPK1	1	0.005
HIPK2	1	0.005
HIPK3	6	0.005
HIPK4	13	0.005
HIRA	0	0.005
HIRIP3	8	0.005
HIVEP1	25	0.005
HIVEP2	8	0.005
HIVEP3	29	0.005
HJURP	10	0.005
HJV	2	0.005
HK1	0	0.005
HK2	4	0.005
HK3	12	0.005
HKDC1	13	0.005
HLA-A	38	0.005
HLA-B	23	0.005
HLA-C	40	0.005
HLA-DMA	4	0.005
HLA-DMB	7	0.005
HLA-DOA	4	0.005
HLA-DOB	4	0.005
HLA-DPA1	19	0.005
HLA-DPB1	28	0.005
HLA-DQA1	16	0.005
HLA-DQA2	8	0.005
HLA-DQB1	47	0.005
HLA-DQB2	3	0.005
HLA-DRA	3	0.005
HLA-DRB1	50	0.005
HLA-DRB3	0	0.005
HLA-DRB4	0	0.005
HLA-DRB5	28	0.005
HLA-E	4	0.005
HLA-F	7	0.005
HLA-G	3	0.005
HLCS	6	0.005
HLF	0	0.005
HLTF	10	0.005
HLX	8	0.005
HM13	1	0.005
HMBOX1	0	0.005
HMBS	0	0.005
HMCES	1	0.005
HMCN1	39	0.005
HMCN2	59	0.005
HMG20A	0	0.005
HMG20B	1	0.005
HMGA1	0	0.005
HMGA2	1	0.005
HMGB1	0	0.005
HMGB2	0	0.005
HMGB3	0	0.005
HMGB4	5	0.005
HMGCL	1	0.005
HMGCLL1	1	0.005
HMGCR	2	0.005
HMGCS1	1	0.005
HMGCS2	1	0.005
HMGN1	1	0.005
HMGN2	0	0.005
HMGN3	1	0.005
HMGN4	2	0.005
HMGN5	4	0.005
HMGXB3	11	0.005
HMGXB4	1	0.005
HMHB1	1	0.005
HMMR	12	0.005
HMOX1	2	0.005
HMOX2	1	0.005
HMSD	0	0.005
HMX1	4	0.005
HMX2	1	0.005
HMX3	4	0.005
HNF1A	13	3.3e-05
HNF1B	2	0.005
HNF4A	7	3.3e-05
HNF4G	2	0.005
HNMT	1	0.005
HNRNPA0	0	0.005
HNRNPA1	0	0.005
HNRNPA1L2	7	0.005
HNRNPA1L3	8	0.005
HNRNPA2B1	0	0.005
HNRNPA3	0	0.005
HNRNPAB	0	0.005
HNRNPC	0	0.005
HNRNPCL1	16	0.005
HNRNPCL2	9	0.005
HNRNPCL3	0	0.005
HNRNPCL4	0	0.005
HNRNPD	0	0.005
HNRNPDL	4	0.005
HNRNPF	1	0.005
HNRNPH1	0	0.005
HNRNPH2	0	0.005
HNRNPH3	2	0.005
HNRNPK	0	0.005
HNRNPL	0	0.005
HNRNPLL	2	0.005
HNRNPM	0	0.005
HNRNPR	0	0.005
HNRNPU	0	0.005
HNRNPUL1	1	0.005
HNRNPUL2	4	0.005
HOATZ	5	0.005
HOGA1	1	0.005
HOMER1	0	0.005
HOMER2	1	0.005
HOMER3	3	0.005
HOMEZ	4	0.005
HOOK1	2	0.005
HOOK2	9	0.005
HOOK3	0	0.005
HOPX	0	0.005
HORMAD1	2	0.005
HORMAD2	4	0.005
HOXA1	3	0.005
HOXA10	2	0.005
HOXA11	0	0.005
HOXA13	2	0.005
HOXA2	0	0.005
HOXA3	2	0.005
HOXA4	4	0.005
HOXA5	1	0.005
HOXA6	0	0.005
HOXA7	3	0.005
HOXA9	2	0.005
HOXB1	3	0.005
HOXB13	1	0.005
HOXB2	3	0.005
HOXB3	3	0.005
HOXB4	1	0.005
HOXB5	0	0.005
HOXB6	0	0.005
HOXB7	3	0.005
HOXB8	2	0.005
HOXB9	3	0.005
HOXC10	2	0.005
HOXC11	3	0.005
HOXC12	2	0.005
HOXC13	1	0.005
HOXC4	2	0.005
HOXC5	1	0.005
HOXC6	1	0.005
HOXC8	1	0.005
HOXC9	1	0.005
HOXD1	2	0.005
HOXD10	1	0.005
HOXD11	4	0.005
HOXD12	2	0.005
HOXD13	3	0.005
HOXD3	2	0.005
HOXD4	2	0.005
HOXD8	3	0.005
HOXD9	4	0.005
HP	1	0.005
HP1BP3	1	0.005
HPCA	0	0.005
HPCAL1	0	0.005
HPCAL4	0	0.005
HPD	6	0.005
HPDL	0	0.005
HPF1	2	0.005
HPGD	2	0.005
HPGDS	4	0.005
HPN	1	0.005
HPR	11	0.005
HPRT1	0	0.005
HPS1	12	0.005
HPS3	6	0.005
HPS4	13	0.005
HPS5	8	0.005
HPS6	3	0.005
HPSE	4	0.005
HPSE2	4	0.005
HPX	8	0.005
HR	23	0.005
HRAS	2	0.00025
HRC	10	0.005
HRCT1	7	0.005
HRG	18	0.005
HRH1	4	0.005
HRH2	0	0.005
HRH3	1	0.005
HRH4	6	0.005
HRK	0	0.005
HRNR	54	0.005
HROB	4	0.005
HRURF	0	0.005
HS1BP3	8	0.005
HS2ST1	1	0.005
HS3ST1	1	0.005
HS3ST2	3	0.005
HS3ST3A1	3	0.005
HS3ST3B1	4	0.005
HS3ST4	4	0.005
HS3ST5	1	0.005
HS3ST6	10	0.005
HS6ST1	3	0.005
HS6ST2	3	0.005
HS6ST3	3	0.005
HSBP1	0	0.005
HSBP1L1	1	0.005
HSCB	2	0.005
HSD11B1	0	0.005
HSD11B1L	1	0.005
HSD11B2	1	0.005
HSD17B1	2	0.005
HSD17B10	0	0.005
HSD17B11	1	0.005
HSD17B12	2	0.005
HSD17B13	6	0.005
HSD17B14	3	0.005
HSD17B2	4	0.005
HSD17B3	2	0.005
HSD17B4	9	0.005
HSD17B6	0	0.005
HSD17B7	2	0.005
HSD17B8	3	0.005
HSD3B1	6	0.005
HSD3B2	3	0.005
HSD3B7	5	0.005
HSDL1	1	0.005
HSDL2	1	0.005
HSF1	2	0.005
HSF2	0	0.005
HSF2BP	0	0.005
HSF4	1	0.005
HSF5	3	0.005
HSFX1	0	0.005
HSFX2	0	0.005
HSFX3	2	0.005
HSFX4	1	0.005
HSFY1	0	0.005
HSFY2	0	0.005
HSH2D	3	0.005
HSP90AA1	1	0.005
HSP90AB1	0	0.005
HSP90B1	1	0.005
HSPA12A	1	0.005
HSPA12B	5	0.005
HSPA13	0	0.005
HSPA14	1	0.005
HSPA1A	0	0.005
HSPA1B	1	0.005
HSPA1L	8	0.005
HSPA2	1	0.005
HSPA4	4	0.005
HSPA4L	3	0.005
HSPA5	1	0.005
HSPA6	7	0.005
HSPA8	0	0.005
HSPA9	1	0.005
HSPB1	0	0.005
HSPB2	1	0.005
HSPB3	1	0.005
HSPB6	2	0.005
HSPB7	4	0.005
HSPB8	1	0.005
HSPB9	5	0.005
HSPBAP1	6	0.005
HSPBP1	4	0.005
HSPD1	1	0.005
HSPE1	0	0.005
HSPG2	57	0.005
HSPH1	4	0.005
HTATIP2	1	0.005
HTATSF1	1	0.005
HTD2	1	0.005
HTN1	2	0.005
HTN3	3	0.005
HTR1A	5	0.005
HTR1B	1	0.005
HTR1D	3	0.005
HTR1E	1	0.005
HTR1F	0	0.005
HTR2A	3	0.005
HTR2B	6	0.005
HTR2C	0	0.005
HTR3A	3	0.005
HTR3B	5	0.005
HTR3C	9	0.005
HTR3D	10	0.005
HTR3E	7	0.005
HTR4	2	0.005
HTR5A	1	0.005
HTR6	1	0.005
HTR7	1	0.005
HTRA1	3	0.005
HTRA2	2	0.005
HTRA3	3	0.005
HTRA4	5	0.005
HTT	18	0.005
HUNK	4	0.005
HUS1	2	0.005
HUS1B	9	0.005
HUWE1	1	0.005
HVCN1	4	0.005
HYAL1	6	0.005
HYAL2	2	0.005
HYAL3	3	0.005
HYAL4	7	0.005
HYCC1	7	0.005
HYCC2	1	0.005
HYDIN	27	0.005
HYI	5	0.005
HYKK	3	0.005
HYLS1	3	0.005
HYOU1	1	0.005
HYPK	1	0.005
IAH1	1	0.005
IAPP	1	0.005
IARS1	10	0.005
IARS2	5	0.005
IBA57	3	0.005
IBSP	7	0.005
IBTK	5	0.005
ICA1	1	0.005
ICA1L	2	0.005
ICAM1	6	0.005
ICAM2	2	0.005
ICAM3	7	0.005
ICAM4	1	0.005
ICAM5	4	0.005
ICE1	15	0.005
ICE2	5	0.005
ICMT	1	0.005
ICOS	2	0.005
ICOSLG	0	0.005
ID1	2	0.005
ID2	0	0.005
ID3	4	0.005
ID4	1	0.005
IDE	2	0.005
IDH1	3	0.005
IDH2	2	0.005
IDH3A	2	0.005
IDH3B	1	0.005
IDH3G	3	0.005
IDI1	2	0.005
IDI2	1	0.005
IDNK	3	0.005
IDO1	2	0.005
IDO2	7	0.005
IDS	4	0.005
IDUA	20	0.0025
IER2	3	0.005
IER3	2	0.005
IER3IP1	1	0.005
IER5	6	0.005
IER5L	1	0.005
IFFO1	4	0.005
IFFO2	3	0.005
IFI16	12	0.005
IFI27	2	0.005
IFI27L1	1	0.005
IFI27L2	0	0.005
IFI30	3	0.005
IFI35	5	0.005
IFI44	3	0.005
IFI44L	9	0.005
IFI6	0	0.005
IFIH1	9	0.005
IFIT1	1	0.005
IFIT1B	4	0.005
IFIT2	6	0.005
IFIT3	2	0.005
IFIT5	3	0.005
IFITM1	1	0.005
IFITM10	5	0.005
IFITM2	3	0.005
IFITM3	1	0.005
IFITM5	4	0.005
IFNA1	2	0.005
IFNA10	11	0.005
IFNA13	2	0.005
IFNA14	3	0.005
IFNA16	9	0.005
IFNA17	5	0.005
IFNA2	5	0.005
IFNA21	6	0.005
IFNA4	6	0.005
IFNA5	2	0.005
IFNA6	1	0.005
IFNA7	5	0.005
IFNA8	1	0.005
IFNAR1	3	0.005
IFNAR2	5	0.005
IFNB1	3	0.005
IFNE	3	0.005
IFNG	0	0.005
IFNGR1	5	0.005
IFNGR2	4	0.005
IFNK	3	0.005
IFNL1	2	0.005
IFNL2	6	0.005
IFNL3	11	0.005
IFNL4	0	0.005
IFNLR1	6	0.005
IFNW1	3	0.005
IFRD1	1	0.005
IFRD2	9	0.005
IFT122	7	0.005
IFT140	20	0.005
IFT172	10	0.005
IFT20	1	0.005
IFT22	0	0.005
IFT25	0	0.005
IFT27	2	0.005
IFT43	2	0.005
IFT46	3	0.005
IFT52	0	0.005
IFT56	1	0.005
IFT57	2	0.005
IFT70A	5	0.005
IFT70B	8	0.005
IFT74	5	0.005
IFT80	4	0.005
IFT81	3	0.005
IFT88	8	0.005
IFTAP	3	0.005
IGBP1	2	0.005
IGBP1C	0	0.005
IGDCC3	8	0.005
IGDCC4	15	0.005
IGF1	1	0.005
IGF1R	3	0.005
IGF2	1	0.005
IGF2BP1	1	0.005
IGF2BP2	0	0.005
IGF2BP3	0	0.005
IGF2R	25	0.005
IGFALS	5	0.005
IGFBP1	4	0.005
IGFBP2	0	0.005
IGFBP3	5	0.005
IGFBP4	1	0.005
IGFBP5	1	0.005
IGFBP6	3	0.005
IGFBP7	2	0.005
IGFBPL1	2	0.005
IGFL1	2	0.005
IGFL2	2	0.005
IGFL3	1	0.005
IGFL4	2	0.005
IGFLR1	5	0.005
IGFN1	72	0.005
IGHMBP2	14	0.005
IGIP	2	0.005
IGLL1	13	0.005
IGLL5	4	0.005
IGLON5	2	0.005
IGSF1	9	0.005
IGSF10	30	0.005
IGSF11	4	0.005
IGSF21	4	0.005
IGSF22	29	0.005
IGSF23	1	0.005
IGSF3	9	0.005
IGSF5	9	0.005
IGSF6	1	0.005
IGSF8	2	0.005
IGSF9	10	0.005
IGSF9B	7	0.005
IHH	2	0.005
IHO1	3	0.005
IK	2	0.005
IKBIP	4	0.005
IKBKB	2	0.005
IKBKE	7	0.005
IKBKG	0	0.005
IKZF1	1	0.005
IKZF2	2	0.005
IKZF3	1	0.005
IKZF4	1	0.005
IKZF5	1	0.005
IL10	0	0.005
IL10RA	11	0.005
IL10RB	2	0.005
IL11	2	0.005
IL11RA	7	0.005
IL12A	1	0.005
IL12B	6	0.005
IL12RB1	12	0.005
IL12RB2	10	0.005
IL13	2	0.005
IL13RA1	1	0.005
IL13RA2	1	0.005
IL15	0	0.005
IL15RA	5	0.005
IL16	14	0.005
IL17A	0	0.005
IL17B	0	0.005
IL17C	3	0.005
IL17D	2	0.005
IL17F	3	0.005
IL17RA	11	0.005
IL17RB	8	0.005
IL17RC	8	0.005
IL17RD	8	0.005
IL17RE	13	0.005
IL17REL	5	0.005
IL18	0	0.005
IL18BP	2	0.005
IL18R1	5	0.005
IL18RAP	2	0.005
IL19	1	0.005
IL1A	4	0.005
IL1B	0	0.005
IL1F10	3	0.005
IL1R1	5	0.005
IL1R2	5	0.005
IL1RAP	1	0.005
IL1RAPL1	0	0.005
IL1RAPL2	0	0.005
IL1RL1	18	0.005
IL1RL2	7	0.005
IL1RN	1	0.005
IL2	0	0.005
IL20	1	0.005
IL20RA	5	0.005
IL20RB	1	0.005
IL21	0	0.005
IL21R	4	0.005
IL22	1	0.005
IL22RA1	10	0.005
IL22RA2	3	0.005
IL23A	0	0.005
IL23R	5	0.005
IL24	3	0.005
IL25	3	0.005
IL26	1	0.005
IL27	3	0.005
IL27RA	6	0.005
IL2RA	1	0.005
IL2RB	6	0.005
IL2RG	0	0.00249
IL3	2	0.005
IL31	1	0.005
IL31RA	8	0.005
IL32	6	0.005
IL33	3	0.005
IL34	2	0.005
IL36A	4	0.005
IL36B	1	0.005
IL36G	2	0.005
IL36RN	1	0.005
IL37	8	0.005
IL3RA	3	0.005
IL4	1	0.005
IL4I1	5	0.005
IL4R	15	0.005
IL5	0	0.005
IL5RA	3	0.005
IL6	4	0.005
IL6R	2	0.005
IL6ST	8	0.005
IL7	1	0.005
IL7R	19	0.00126
IL9	1	0.005
IL9R	11	0.005
ILDR1	9	0.005
ILDR2	1	0.005
ILF2	0	0.005
ILF3	2	0.005
ILK	1	0.005
ILKAP	1	0.005
ILRUN	0	0.005
IMMP1L	1	0.005
IMMP2L	1	0.005
IMMT	3	0.005
IMP3	2	0.005
IMP4	4	0.005
IMPA1	2	0.005
IMPA2	4	0.005
IMPACT	3	0.005
IMPDH1	0	0.005
IMPDH2	0	0.005
IMPG1	13	0.005
IMPG2	8	0.005
INA	2	0.005
INAFM1	3	0.005
INAFM2	1	0.005
INAVA	8	0.005
INCA1	2	0.005
INCENP	14	0.005
INF2	13	0.005
ING1	0	0.005
ING2	0	0.005
ING3	0	0.005
ING4	1	0.005
ING5	0	0.005
INHA	2	0.005
INHBA	1	0.005
INHBB	1	0.005
INHBC	3	0.005
INHBE	0	0.005
INIP	0	0.005
INKA1	1	0.005
INKA2	0	0.005
INMT	10	0.005
INO80	3	0.005
INO80B	0	0.005
INO80C	2	0.005
INO80D	3	0.005
INO80E	1	0.005
INPP1	2	0.005
INPP4A	2	0.005
INPP4B	3	0.005
INPP5A	3	0.005
INPP5B	6	0.005
INPP5D	5	0.005
INPP5E	3	0.005
INPP5F	6	0.005
INPP5J	11	0.005
INPP5K	6	0.005
INPPL1	5	0.005
INS	1	0.005
INSC	8	0.005
INSIG1	0	0.005
INSIG2	0	0.005
INSL3	3	0.005
INSL4	2	0.005
INSL5	2	0.005
INSL6	5	0.005
INSM1	0	0.005
INSM2	6	0.005
INSR	2	0.005
INSRR	3	0.005
INSYN1	1	0.005
INSYN2A	5	0.005
INSYN2B	5	0.005
INTS1	4	0.005
INTS10	1	0.005
INTS11	0	0.005
INTS12	1	0.005
INTS13	3	0.005
INTS14	0	0.005
INTS15	4	0.005
INTS2	2	0.005
INTS3	0	0.005
INTS4	2	0.005
INTS5	4	0.005
INTS6	1	0.005
INTS6L	2	0.005
INTS7	3	0.005
INTS8	2	0.005
INTS9	1	0.005
INTU	7	0.005
INVS	4	0.005
IP6K1	1	0.005
IP6K2	2	0.005
IP6K3	14	0.005
IPCEF1	1	0.005
IPMK	2	0.005
IPO11	2	0.005
IPO13	0	0.005
IPO4	10	0.005
IPO5	0	0.005
IPO7	0	0.005
IPO8	2	0.005
IPO9	1	0.005
IPP	3	0.005
IPPK	3	0.005
IQANK1	20	0.005
IQCB1	5	0.005
IQCC	4	0.005
IQCE	18	0.005
IQCF1	4	0.005
IQCF2	3	0.005
IQCF3	1	0.005
IQCF5	3	0.005
IQCF6	5	0.005
IQCH	4	0.005
IQCJ	0	0.005
IQCK	2	0.005
IQCM	10	0.005
IQCN	31	0.005
IQGAP1	3	0.005
IQGAP2	17	0.005
IQGAP3	16	0.005
IQSEC1	13	0.005
IQSEC2	1	0.005
IQSEC3	8	0.005
IQUB	6	0.005
IRAG1	16	0.005
IRAG2	5	0.005
IRAK1	7	0.005
IRAK1BP1	4	0.005
IRAK2	13	0.005
IRAK3	5	0.005
IRAK4	3	0.005
IREB2	6	0.005
IRF1	0	0.005
IRF2	0	0.005
IRF2BP1	1	0.005
IRF2BP2	5	0.005
IRF2BPL	2	0.005
IRF3	5	0.005
IRF4	1	0.005
IRF5	1	0.005
IRF6	1	0.005
IRF7	4	0.005
IRF8	1	0.005
IRF9	1	0.005
IRGC	5	0.005
IRGM	2	0.005
IRGQ	3	0.005
IRS1	6	0.005
IRS2	4	0.005
IRS4	8	0.005
IRX1	2	0.005
IRX2	1	0.005
IRX3	4	0.005
IRX4	4	0.005
IRX5	3	0.005
IRX6	6	0.005
ISCA1	0	0.005
ISCA2	0	0.005
ISCU	6	0.005
ISG15	2	0.005
ISG20	1	0.005
ISG20L2	1	0.005
ISL1	0	0.005
ISL2	1	0.005
ISLR	1	0.005
ISLR2	2	0.005
ISM1	6	0.005
ISM2	6	0.005
ISOC1	1	0.005
ISOC2	0	0.005
IST1	2	0.005
ISX	8	0.005
ISY1	0	0.005
ISYNA1	3	0.005
ITCH	1	0.005
ITFG1	0	0.005
ITFG2	0	0.005
ITGA1	6	0.005
ITGA10	15	0.005
ITGA11	10	0.005
ITGA2	11	0.005
ITGA2B	10	0.00158
ITGA3	7	0.005
ITGA4	3	0.005
ITGA5	3	0.005
ITGA6	5	0.005
ITGA7	11	0.005
ITGA8	7	0.005
ITGA9	8	0.005
ITGAD	7	0.005
ITGAE	16	0.005
ITGAL	6	0.005
ITGAM	7	0.005
ITGAV	2	0.005
ITGAX	8	0.005
ITGB1	0	0.005
ITGB1BP1	0	0.005
ITGB1BP2	2	0.005
ITGB2	5	0.005
ITGB3	10	0.00158
ITGB3BP	0	0.005
ITGB4	11	0.005
ITGB5	8	0.005
ITGB6	5	0.005
ITGB7	4	0.005
ITGB8	3	0.005
ITGBL1	3	0.005
ITIH1	5	0.005
ITIH2	10	0.005
ITIH3	13	0.005
ITIH4	6	0.005
ITIH5	18	0.005
ITIH6	17	0.005
ITK	1	0.005
ITLN1	3	0.005
ITLN2	7	0.005
ITM2A	1	0.005
ITM2B	1	0.005
ITM2C	4	0.005
ITPA	2	0.005
ITPK1	3	0.005
ITPKA	1	0.005
ITPKB	12	0.005
ITPKC	5	0.005
ITPR1	7	0.005
ITPR2	7	0.005
ITPR3	9	0.005
ITPRID1	14	0.005
ITPRID2	12	0.005
ITPRIP	4	0.005
ITPRIPL1	7	0.005
ITPRIPL2	3	0.005
ITSN1	3	0.005
ITSN2	11	0.005
IVD	1	0.005
IVL	16	0.005
IVNS1ABP	3	0.005
IWS1	4	0.005
IYD	5	0.005
IZUMO1	1	0.005
IZUMO1R	3	0.005
IZUMO2	1	0.005
IZUMO3	6	0.005
IZUMO4	1	0.005
JADE1	4	0.005
JADE2	3	0.005
JADE3	1	0.005
JAG1	4	0.005
JAG2	9	0.005
JAGN1	2	0.005
JAK1	0	0.005
JAK2	5	0.005
JAK3	12	0.001
JAKMIP1	0	0.005
JAKMIP2	1	0.005
JAKMIP3	3	0.005
JAM2	4	0.005
JAM3	1	0.005
JAML	6	0.005
JARID2	2	0.005
JAZF1	0	0.005
JCAD	18	0.005
JCHAIN	0	0.005
JDP2	1	0.005
JHY	4	0.005
JKAMP	0	0.005
JMJD1C	16	0.005
JMJD4	5	0.005
JMJD6	0	0.005
JMJD7	9	0.005
JMJD8	5	0.005
JMY	9	0.005
JOSD1	1	0.005
JOSD2	1	0.005
JPH1	7	0.005
JPH2	4	0.005
JPH3	3	0.005
JPH4	2	0.005
JPT1	2	0.005
JPT2	0	0.005
JRK	11	0.005
JRKL	0	0.005
JSRP1	6	0.005
JTB	1	0.005
JUN	0	0.005
JUNB	0	0.005
JUND	0	0.005
JUP	3	0.005
KALRN	7	0.005
KANK1	22	0.005
KANK2	11	0.005
KANK3	11	0.005
KANK4	14	0.005
KANSL1	11	0.005
KANSL1L	6	0.005
KANSL2	4	0.005
KANSL3	3	0.005
KANTR	0	0.005
KARS1	3	0.005
KASH5	5	0.005
KAT14	4	0.005
KAT2A	0	0.005
KAT2B	3	0.005
KAT5	0	0.005
KAT6A	4	0.005
KAT6B	5	0.005
KAT7	0	0.005
KAT8	1	0.005
KATNA1	2	0.005
KATNAL1	0	0.005
KATNAL2	3	0.005
KATNB1	4	0.005
KATNBL1	1	0.005
KATNIP	26	0.005
KAZALD1	5	0.005
KAZN	4	0.005
KBTBD11	1	0.005
KBTBD12	4	0.005
KBTBD13	7	0.005
KBTBD2	0	0.005
KBTBD3	1	0.005
KBTBD4	2	0.005
KBTBD6	2	0.005
KBTBD7	0	0.005
KBTBD8	3	0.005
KCMF1	0	0.005
KCNA1	0	0.005
KCNA10	6	0.005
KCNA2	0	0.005
KCNA3	3	0.005
KCNA4	3	0.005
KCNA5	6	0.005
KCNA6	0	0.005
KCNA7	5	0.005
KCNAB1	3	0.005
KCNAB2	5	0.005
KCNAB3	2	0.005
KCNB1	5	0.005
KCNB2	2	0.005
KCNC1	0	0.005
KCNC2	1	0.005
KCNC3	5	0.005
KCNC4	4	0.005
KCND1	3	0.005
KCND2	0	0.005
KCND3	0	0.005
KCNE1	0	0.005
KCNE2	3	0.005
KCNE3	1	0.005
KCNE4	1	0.005
KCNE5	2	0.005
KCNF1	0	0.005
KCNG1	0	0.005
KCNG2	2	0.005
KCNG3	0	0.005
KCNG4	14	0.005
KCNH1	1	0.005
KCNH2	2	0.005
KCNH3	5	0.005
KCNH4	1	0.005
KCNH5	2	0.005
KCNH6	10	0.005
KCNH7	6	0.005
KCNH8	5	0.005
KCNIP1	0	0.005
KCNIP2	0	0.005
KCNIP3	1	0.005
KCNIP4	0	0.005
KCNJ1	3	0.005
KCNJ10	3	0.005
KCNJ11	4	0.005
KCNJ12	0	0.005
KCNJ13	1	0.005
KCNJ14	5	0.005
KCNJ15	2	0.005
KCNJ16	3	0.005
KCNJ18	11	0.005
KCNJ2	0	0.005
KCNJ3	1	0.005
KCNJ4	0	0.005
KCNJ5	2	0.005
KCNJ6	0	0.005
KCNJ8	1	0.005
KCNJ9	0	0.005
KCNK1	1	0.005
KCNK10	2	0.005
KCNK12	1	0.005
KCNK13	6	0.005
KCNK15	7	0.005
KCNK16	5	0.005
KCNK17	8	0.005
KCNK18	8	0.005
KCNK2	1	0.005
KCNK3	0	0.005
KCNK4	1	0.005
KCNK5	3	0.005
KCNK6	8	0.005
KCNK7	3	0.005
KCNK9	0	0.005
KCNMA1	2	0.005
KCNMB1	5	0.005
KCNMB2	0	0.005
KCNMB3	8	0.005
KCNMB4	0	0.005
KCNN1	2	0.005
KCNN2	6	0.005
KCNN3	2	0.005
KCNN4	2	0.005
KCNQ1	12	0.0004
KCNQ2	4	0.005
KCNQ3	4	0.005
KCNQ4	3	0.003
KCNQ5	2	0.005
KCNRG	1	0.005
KCNS1	3	0.005
KCNS2	1	0.005
KCNS3	6	0.005
KCNT1	6	0.005
KCNT2	1	0.005
KCNU1	6	0.005
KCNV1	0	0.005
KCNV2	10	0.005
KCP	32	0.005
KCTD1	2	0.005
KCTD10	1	0.005
KCTD11	4	0.005
KCTD12	1	0.005
KCTD13	0	0.005
KCTD14	2	0.005
KCTD15	1	0.005
KCTD16	2	0.005
KCTD17	2	0.005
KCTD18	6	0.005
KCTD19	5	0.005
KCTD2	0	0.005
KCTD20	3	0.005
KCTD21	1	0.005
KCTD3	3	0.005
KCTD4	0	0.005
KCTD5	0	0.005
KCTD6	0	0.005
KCTD7	0	0.005
KCTD8	2	0.005
KCTD9	1	0.005
KDELR1	0	0.005
KDELR2	0	0.005
KDELR3	2	0.005
KDF1	7	0.005
KDM1A	1	0.005
KDM1B	6	0.005
KDM2A	0	0.005
KDM2B	2	0.005
KDM3A	5	0.005
KDM3B	8	0.005
KDM4A	4	0.005
KDM4B	0	0.005
KDM4C	9	0.005
KDM4D	7	0.005
KDM4E	8	0.005
KDM4F	8	0.005
KDM5A	10	0.005
KDM5B	2	0.005
KDM5C	0	0.005
KDM5D	4	0.005
KDM6A	4	0.005
KDM6B	14	0.005
KDM7A	7	0.005
KDM8	3	0.005
KDR	7	0.005
KDSR	0	0.005
KEAP1	1	0.005
KEL	4	0.005
KERA	1	0.005
KGD4	0	0.005
KHDC1	0	0.005
KHDC1L	2	0.005
KHDC3L	3	0.005
KHDC4	1	0.005
KHDRBS1	0	0.005
KHDRBS2	3	0.005
KHDRBS3	0	0.005
KHK	2	0.005
KHNYN	3	0.005
KHSRP	2	0.005
KIAA0040	1	0.005
KIAA0232	4	0.005
KIAA0319	15	0.005
KIAA0319L	7	0.005
KIAA0408	7	0.005
KIAA0513	1	0.005
KIAA0586	15	0.005
KIAA0753	15	0.005
KIAA0825	10	0.005
KIAA0930	0	0.005
KIAA1143	3	0.005
KIAA1191	1	0.005
KIAA1210	18	0.005
KIAA1217	16	0.005
KIAA1328	3	0.005
KIAA1549	27	0.005
KIAA1549L	13	0.005
KIAA1586	6	0.005
KIAA1614	17	0.005
KIAA1671	23	0.005
KIAA1755	10	0.005
KIAA1958	1	0.005
KIAA2012	17	0.005
KIAA2013	5	0.005
KICS2	3	0.005
KIDINS220	5	0.005
KIF11	4	0.005
KIF12	6	0.005
KIF13A	12	0.005
KIF13B	12	0.005
KIF14	11	0.005
KIF15	14	0.005
KIF16B	14	0.005
KIF17	14	0.005
KIF18A	8	0.005
KIF18B	6	0.005
KIF19	15	0.005
KIF1A	5	0.005
KIF1B	6	0.005
KIF1C	6	0.005
KIF20A	3	0.005
KIF20B	23	0.005
KIF21A	3	0.005
KIF21B	4	0.005
KIF22	3	0.005
KIF23	8	0.005
KIF24	18	0.005
KIF25	15	0.005
KIF26A	24	0.005
KIF26B	22	0.005
KIF27	10	0.005
KIF2A	2	0.005
KIF2B	18	0.005
KIF2C	2	0.005
KIF3A	1	0.005
KIF3B	0	0.005
KIF3C	3	0.005
KIF4A	3	0.005
KIF4B	16	0.005
KIF5A	1	0.005
KIF5B	0	0.005
KIF5C	2	0.005
KIF6	6	0.005
KIF7	17	0.005
KIF9	8	0.005
KIFAP3	1	0.005
KIFBP	3	0.005
KIFC1	6	0.005
KIFC2	10	0.005
KIFC3	0	0.005
KIN	0	0.005
KIR2DL1	20	0.005
KIR2DL2	0	0.005
KIR2DL3	20	0.005
KIR2DL4	13	0.005
KIR2DL5A	0	0.005
KIR2DL5B	0	0.005
KIR2DS1	0	0.005
KIR2DS2	0	0.005
KIR2DS3	0	0.005
KIR2DS4	0	0.005
KIR2DS5	0	0.005
KIR3DL1	33	0.005
KIR3DL2	20	0.005
KIR3DL3	17	0.005
KIR3DS1	0	0.005
KIRREL1	3	0.005
KIRREL2	6	0.005
KIRREL3	1	0.005
KISS1	5	0.005
KISS1R	2	0.005
KIT	4	0.005
KITLG	2	0.005
KIZ	9	0.005
KL	11	0.005
KLB	10	0.005
KLC1	1	0.005
KLC2	2	0.005
KLC3	6	0.005
KLC4	2	0.005
KLF1	4	0.005
KLF10	3	0.005
KLF11	4	0.005
KLF12	2	0.005
KLF13	1	0.005
KLF14	7	0.005
KLF15	1	0.005
KLF16	1	0.005
KLF17	7	0.005
KLF18	26	0.005
KLF2	2	0.005
KLF3	0	0.005
KLF4	1	0.005
KLF5	2	0.005
KLF6	1	0.005
KLF7	0	0.005
KLF8	3	0.005
KLF9	2	0.005
KLHDC1	0	0.005
KLHDC10	2	0.005
KLHDC2	2	0.005
KLHDC3	0	0.005
KLHDC4	10	0.005
KLHDC7A	20	0.005
KLHDC7B	22	0.005
KLHDC8A	0	0.005
KLHDC8B	0	0.005
KLHDC9	4	0.005
KLHL1	3	0.005
KLHL10	2	0.005
KLHL11	1	0.005
KLHL12	0	0.005
KLHL13	2	0.005
KLHL14	2	0.005
KLHL15	0	0.005
KLHL17	2	0.005
KLHL18	1	0.005
KLHL2	1	0.005
KLHL20	1	0.005
KLHL21	4	0.005
KLHL22	0	0.005
KLHL23	1	0.005
KLHL24	2	0.005
KLHL25	3	0.005
KLHL26	1	0.005
KLHL28	5	0.005
KLHL29	2	0.005
KLHL3	0	0.005
KLHL30	7	0.005
KLHL31	7	0.005
KLHL32	4	0.005
KLHL33	15	0.005
KLHL34	1	0.005
KLHL35	5	0.005
KLHL36	1	0.005
KLHL38	16	0.005
KLHL4	0	0.005
KLHL40	7	0.005
KLHL41	6	0.005
KLHL42	0	0.005
KLHL5	1	0.005
KLHL6	2	0.005
KLHL7	0	0.005
KLHL8	0	0.005
KLHL9	2	0.005
KLK1	4	0.005
KLK10	2	0.005
KLK11	5	0.005
KLK12	2	0.005
KLK13	3	0.005
KLK14	12	0.005
KLK15	7	0.005
KLK2	4	0.005
KLK3	7	0.005
KLK4	0	0.005
KLK5	2	0.005
KLK6	2	0.005
KLK7	2	0.005
KLK8	1	0.005
KLK9	1	0.005
KLKB1	14	0.005
KLLN	5	0.005
KLRB1	3	0.005
KLRC1	1	0.005
KLRC2	1	0.005
KLRC3	2	0.005
KLRC4	2	0.005
KLRD1	3	0.005
KLRF1	3	0.005
KLRF2	3	0.005
KLRG1	1	0.005
KLRG2	6	0.005
KLRK1	2	0.005
KMO	5	0.005
KMT2A	9	0.005
KMT2B	11	0.005
KMT2C	28	0.005
KMT2D	19	0.005
KMT2E	6	0.005
KMT5A	1	0.005
KMT5B	1	0.005
KMT5C	2	0.005
KNCN	4	0.005
KNDC1	27	0.005
KNG1	9	0.005
KNL1	23	0.005
KNOP1	6	0.005
KNSTRN	6	0.005
KNTC1	20	0.005
KPLCE	6	0.005
KPNA1	1	0.005
KPNA2	6	0.005
KPNA3	1	0.005
KPNA4	0	0.005
KPNA5	3	0.005
KPNA6	1	0.005
KPNA7	3	0.005
KPNB1	1	0.005
KPRP	21	0.005
KPTN	2	0.005
KRABD1	0	0.005
KRABD2	0	0.005
KRABD3	0	0.005
KRABD4	0	0.005
KRABD5	0	0.005
KRAS	0	0.00025
KRCC1	4	0.005
KREMEN1	5	0.005
KREMEN2	9	0.005
KRI1	11	0.005
KRIT1	1	0.005
KRR1	3	0.005
KRT1	5	0.005
KRT10	9	0.005
KRT12	4	0.005
KRT13	7	0.005
KRT14	8	0.005
KRT15	6	0.005
KRT16	10	0.005
KRT17	5	0.005
KRT18	1	0.005
KRT19	3	0.005
KRT2	8	0.005
KRT20	5	0.005
KRT222	0	0.005
KRT23	4	0.005
KRT24	10	0.005
KRT25	6	0.005
KRT26	7	0.005
KRT27	10	0.005
KRT28	8	0.005
KRT3	9	0.005
KRT31	5	0.005
KRT32	22	0.005
KRT33A	8	0.005
KRT33B	7	0.005
KRT34	11	0.005
KRT35	11	0.005
KRT36	12	0.005
KRT37	15	0.005
KRT38	5	0.005
KRT39	9	0.005
KRT4	5	0.005
KRT40	19	0.005
KRT5	10	0.005
KRT6A	12	0.005
KRT6B	8	0.005
KRT6C	7	0.005
KRT7	8	0.005
KRT71	11	0.005
KRT72	14	0.005
KRT73	8	0.005
KRT74	18	0.005
KRT75	14	0.005
KRT76	12	0.005
KRT77	13	0.005
KRT78	17	0.005
KRT79	9	0.005
KRT8	8	0.005
KRT80	8	0.005
KRT81	9	0.005
KRT82	11	0.005
KRT83	9	0.005
KRT84	8	0.005
KRT85	6	0.005
KRT86	8	0.005
KRT9	2	0.005
KRTAP1-1	3	0.005
KRTAP1-3	6	0.005
KRTAP1-4	5	0.005
KRTAP1-5	8	0.005
KRTAP10-1	11	0.005
KRTAP10-10	22	0.005
KRTAP10-11	13	0.005
KRTAP10-12	7	0.005
KRTAP10-2	9	0.005
KRTAP10-3	9	0.005
KRTAP10-4	10	0.005
KRTAP10-5	10	0.005
KRTAP10-6	15	0.005
KRTAP10-7	16	0.005
KRTAP10-8	7	0.005
KRTAP10-9	16	0.005
KRTAP11-1	4	0.005
KRTAP12-1	4	0.005
KRTAP12-2	9	0.005
KRTAP12-3	3	0.005
KRTAP12-4	0	0.005
KRTAP13-1	4	0.005
KRTAP13-2	5	0.005
KRTAP13-3	0	0.005
KRTAP13-4	7	0.005
KRTAP15-1	2	0.005
KRTAP16-1	10	0.005
KRTAP17-1	1	0.005
KRTAP19-1	1	0.005
KRTAP19-2	2	0.005
KRTAP19-3	1	0.005
KRTAP19-4	4	0.005
KRTAP19-5	1	0.005
KRTAP19-6	2	0.005
KRTAP19-7	1	0.005
KRTAP19-8	1	0.005
KRTAP2-1	3	0.005
KRTAP2-2	3	0.005
KRTAP2-3	4	0.005
KRTAP2-4	3	0.005
KRTAP20-1	1	0.005
KRTAP20-2	1	0.005
KRTAP20-3	0	0.005
KRTAP20-4	0	0.005
KRTAP21-1	1	0.005
KRTAP21-2	1	0.005
KRTAP21-3	2	0.005
KRTAP22-1	2	0.005
KRTAP22-2	0	0.005
KRTAP23-1	1	0.005
KRTAP24-1	3	0.005
KRTAP25-1	1	0.005
KRTAP26-1	7	0.005
KRTAP27-1	3	0.005
KRTAP29-1	6	0.005
KRTAP3-1	1	0.005
KRTAP3-2	5	0.005
KRTAP3-3	1	0.005
KRTAP4-1	5	0.005
KRTAP4-11	8	0.005
KRTAP4-12	5	0.005
KRTAP4-16	9	0.005
KRTAP4-2	1	0.005
KRTAP4-3	3	0.005
KRTAP4-4	10	0.005
KRTAP4-5	10	0.005
KRTAP4-6	8	0.005
KRTAP4-7	5	0.005
KRTAP4-8	10	0.005
KRTAP4-9	11	0.005
KRTAP5-1	2	0.005
KRTAP5-10	7	0.005
KRTAP5-11	3	0.005
KRTAP5-2	3	0.005
KRTAP5-3	2	0.005
KRTAP5-4	10	0.005
KRTAP5-5	7	0.005
KRTAP5-6	2	0.005
KRTAP5-7	5	0.005
KRTAP5-8	6	0.005
KRTAP5-9	9	0.005
KRTAP6-1	3	0.005
KRTAP6-2	1	0.005
KRTAP6-3	9	0.005
KRTAP7-1	2	0.005
KRTAP8-1	1	0.005
KRTAP9-1	5	0.005
KRTAP9-2	5	0.005
KRTAP9-3	3	0.005
KRTAP9-4	5	0.005
KRTAP9-6	2	0.005
KRTAP9-7	3	0.005
KRTAP9-8	4	0.005
KRTAP9-9	10	0.005
KRTCAP2	0	0.005
KRTCAP3	3	0.005
KRTDAP	0	0.005
KSR1	4	0.005
KSR2	3	0.005
KTI12	3	0.005
KTN1	9	0.005
KXD1	4	0.005
KY	1	0.005
KYAT1	2	0.005
KYAT3	5	0.005
KYNU	3	0.005
L1CAM	2	0.005
L1TD1	11	0.005
L2HGDH	5	0.005
L3HYPDH	6	0.005
L3MBTL1	5	0.005
L3MBTL2	4	0.005
L3MBTL3	3	0.005
L3MBTL4	2	0.005
LACC1	3	0.005
LACRT	0	0.005
LACTB	7	0.005
LACTB2	1	0.005
LACTBL1	9	0.005
LAD1	11	0.005
LAG3	5	0.005
LAGE3	4	0.005
LAIR1	9	0.005
LAIR2	2	0.005
LALBA	0	0.005
LAMA1	36	0.005
LAMA2	27	0.005
LAMA3	20	0.005
LAMA4	16	0.005
LAMA5	83	0.005
LAMB1	13	0.005
LAMB2	15	0.005
LAMB3	16	0.005
LAMB4	14	0.005
LAMC1	8	0.005
LAMC2	11	0.005
LAMC3	29	0.005
LAMP1	5	0.005
LAMP2	0	0.005
LAMP3	3	0.005
LAMP5	3	0.005
LAMTOR1	1	0.005
LAMTOR2	0	0.005
LAMTOR3	0	0.005
LAMTOR4	0	0.005
LAMTOR5	0	0.005
LANCL1	4	0.005
LANCL2	4	0.005
LANCL3	1	0.005
LAP3	1	0.005
LAPTM4A	1	0.005
LAPTM4B	1	0.005
LAPTM5	5	0.005
LARGE1	5	0.005
LARGE2	7	0.005
LARP1	2	0.005
LARP1B	11	0.005
LARP4	4	0.005
LARP4B	1	0.005
LARP6	0	0.005
LARP7	5	0.005
LARS1	8	0.005
LARS2	5	0.005
LAS1L	0	0.005
LASP1	0	0.005
LASP1NB	0	0.005
LAT	1	0.005
LAT2	1	0.005
LATS1	5	0.005
LATS2	9	0.005
LAX1	6	0.005
LAYN	4	0.005
LBH	1	0.005
LBHD1	4	0.005
LBHD2	5	0.005
LBP	14	0.005
LBR	7	0.005
LBX1	0	0.005
LBX2	3	0.005
LCA5	6	0.005
LCA5L	6	0.005
LCAT	1	0.005
LCE1A	1	0.005
LCE1B	3	0.005
LCE1C	3	0.005
LCE1D	7	0.005
LCE1E	8	0.005
LCE1F	2	0.005
LCE2A	2	0.005
LCE2B	4	0.005
LCE2C	1	0.005
LCE2D	3	0.005
LCE3A	2	0.005
LCE3B	2	0.005
LCE3C	3	0.005
LCE3D	3	0.005
LCE3E	3	0.005
LCE4A	2	0.005
LCE5A	4	0.005
LCE6A	0	0.005
LCE7A	3	0.005
LCK	2	0.005
LCLAT1	3	0.005
LCMT1	0	0.005
LCMT2	5	0.005
LCN1	6	0.005
LCN10	2	0.005
LCN12	3	0.005
LCN15	3	0.005
LCN2	3	0.005
LCN6	2	0.005
LCN8	3	0.005
LCN9	4	0.005
LCNL1	4	0.005
LCOR	14	0.005
LCORL	21	0.005
LCP1	3	0.005
LCP2	1	0.005
LCT	11	0.005
LCTL	4	0.005
LDAF1	3	0.005
LDAH	3	0.005
LDB1	0	0.005
LDB2	0	0.005
LDB3	6	0.005
LDHA	1	0.005
LDHAL6A	3	0.005
LDHAL6B	8	0.005
LDHB	2	0.005
LDHC	3	0.005
LDHD	4	0.005
LDLR	7	0.002
LDLRAD1	2	0.005
LDLRAD2	3	0.005
LDLRAD3	4	0.005
LDLRAD4	1	0.005
LDLRAP1	5	0.005
LDOC1	0	0.005
LEAP2	2	0.005
LECT2	3	0.005
LEF1	3	0.005
LEFTY1	9	0.005
LEFTY2	4	0.005
LEKR1	6	0.005
LELP1	1	0.005
LEMD1	5	0.005
LEMD2	4	0.005
LEMD3	0	0.005
LENEP	1	0.005
LENG1	2	0.005
LENG8	5	0.005
LENG9	17	0.005
LEO1	2	0.005
LEP	1	0.005
LEPR	6	0.005
LEPROT	0	0.005
LEPROTL1	0	0.005
LETM1	12	0.005
LETM2	4	0.005
LETMD1	2	0.005
LEUTX	2	0.005
LFNG	1	0.005
LGALS1	0	0.005
LGALS12	2	0.005
LGALS13	0	0.005
LGALS14	4	0.005
LGALS16	4	0.005
LGALS2	3	0.005
LGALS3	5	0.005
LGALS3BP	5	0.005
LGALS4	0	0.005
LGALS7	0	0.005
LGALS7B	0	0.005
LGALS8	3	0.005
LGALS9	7	0.005
LGALS9B	3	0.005
LGALS9C	3	0.005
LGALSL	2	0.005
LGI1	0	0.005
LGI2	3	0.005
LGI3	3	0.005
LGI4	3	0.005
LGMN	4	0.005
LGR4	6	0.005
LGR5	14	0.005
LGR6	11	0.005
LGSN	6	0.005
LHB	8	0.005
LHCGR	5	0.005
LHFPL1	2	0.005
LHFPL2	2	0.005
LHFPL3	0	0.005
LHFPL4	0	0.005
LHFPL5	0	0.005
LHFPL6	0	0.005
LHFPL7	4	0.005
LHPP	3	0.005
LHX1	2	0.005
LHX2	2	0.005
LHX3	1	0.005
LHX4	2	0.005
LHX5	1	0.005
LHX6	1	0.005
LHX8	3	0.005
LHX9	3	0.005
LIAS	1	0.005
LIAT1	13	0.005
LIF	3	0.005
LIFR	9	0.005
LIG1	11	0.005
LIG3	3	0.005
LIG4	6	0.005
LILRA1	20	0.005
LILRA2	22	0.005
LILRA3	0	0.005
LILRA4	16	0.005
LILRA5	0	0.005
LILRA6	24	0.005
LILRB1	26	0.005
LILRB2	24	0.005
LILRB3	22	0.005
LILRB4	19	0.005
LILRB5	9	0.005
LIM2	1	0.005
LIMA1	0	0.005
LIMCH1	20	0.005
LIMD1	4	0.005
LIMD2	0	0.005
LIME1	2	0.005
LIMK1	3	0.005
LIMK2	4	0.005
LIMS1	2	0.005
LIMS2	1	0.005
LIMS3	0	0.005
LIMS4	0	0.005
LIN28A	0	0.005
LIN28B	1	0.005
LIN37	1	0.005
LIN52	1	0.005
LIN54	0	0.005
LIN7A	0	0.005
LIN7B	0	0.005
LIN7C	0	0.005
LIN9	1	0.005
LINGO1	0	0.005
LINGO2	4	0.005
LINGO3	2	0.005
LINGO4	4	0.005
LINS1	11	0.005
LIPA	3	0.005
LIPC	4	0.005
LIPE	14	0.005
LIPF	2	0.005
LIPG	6	0.005
LIPH	3	0.005
LIPI	7	0.005
LIPJ	7	0.005
LIPK	5	0.005
LIPM	6	0.005
LIPN	6	0.005
LIPT1	2	0.005
LIPT2	3	0.005
LITAF	1	0.005
LITAFD	2	0.005
LIX1	1	0.005
LIX1L	1	0.005
LKAAEAR1	3	0.005
LLCFC1	1	0.005
LLGL1	6	0.005
LLGL2	21	0.005
LLPH	1	0.005
LMAN1	3	0.005
LMAN1L	9	0.005
LMAN2	3	0.005
LMAN2L	0	0.005
LMBR1	0	0.005
LMBR1L	2	0.005
LMBRD1	2	0.005
LMBRD2	1	0.005
LMCD1	5	0.005
LMF1	16	0.005
LMF2	8	0.005
LMLN	1	0.005
LMNA	0	0.005
LMNB1	1	0.005
LMNB2	3	0.005
LMNTD1	9	0.005
LMNTD2	14	0.005
LMO1	0	0.005
LMO2	0	0.005
LMO3	0	0.005
LMO4	0	0.005
LMO7	24	0.005
LMOD1	4	0.005
LMOD2	2	0.005
LMOD3	12	0.005
LMTK2	12	0.005
LMTK3	3	0.005
LMX1A	0	0.005
LMX1B	0	0.005
LNP1	1	0.005
LNPEP	7	0.005
LNPK	3	0.005
LNX1	4	0.005
LNX2	4	0.005
LOC101059915	0	0.005
LOC102723971	0	0.005
LOC102724250	0	0.005
LOC102725023	0	0.005
LOC110384692	0	0.005
LOC112267897	0	0.005
LOC112694756	0	0.005
LOC114841035	0	0.005
LOC122319696	0	0.005
LOC122394732	0	0.005
LOC122455340	0	0.005
LOC122455342	0	0.005
LOC122513141	0	0.005
LOC122526780	0	0.005
LOC122539214	0	0.005
LOC127898562	0	0.005
LOC127898563	0	0.005
LOC127903862	0	0.005
LOC127933115	0	0.005
LOC128031832	0	0.005
LOC128031833	0	0.005
LOC128031834	0	0.005
LOC128031835	0	0.005
LOC128031836	0	0.005
LOC128031837	0	0.005
LOC128071544	0	0.005
LOC128071545	0	0.005
LOC128071547	0	0.005
LOC128092246	0	0.005
LOC128092247	0	0.005
LOC128092248	0	0.005
LOC128092249	0	0.005
LOC128092250	0	0.005
LOC128092251	0	0.005
LOC128092252	0	0.005
LOC128092253	0	0.005
LOC128125814	0	0.005
LOC128125816	0	0.005
LOC128125817	0	0.005
LOC128125818	0	0.005
LOC128125822	0	0.005
LOC128462377	0	0.005
LOC128706665	0	0.005
LOC128706666	0	0.005
LOC131768270	0	0.005
LOC400499	0	0.005
LOC647264	0	0.005
LOC728392	0	0.005
LOC728743	0	0.005
LOC730098	0	0.005
LONP1	12	0.005
LONP2	2	0.005
LONRF1	2	0.005
LONRF2	10	0.005
LONRF3	3	0.005
LORICRIN	5	0.005
LOX	3	0.005
LOXHD1	33	0.005
LOXL1	5	0.005
LOXL2	4	0.005
LOXL3	6	0.005
LOXL4	10	0.005
LPA	22	0.005
LPAR1	1	0.005
LPAR2	1	0.005
LPAR3	2	0.005
LPAR4	2	0.005
LPAR5	2	0.005
LPAR6	1	0.005
LPCAT1	2	0.005
LPCAT2	6	0.005
LPCAT3	4	0.005
LPCAT4	0	0.005
LPGAT1	0	0.005
LPIN1	3	0.005
LPIN2	7	0.005
LPIN3	12	0.005
LPL	5	0.005
LPO	4	0.005
LPP	8	0.005
LPXN	2	0.005
LRAT	1	0.005
LRATD1	0	0.005
LRATD2	3	0.005
LRBA	22	0.005
LRCH1	6	0.005
LRCH2	2	0.005
LRCH3	4	0.005
LRCH4	4	0.005
LRCOL1	2	0.005
LRFN1	0	0.005
LRFN2	2	0.005
LRFN3	5	0.005
LRFN4	3	0.005
LRFN5	0	0.005
LRG1	6	0.005
LRGUK	18	0.005
LRIF1	4	0.005
LRIG1	21	0.005
LRIG2	6	0.005
LRIG3	5	0.005
LRIT1	10	0.005
LRIT2	7	0.005
LRIT3	16	0.005
LRMDA	3	0.005
LRP1	7	0.005
LRP10	9	0.005
LRP11	8	0.005
LRP12	1	0.005
LRP1B	33	0.005
LRP2	45	0.005
LRP2BP	0	0.005
LRP3	7	0.005
LRP4	13	0.005
LRP5	10	0.005
LRP6	6	0.005
LRP8	3	0.005
LRPAP1	6	0.005
LRPPRC	10	0.005
LRR1	4	0.005
LRRC1	4	0.005
LRRC10	3	0.005
LRRC10B	1	0.005
LRRC14	0	0.005
LRRC14B	11	0.005
LRRC15	6	0.005
LRRC17	6	0.005
LRRC18	6	0.005
LRRC19	3	0.005
LRRC2	8	0.005
LRRC20	2	0.005
LRRC23	5	0.005
LRRC24	7	0.005
LRRC25	6	0.005
LRRC26	9	0.005
LRRC27	6	0.005
LRRC28	1	0.005
LRRC3	4	0.005
LRRC30	3	0.005
LRRC31	10	0.005
LRRC32	4	0.005
LRRC34	7	0.005
LRRC36	4	0.005
LRRC37A	3	0.005
LRRC37A2	4	0.005
LRRC37A3	10	0.005
LRRC37B	10	0.005
LRRC38	2	0.005
LRRC39	2	0.005
LRRC3B	0	0.005
LRRC3C	9	0.005
LRRC4	3	0.005
LRRC40	5	0.005
LRRC41	4	0.005
LRRC42	1	0.005
LRRC43	9	0.005
LRRC45	5	0.005
LRRC46	4	0.005
LRRC47	3	0.005
LRRC49	0	0.005
LRRC4B	2	0.005
LRRC4C	1	0.005
LRRC51	3	0.005
LRRC52	3	0.005
LRRC53	20	0.005
LRRC55	2	0.005
LRRC56	18	0.005
LRRC57	0	0.005
LRRC58	2	0.005
LRRC59	0	0.005
LRRC61	4	0.005
LRRC63	9	0.005
LRRC66	8	0.005
LRRC69	3	0.005
LRRC7	5	0.005
LRRC70	2	0.005
LRRC71	7	0.005
LRRC72	5	0.005
LRRC73	1	0.005
LRRC74A	6	0.005
LRRC74B	9	0.005
LRRC75A	1	0.005
LRRC75B	12	0.005
LRRC8A	1	0.005
LRRC8B	2	0.005
LRRC8C	7	0.005
LRRC8D	1	0.005
LRRC8E	9	0.005
LRRC9	10	0.005
LRRCC1	12	0.005
LRRD1	11	0.005
LRRFIP1	3	0.005
LRRFIP2	5	0.005
LRRIQ1	13	0.005
LRRIQ3	12	0.005
LRRIQ4	7	0.005
LRRK1	19	0.005
LRRK2	18	0.005
LRRN1	4	0.005
LRRN2	7	0.005
LRRN3	4	0.005
LRRN4	18	0.005
LRRN4CL	0	0.005
LRRTM1	4	0.005
LRRTM2	0	0.005
LRRTM3	1	0.005
LRRTM4	1	0.005
LRSAM1	4	0.005
LRTM1	5	0.005
LRTM2	3	0.005
LRTM3	0	0.005
LRWD1	6	0.005
LSAMP	0	0.005
LSG1	10	0.005
LSM1	0	0.005
LSM10	1	0.005
LSM11	1	0.005
LSM12	1	0.005
LSM14A	3	0.005
LSM14B	2	0.005
LSM2	0	0.005
LSM3	0	0.005
LSM4	0	0.005
LSM5	0	0.005
LSM6	0	0.005
LSM7	0	0.005
LSM8	0	0.005
LSMEM1	2	0.005
LSMEM2	0	0.005
LSP1	4	0.005
LSR	4	0.005
LSS	10	0.005
LST1	0	0.005
LTA	3	0.005
LTA4H	2	0.005
LTAP1	0	0.005
LTB	2	0.005
LTB4R	4	0.005
LTB4R2	8	0.005
LTBP1	16	0.005
LTBP2	13	0.005
LTBP3	4	0.005
LTBP4	13	0.005
LTBR	3	0.005
LTC4S	1	0.005
LTF	11	0.005
LTK	6	0.005
LTN1	12	0.005
LTO1	1	0.005
LTV1	5	0.005
LUC7L	2	0.005
LUC7L2	4	0.005
LUC7L3	1	0.005
LUM	1	0.005
LURAP1	3	0.005
LURAP1L	4	0.005
LUZP1	11	0.005
LUZP2	5	0.005
LUZP4	4	0.005
LVRN	15	0.005
LXN	8	0.005
LY6D	3	0.005
LY6E	1	0.005
LY6G5B	4	0.005
LY6G5C	3	0.005
LY6G6C	3	0.005
LY6G6D	2	0.005
LY6G6F	6	0.005
LY6H	0	0.005
LY6K	1	0.005
LY6L	3	0.005
LY6S	0	0.005
LY75	24	0.005
LY86	2	0.005
LY9	5	0.005
LY96	2	0.005
LYAR	6	0.005
LYG1	2	0.005
LYG2	2	0.005
LYL1	3	0.005
LYN	0	0.005
LYNX1	1	0.005
LYPD1	2	0.005
LYPD2	2	0.005
LYPD3	2	0.005
LYPD4	6	0.005
LYPD5	3	0.005
LYPD6	0	0.005
LYPD6B	1	0.005
LYPD8	2	0.005
LYPLA1	2	0.005
LYPLA2	0	0.005
LYPLAL1	4	0.005
LYRM1	1	0.005
LYRM2	3	0.005
LYRM4	1	0.005
LYRM7	1	0.005
LYRM9	0	0.005
LYSET	1	0.005
LYSMD1	2	0.005
LYSMD2	4	0.005
LYSMD3	2	0.005
LYSMD4	8	0.005
LYST	23	0.005
LYVE1	3	0.005
LYZ	3	0.005
LYZL1	2	0.005
LYZL2	5	0.005
LYZL4	2	0.005
LYZL6	3	0.005
LZIC	2	0.005
LZTFL1	3	0.005
LZTR1	11	0.00025
LZTS1	5	0.005
LZTS2	3	0.005
LZTS3	2	0.005
M1AP	3	0.005
M6PR	1	0.005
MAB21L1	0	0.005
MAB21L2	0	0.005
MAB21L3	1	0.005
MAB21L4	10	0.005
MACC1	16	0.005
MACF1	43	0.005
MACIR	0	0.005
MACO1	0	0.005
MACROD1	3	0.005
MACROD2	5	0.005
MACROH2A1	0	0.005
MACROH2A2	1	0.005
MAD1L1	4	0.005
MAD2L1	1	0.005
MAD2L1BP	1	0.005
MAD2L2	0	0.005
MADCAM1	7	0.005
MADD	5	0.005
MAEA	1	0.005
MAEL	5	0.005
MAF	2	0.005
MAF1	1	0.005
MAFA	4	0.005
MAFB	0	0.005
MAFF	1	0.005
MAFG	0	0.005
MAFK	1	0.005
MAG	7	0.005
MAGEA1	3	0.005
MAGEA10	2	0.005
MAGEA11	4	0.005
MAGEA12	1	0.005
MAGEA2	0	0.005
MAGEA2B	0	0.005
MAGEA3	2	0.005
MAGEA4	3	0.005
MAGEA6	5	0.005
MAGEA8	3	0.005
MAGEA9	0	0.005
MAGEA9B	0	0.005
MAGEB1	3	0.005
MAGEB10	7	0.005
MAGEB16	1	0.005
MAGEB17	2	0.005
MAGEB18	2	0.005
MAGEB2	4	0.005
MAGEB3	3	0.005
MAGEB4	4	0.005
MAGEB5	1	0.005
MAGEB6	7	0.005
MAGEB6B	3	0.005
MAGEC1	35	0.005
MAGEC2	1	0.005
MAGEC3	6	0.005
MAGED1	0	0.005
MAGED2	2	0.005
MAGED4	0	0.005
MAGED4B	0	0.005
MAGEE1	7	0.005
MAGEE2	5	0.005
MAGEF1	5	0.005
MAGEH1	0	0.005
MAGEL2	16	0.005
MAGI1	12	0.005
MAGI2	2	0.005
MAGI3	3	0.005
MAGIX	9	0.005
MAGOH	0	0.005
MAGOHB	0	0.005
MAGT1	1	0.005
MAIP1	1	0.005
MAJIN	0	0.005
MAK	4	0.005
MAK16	1	0.005
MAL	1	0.005
MAL2	1	0.005
MALL	0	0.005
MALRD1	45	0.005
MALSU1	0	0.005
MALT1	2	0.005
MAMDC2	8	0.005
MAMDC4	21	0.005
MAML1	8	0.005
MAML2	10	0.005
MAML3	4	0.005
MAMLD1	5	0.005
MAMSTR	2	0.005
MAN1A1	4	0.005
MAN1A2	2	0.005
MAN1B1	8	0.005
MAN1C1	3	0.005
MAN2A1	6	0.005
MAN2A2	13	0.005
MAN2B1	12	0.005
MAN2B2	23	0.005
MAN2C1	9	0.005
MANBA	7	0.005
MANBAL	0	0.005
MANEA	4	0.005
MANEAL	3	0.005
MANF	0	0.005
MANSC1	5	0.005
MANSC4	5	0.005
MAOA	1	0.005
MAOB	0	0.005
MAP10	10	0.005
MAP1A	23	0.005
MAP1B	13	0.005
MAP1LC3A	0	0.005
MAP1LC3B	2	0.005
MAP1LC3B2	4	0.005
MAP1LC3C	1	0.005
MAP1S	8	0.005
MAP2	13	0.005
MAP2K1	1	0.00025
MAP2K2	5	0.00025
MAP2K3	1	0.005
MAP2K4	0	0.005
MAP2K5	0	0.005
MAP2K6	0	0.005
MAP2K7	0	0.005
MAP3K1	9	0.005
MAP3K10	1	0.005
MAP3K11	6	0.005
MAP3K12	1	0.005
MAP3K13	6	0.005
MAP3K14	5	0.005
MAP3K15	13	0.005
MAP3K19	20	0.005
MAP3K2	2	0.005
MAP3K20	10	0.005
MAP3K21	10	0.005
MAP3K3	1	0.005
MAP3K4	8	0.005
MAP3K5	7	0.005
MAP3K6	14	0.005
MAP3K7	0	0.005
MAP3K7CL	0	0.005
MAP3K8	1	0.005
MAP3K9	6	0.005
MAP4	22	0.005
MAP4K1	3	0.005
MAP4K2	4	0.005
MAP4K3	3	0.005
MAP4K4	1	0.005
MAP4K5	6	0.005
MAP6	5	0.005
MAP6D1	2	0.005
MAP7	11	0.005
MAP7D1	10	0.005
MAP7D2	5	0.005
MAP7D3	5	0.005
MAP9	6	0.005
MAPDA	0	0.005
MAPK1	0	0.005
MAPK10	1	0.005
MAPK11	2	0.005
MAPK12	6	0.005
MAPK13	1	0.005
MAPK14	0	0.005
MAPK15	15	0.005
MAPK1IP1L	0	0.005
MAPK3	0	0.005
MAPK4	3	0.005
MAPK6	1	0.005
MAPK7	3	0.005
MAPK8	0	0.005
MAPK8IP1	3	0.005
MAPK8IP2	3	0.005
MAPK8IP3	3	0.005
MAPK9	2	0.005
MAPKAP1	1	0.005
MAPKAPK2	3	0.005
MAPKAPK3	0	0.005
MAPKAPK5	2	0.005
MAPKBP1	15	0.005
MAPRE1	1	0.005
MAPRE2	0	0.005
MAPRE3	0	0.005
MAPT	15	0.005
MARCHF1	5	0.005
MARCHF10	16	0.005
MARCHF11	0	0.005
MARCHF2	5	0.005
MARCHF3	1	0.005
MARCHF4	0	0.005
MARCHF5	1	0.005
MARCHF6	1	0.005
MARCHF7	8	0.005
MARCHF8	9	0.005
MARCHF9	1	0.005
MARCKS	4	0.005
MARCKSL1	0	0.005
MARCO	5	0.005
MARCOL	4	0.005
MARF1	5	0.005
MARK1	2	0.005
MARK2	0	0.005
MARK3	1	0.005
MARK4	0	0.005
MARS1	3	0.005
MARS2	3	0.005
MARVELD1	0	0.005
MARVELD2	3	0.005
MARVELD3	8	0.005
MAS1	0	0.005
MAS1L	6	0.005
MASP1	4	0.005
MASP2	17	0.005
MAST1	0	0.005
MAST2	15	0.005
MAST3	3	0.005
MAST4	22	0.005
MASTL	8	0.005
MAT1A	1	0.005
MAT2A	0	0.005
MAT2B	1	0.005
MATCAP1	3	0.005
MATCAP2	4	0.005
MATK	1	0.005
MATN1	3	0.005
MATN2	15	0.005
MATN3	5	0.005
MATN4	9	0.005
MATR3	0	0.005
MAU2	0	0.005
MAVS	9	0.005
MAX	0	0.005
MAZ	0	0.005
MB	0	0.005
MB21D2	3	0.005
MBD1	2	0.005
MBD2	0	0.005
MBD3	0	0.005
MBD3L1	4	0.005
MBD3L2	3	0.005
MBD3L2B	5	0.005
MBD3L3	1	0.005
MBD3L4	0	0.005
MBD3L5	0	0.005
MBD4	5	0.005
MBD5	3	0.005
MBD6	5	0.005
MBIP	3	0.005
MBL2	4	0.005
MBLAC1	3	0.005
MBLAC2	1	0.005
MBNL1	0	0.005
MBNL2	0	0.005
MBNL3	0	0.005
MBOAT1	6	0.005
MBOAT2	5	0.005
MBOAT4	6	0.005
MBOAT7	1	0.005
MBP	2	0.005
MBTD1	0	0.005
MBTPS1	5	0.005
MBTPS2	0	0.005
MC1R	13	0.005
MC2R	3	0.005
MC3R	1	0.005
MC4R	3	0.005
MC5R	5	0.005
MCAM	5	0.005
MCAT	6	0.005
MCC	6	0.005
MCCC1	5	0.005
MCCC2	2	0.005
MCCD1	4	0.005
MCEE	6	0.005
MCEMP1	3	0.005
MCF2	2	0.005
MCF2L	6	0.005
MCF2L2	10	0.005
MCFD2	0	0.005
MCHR1	4	0.005
MCHR2	3	0.005
MCIDAS	3	0.005
MCL1	3	0.005
MCM10	14	0.005
MCM2	9	0.005
MCM3	4	0.005
MCM3AP	11	0.005
MCM4	1	0.005
MCM5	3	0.005
MCM6	3	0.005
MCM7	4	0.005
MCM8	17	0.005
MCM9	15	0.005
MCMBP	1	0.005
MCMDC2	11	0.005
MCOLN1	4	0.005
MCOLN2	4	0.005
MCOLN3	1	0.005
MCPH1	19	0.005
MCRIP1	0	0.005
MCRIP2	0	0.005
MCRS1	1	0.005
MCTP1	3	0.005
MCTP2	6	0.005
MCTS1	0	0.005
MCTS2	0	0.005
MCU	1	0.005
MCUB	3	0.005
MCUR1	3	0.005
MDC1	39	0.005
MDFI	2	0.005
MDFIC	1	0.005
MDFIC2	1	0.005
MDGA1	4	0.005
MDGA2	7	0.005
MDH1	2	0.005
MDH1B	4	0.005
MDH2	2	0.005
MDK	0	0.005
MDM1	6	0.005
MDM2	0	0.005
MDM4	3	0.005
MDN1	44	0.005
MDP1	1	0.005
ME1	3	0.005
ME2	3	0.005
ME3	2	0.005
MEA1	2	0.005
MEAF6	0	0.005
MEAK7	15	0.005
MECOM	2	0.005
MECP2	19	8.3e-06
MECR	5	0.005
MED1	1	0.005
MED10	0	0.005
MED11	0	0.005
MED12	1	0.005
MED12L	5	0.005
MED13	7	0.005
MED13L	3	0.005
MED14	4	0.005
MED15	2	0.005
MED16	4	0.005
MED17	3	0.005
MED18	0	0.005
MED19	0	0.005
MED20	0	0.005
MED21	0	0.005
MED22	2	0.005
MED23	0	0.005
MED24	1	0.005
MED25	3	0.005
MED26	2	0.005
MED27	0	0.005
MED28	1	0.005
MED29	1	0.005
MED30	2	0.005
MED31	0	0.005
MED4	2	0.005
MED6	0	0.005
MED7	2	0.005
MED8	0	0.005
MED9	1	0.005
MEDAG	4	0.005
MEF2A	1	0.005
MEF2B	2	0.005
MEF2C	0	0.005
MEF2D	1	0.005
MEFV	14	0.005
MEGF10	5	0.005
MEGF11	9	0.005
MEGF6	30	0.005
MEGF8	12	0.005
MEGF9	5	0.005
MEI1	11	0.005
MEI4	5	0.005
MEIG1	2	0.005
MEIKIN	2	0.005
MEIOB	6	0.005
MEIOC	5	0.005
MEIOSIN	11	0.005
MEIS1	0	0.005
MEIS2	0	0.005
MEIS3	2	0.005
MELK	7	0.005
MELTF	12	0.005
MEMO1	0	0.005
MEN1	2	0.005
MEOX1	2	0.005
MEOX2	1	0.005
MEP1A	13	0.005
MEP1B	8	0.005
MEPCE	2	0.005
MEPE	10	0.005
MERTK	10	0.005
MESD	1	0.005
MESP1	14	0.005
MESP2	5	0.005
MEST	1	0.005
MET	9	0.005
METAP1	0	0.005
METAP1D	0	0.005
METAP2	3	0.005
METRN	4	0.005
METRNL	5	0.005
METTL1	0	0.005
METTL13	5	0.005
METTL14	0	0.005
METTL15	5	0.005
METTL16	3	0.005
METTL17	5	0.005
METTL18	5	0.005
METTL21A	3	0.005
METTL21C	5	0.005
METTL22	8	0.005
METTL23	2	0.005
METTL24	10	0.005
METTL25	7	0.005
METTL25B	1	0.005
METTL26	3	0.005
METTL27	8	0.005
METTL2A	1	0.005
METTL2B	3	0.005
METTL3	2	0.005
METTL4	5	0.005
METTL5	2	0.005
METTL6	0	0.005
METTL8	3	0.005
METTL9	0	0.005
MEX3A	0	0.005
MEX3B	0	0.005
MEX3C	2	0.005
MEX3D	7	0.005
MFAP1	1	0.005
MFAP2	2	0.005
MFAP3	1	0.005
MFAP3L	1	0.005
MFAP4	0	0.005
MFAP5	1	0.005
MFF	1	0.005
MFGE8	5	0.005
MFHAS1	5	0.005
MFN1	3	0.005
MFN2	2	0.005
MFNG	2	0.005
MFRP	4	0.005
MFSD1	3	0.005
MFSD11	0	0.005
MFSD12	11	0.005
MFSD2A	1	0.005
MFSD2B	8	0.005
MFSD6	7	0.005
MFSD6L	18	0.005
MFSD8	4	0.005
MGA	19	0.005
MGAM	40	0.005
MGAM2	28	0.005
MGARP	4	0.005
MGAT1	6	0.005
MGAT2	2	0.005
MGAT3	2	0.005
MGAT4A	4	0.005
MGAT4B	4	0.005
MGAT4C	3	0.005
MGAT4D	5	0.005
MGAT5	1	0.005
MGAT5B	4	0.005
MGLL	3	0.005
MGME1	6	0.005
MGMT	5	0.005
MGP	3	0.005
MGRN1	1	0.005
MGST1	0	0.005
MGST2	2	0.005
MGST3	0	0.005
MIA	1	0.005
MIA2	22	0.005
MIA3	11	0.005
MIB1	0	0.005
MIB2	6	0.005
MICA	23	0.005
MICAL1	14	0.005
MICAL2	13	0.005
MICAL3	17	0.005
MICALL1	8	0.005
MICALL2	27	0.005
MICB	10	0.005
MICOS10	0	0.005
MICOS13	0	0.005
MICU1	1	0.005
MICU2	3	0.005
MICU3	4	0.005
MID1	1	0.005
MID1IP1	0	0.005
MID2	2	0.005
MIDEAS	10	0.005
MIDN	2	0.005
MIEF1	7	0.005
MIEF2	3	0.005
MIEN1	0	0.005
MIER1	1	0.005
MIER2	3	0.005
MIER3	1	0.005
MIF	0	0.005
MIF4GD	1	0.005
MIGA1	1	0.005
MIGA2	5	0.005
MIIP	9	0.005
MILR1	2	0.005
MINAR1	7	0.005
MINAR2	1	0.005
MINDY1	3	0.005
MINDY2	7	0.005
MINDY3	1	0.005
MINDY4	19	0.005
MINDY4B	8	0.005
MINK1	5	0.005
MINPP1	0	0.005
MIOS	2	0.005
MIOX	5	0.005
MIP	2	0.005
MIPEP	12	0.005
MIPOL1	1	0.005
MIS12	1	0.005
MIS18A	3	0.005
MIS18BP1	17	0.005
MISFA	0	0.005
MISP	16	0.005
MISP3	5	0.005
MITD1	2	0.005
MITF	1	0.005
MIURF	3	0.005
MIX23	0	0.005
MIXL1	3	0.005
MKI67	66	0.005
MKKS	7	0.005
MKLN1	0	0.005
MKNK1	2	0.005
MKNK2	2	0.005
MKRN1	4	0.005
MKRN2	1	0.005
MKRN2OS	3	0.005
MKRN3	0	0.005
MKS1	3	0.005
MKX	4	0.005
MLANA	0	0.005
MLC1	4	0.005
MLEC	0	0.005
MLF1	4	0.005
MLF2	0	0.005
MLH1	22	0.0001
MLH3	17	0.005
MLIP	12	0.005
MLKL	10	0.005
MLLT1	4	0.005
MLLT10	2	0.005
MLLT11	0	0.005
MLLT3	1	0.005
MLLT6	8	0.005
MLN	3	0.005
MLNR	0	0.005
MLPH	15	0.005
MLST8	1	0.005
MLX	2	0.005
MLXIP	8	0.005
MLXIPL	8	0.005
MLYCD	5	0.005
MMAA	1	0.005
MMAB	4	0.005
MMACHC	3	0.005
MMADHC	5	0.005
MMD	0	0.005
MMD2	0	0.005
MME	3	0.005
MMEL1	9	0.005
MMGT1	0	0.005
MMP1	2	0.005
MMP10	8	0.005
MMP11	4	0.005
MMP12	2	0.005
MMP13	3	0.005
MMP14	6	0.005
MMP15	9	0.005
MMP16	1	0.005
MMP17	8	0.005
MMP19	6	0.005
MMP2	5	0.005
MMP20	11	0.005
MMP21	4	0.005
MMP23B	0	0.005
MMP24	1	0.005
MMP24OS	0	0.005
MMP25	7	0.005
MMP26	4	0.005
MMP27	12	0.005
MMP28	4	0.005
MMP3	2	0.005
MMP7	6	0.005
MMP8	11	0.005
MMP9	7	0.005
MMRN1	12	0.005
MMRN2	10	0.005
MMS19	8	0.005
MMS22L	10	0.005
MMUT	4	0.005
MN1	4	0.005
MNAT1	0	0.005
MND1	2	0.005
MNDA	4	0.005
MNS1	3	0.005
MNT	3	0.005
MNX1	0	0.005
MOAP1	5	0.005
MOB1A	0	0.005
MOB1B	0	0.005
MOB2	4	0.005
MOB3A	4	0.005
MOB3B	1	0.005
MOB3C	1	0.005
MOB4	0	0.005
MOBP	0	0.005
MOCOS	16	0.005
MOCS1	6	0.005
MOCS2	4	0.005
MOCS3	4	0.005
MOG	5	0.005
MOGAT1	7	0.005
MOGAT2	7	0.005
MOGAT3	3	0.005
MOGS	11	0.005
MOK	7	0.005
MON1A	2	0.005
MON1B	2	0.005
MON2	7	0.005
MORC1	9	0.005
MORC2	1	0.005
MORC3	2	0.005
MORC4	3	0.005
MORF4L1	0	0.005
MORF4L2	0	0.005
MORN1	9	0.005
MORN2	2	0.005
MORN3	2	0.005
MORN4	0	0.005
MORN5	3	0.005
MOS	3	0.005
MOSMO	1	0.005
MOSPD1	0	0.005
MOSPD2	1	0.005
MOSPD3	0	0.005
MOV10	1	0.005
MOV10L1	13	0.005
MOXD1	2	0.005
MPC1	1	0.005
MPC1L	4	0.005
MPC2	1	0.005
MPDU1	5	0.005
MPDZ	21	0.005
MPEG1	10	0.005
MPG	0	0.005
MPHOSPH10	15	0.005
MPHOSPH6	3	0.005
MPHOSPH8	4	0.005
MPHOSPH9	4	0.005
MPI	5	0.005
MPIG6B	3	0.005
MPL	6	0.005
MPLKIP	0	0.005
MPND	4	0.005
MPO	4	0.005
MPP1	2	0.005
MPP2	1	0.005
MPP3	3	0.005
MPP4	4	0.005
MPP7	3	0.005
MPPE1	6	0.005
MPPED1	0	0.005
MPPED2	0	0.005
MPRIP	16	0.005
MPST	2	0.005
MPV17	0	0.005
MPV17L	0	0.005
MPV17L2	3	0.005
MPZ	0	0.005
MPZL1	0	0.005
MPZL2	2	0.005
MPZL3	3	0.005
MR1	4	0.005
MRAP	3	0.005
MRAP2	1	0.005
MRAS	1	0.00025
MRC1	10	0.005
MRC2	11	0.005
MRE11	5	0.005
MREG	1	0.005
MRFAP1	0	0.005
MRFAP1L1	2	0.005
MRFAP1L2	2	0.005
MRGBP	0	0.005
MRGPRD	5	0.005
MRGPRE	8	0.005
MRGPRF	3	0.005
MRGPRG	10	0.005
MRGPRX1	6	0.005
MRGPRX2	10	0.005
MRGPRX3	8	0.005
MRGPRX4	12	0.005
MRI1	5	0.005
MRLN	0	0.005
MRM1	4	0.005
MRM2	3	0.005
MRM3	6	0.005
MRNIP	4	0.005
MRO	5	0.005
MROH1	20	0.005
MROH2A	40	0.005
MROH2B	21	0.005
MROH5	0	0.005
MROH6	12	0.005
MROH7	21	0.005
MROH8	0	0.005
MROH9	16	0.005
MRPL1	4	0.005
MRPL10	1	0.005
MRPL11	1	0.005
MRPL12	3	0.005
MRPL13	1	0.005
MRPL14	0	0.005
MRPL15	3	0.005
MRPL16	6	0.005
MRPL17	1	0.005
MRPL18	2	0.005
MRPL19	3	0.005
MRPL2	2	0.005
MRPL20	1	0.005
MRPL21	2	0.005
MRPL22	1	0.005
MRPL23	0	0.005
MRPL24	2	0.005
MRPL27	2	0.005
MRPL28	8	0.005
MRPL3	2	0.005
MRPL30	2	0.005
MRPL32	1	0.005
MRPL33	0	0.005
MRPL34	0	0.005
MRPL35	2	0.005
MRPL36	2	0.005
MRPL37	3	0.005
MRPL38	6	0.005
MRPL39	3	0.005
MRPL4	3	0.005
MRPL40	2	0.005
MRPL41	1	0.005
MRPL42	1	0.005
MRPL43	2	0.005
MRPL44	2	0.005
MRPL45	3	0.005
MRPL46	3	0.005
MRPL47	2	0.005
MRPL48	1	0.005
MRPL49	2	0.005
MRPL50	2	0.005
MRPL51	1	0.005
MRPL52	3	0.005
MRPL53	3	0.005
MRPL54	1	0.005
MRPL55	4	0.005
MRPL57	2	0.005
MRPL58	4	0.005
MRPL9	5	0.005
MRPS10	3	0.005
MRPS11	3	0.005
MRPS12	2	0.005
MRPS14	0	0.005
MRPS15	3	0.005
MRPS16	2	0.005
MRPS17	2	0.005
MRPS18A	1	0.005
MRPS18B	2	0.005
MRPS18C	1	0.005
MRPS2	8	0.005
MRPS21	3	0.005
MRPS22	2	0.005
MRPS23	2	0.005
MRPS24	1	0.005
MRPS25	0	0.005
MRPS26	0	0.005
MRPS27	6	0.005
MRPS28	4	0.005
MRPS30	7	0.005
MRPS31	3	0.005
MRPS33	1	0.005
MRPS34	4	0.005
MRPS35	3	0.005
MRPS5	5	0.005
MRPS6	1	0.005
MRPS7	2	0.005
MRPS9	4	0.005
MRRF	2	0.005
MRS2	6	0.005
MRTFA	11	0.005
MRTFB	3	0.005
MRTO4	3	0.005
MS4A1	0	0.005
MS4A10	3	0.005
MS4A12	1	0.005
MS4A13	4	0.005
MS4A14	12	0.005
MS4A15	4	0.005
MS4A18	11	0.005
MS4A2	5	0.005
MS4A3	1	0.005
MS4A4A	3	0.005
MS4A4E	13	0.005
MS4A5	4	0.005
MS4A6A	2	0.005
MS4A6E	4	0.005
MS4A7	6	0.005
MS4A8	1	0.005
MSANTD1	3	0.005
MSANTD2	1	0.005
MSANTD3	0	0.005
MSANTD4	1	0.005
MSANTD5	4	0.005
MSANTD7	3	0.005
MSC	1	0.005
MSGN1	2	0.005
MSH2	23	0.0001
MSH3	6	0.005
MSH4	6	0.005
MSH5	6	0.005
MSH6	29	0.00022
MSI1	1	0.005
MSI2	1	0.005
MSL1	0	0.005
MSL2	1	0.005
MSL3	1	0.005
MSL3B	0	0.005
MSLN	17	0.005
MSMB	0	0.005
MSMO1	2	0.005
MSMP	1	0.005
MSN	0	0.005
MSR1	4	0.005
MSRA	1	0.005
MSRB1	0	0.005
MSRB2	5	0.005
MSRB3	0	0.005
MSS51	6	0.005
MST1	7	0.005
MST1R	10	0.005
MSTN	5	0.005
MSTO1	3	0.005
MSX1	4	0.005
MSX2	1	0.005
MT1A	2	0.005
MT1B	2	0.005
MT1E	3	0.005
MT1F	3	0.005
MT1G	0	0.005
MT1H	4	0.005
MT1HL1	2	0.005
MT1M	1	0.005
MT1X	1	0.005
MT2A	1	0.005
MT3	0	0.005
MT4	3	0.005
MTA1	3	0.005
MTA2	0	0.005
MTA3	1	0.005
MTAP	1	0.005
MTARC1	5	0.005
MTARC2	1	0.005
MTBP	8	0.005
MTCH1	3	0.005
MTCH2	3	0.005
MTCL1	27	0.005
MTCL2	0	0.005
MTCL3	0	0.005
MTCP1	0	0.005
MTDH	5	0.005
MTERF1	5	0.005
MTERF2	4	0.005
MTERF3	6	0.005
MTERF4	5	0.005
MTF1	3	0.005
MTF2	2	0.005
MTFMT	8	0.005
MTFP1	0	0.005
MTFR1	1	0.005
MTFR1L	2	0.005
MTFR2	6	0.005
MTG1	2	0.005
MTG2	9	0.005
MTHFD1	6	0.005
MTHFD1L	4	0.005
MTHFD2	0	0.005
MTHFD2L	0	0.005
MTHFR	5	0.005
MTHFS	3	0.005
MTHFSD	9	0.005
MTIF2	3	0.005
MTIF3	4	0.005
MTLN	0	0.005
MTM1	2	1.6e-06
MTMR1	1	0.005
MTMR10	4	0.005
MTMR11	9	0.005
MTMR12	4	0.005
MTMR14	0	0.005
MTMR2	6	0.005
MTMR3	6	0.005
MTMR4	4	0.005
MTMR6	7	0.005
MTMR7	4	0.005
MTMR8	3	0.005
MTMR9	5	0.005
MTNAP1	0	0.005
MTNR1A	6	0.005
MTNR1B	4	0.005
MTO1	2	0.005
MTOR	12	0.000185
MTPAP	3	0.005
MTPN	0	0.005
MTR	10	0.005
MTRES1	1	0.005
MTREX	2	0.005
MTRF1	5	0.005
MTRF1L	3	0.005
MTRFR	1	0.005
MTRR	11	0.005
MTSS1	4	0.005
MTSS2	3	0.005
MTTP	15	0.005
MTURN	0	0.005
MTUS1	28	0.005
MTUS2	14	0.005
MTX1	4	0.005
MTX2	2	0.005
MTX3	4	0.005
MUC12	66	0.005
MUC13	8	0.005
MUC15	6	0.005
MUC16	0	0.005
MUC17	126	0.005
MUC2	0	0.005
MUC20	26	0.005
MUC21	10	0.005
MUC22	70	0.005
MUC3A	76	0.005
MUC4	194	0.005
MUC5AC	94	0.005
MUC5B	175	0.005
MUC6	35	0.005
MUC7	13	0.005
MUCL1	1	0.005
MUCL3	16	0.005
MUL1	2	0.005
MUS81	10	0.005
MUSK	10	0.005
MUSTN1	2	0.005
MUTYH	8	0.005
MVB12A	5	0.005
MVB12B	0	0.005
MVD	5	0.005
MVK	3	0.005
MVP	6	0.005
MX1	7	0.005
MX2	3	0.005
MXD1	0	0.005
MXD3	3	0.005
MXD4	0	0.005
MXI1	1	0.005
MXRA5	22	0.005
MXRA7	2	0.005
MXRA8	4	0.005
MYADM	3	0.005
MYADML2	10	0.005
MYB	5	0.005
MYBBP1A	30	0.005
MYBL1	1	0.005
MYBL2	7	0.005
MYBPC1	3	0.005
MYBPC2	19	0.005
MYBPC3	45	0.0002
MYBPH	2	0.005
MYBPHL	6	0.005
MYC	4	0.005
MYCBP	0	0.005
MYCBP2	6	0.005
MYCBPAP	17	0.005
MYCL	2	0.005
MYCN	0	0.005
MYCT1	2	0.005
MYD88	2	0.005
MYDGF	2	0.005
MYEF2	5	0.005
MYEOV	11	0.005
MYF5	0	0.005
MYF6	1	0.005
MYG1	6	0.005
MYH1	17	0.005
MYH10	3	0.005
MYH11	8	0.005
MYH13	20	0.005
MYH14	15	0.005
MYH15	15	0.005
MYH16	0	0.005
MYH2	5	0.005
MYH3	10	0.005
MYH4	22	0.005
MYH6	14	0.005
MYH7	13	0.0001
MYH7B	20	0.005
MYH8	13	0.005
MYH9	3	0.005
MYL1	1	0.005
MYL10	5	0.005
MYL11	0	0.005
MYL12A	0	0.005
MYL12B	0	0.005
MYL2	1	0.0001
MYL3	2	0.0001
MYL4	1	0.005
MYL5	7	0.005
MYL6	1	0.005
MYL6B	0	0.005
MYL7	1	0.005
MYL9	0	0.005
MYLIP	3	0.005
MYLK	18	0.005
MYLK2	5	0.005
MYLK3	4	0.005
MYLK4	3	0.005
MYMK	0	0.005
MYMX	4	0.005
MYNN	2	0.005
MYO10	15	0.005
MYO15A	39	0.003
MYO15B	73	0.005
MYO16	18	0.005
MYO18A	7	0.005
MYO18B	37	0.005
MYO19	7	0.005
MYO1A	13	0.005
MYO1B	2	0.005
MYO1C	12	0.005
MYO1D	6	0.005
MYO1E	3	0.005
MYO1F	9	0.005
MYO1G	7	0.005
MYO1H	8	0.005
MYO3A	19	0.005
MYO3B	19	0.005
MYO5A	4	0.005
MYO5B	19	0.005
MYO5C	13	0.005
MYO6	7	0.003
MYO7A	18	0.003
MYO7B	34	0.005
MYO9A	17	0.005
MYO9B	14	0.005
MYOC	15	0.001
MYOCD	10	0.005
MYOCOS	0	0.005
MYOD1	1	0.005
MYOF	18	0.005
MYOG	7	0.005
MYOM1	22	0.005
MYOM2	33	0.005
MYOM3	24	0.005
MYORG	6	0.005
MYOT	2	0.005
MYOZ1	0	0.005
MYOZ2	1	0.005
MYOZ3	2	0.005
MYPN	14	0.005
MYPOP	5	0.005
MYRF	3	0.005
MYRFL	8	0.005
MYRIP	6	0.005
MYSM1	5	0.005
MYT1	4	0.005
MYT1L	1	0.005
MYZAP	5	0.005
MZB1	1	0.005
MZF1	19	0.005
MZT1	1	0.005
MZT2A	5	0.005
MZT2B	3	0.005
N4BP1	3	0.005
N4BP2	18	0.005
N4BP2L1	0	0.005
N4BP2L2	7	0.005
N4BP3	5	0.005
NAA10	0	0.005
NAA11	2	0.005
NAA15	1	0.005
NAA16	1	0.005
NAA20	0	0.005
NAA25	3	0.005
NAA30	2	0.005
NAA35	3	0.005
NAA38	2	0.005
NAA40	1	0.005
NAA50	0	0.005
NAA60	1	0.005
NAA80	5	0.005
NAAA	6	0.005
NAALAD2	8	0.005
NAALADL1	7	0.005
NAALADL2	14	0.005
NAB1	2	0.005
NAB2	2	0.005
NABP1	0	0.005
NABP2	0	0.005
NACA	23	0.005
NACA2	5	0.005
NACAD	22	0.005
NACC1	3	0.005
NACC2	5	0.005
NADK	2	0.005
NADK2	3	0.005
NADSYN1	12	0.005
NAE1	2	0.005
NAF1	6	0.005
NAGA	1	0.005
NAGK	2	0.005
NAGLU	3	0.005
NAGPA	4	0.005
NAGS	5	0.005
NAIF1	2	0.005
NAIP	3	0.005
NALCN	3	0.005
NALF1	2	0.005
NALF2	4	0.005
NAMPT	0	0.005
NANOG	2	0.005
NANOGNB	5	0.005
NANOGP8	9	0.005
NANOS1	2	0.005
NANOS2	1	0.005
NANOS3	0	0.005
NANP	0	0.005
NANS	2	0.005
NAP1L1	0	0.005
NAP1L2	1	0.005
NAP1L3	2	0.005
NAP1L4	1	0.005
NAP1L5	1	0.005
NAPA	1	0.005
NAPB	1	0.005
NAPEPLD	3	0.005
NAPG	2	0.005
NAPRT	4	0.005
NAPSA	5	0.005
NARF	2	0.005
NARS1	0	0.005
NARS2	5	0.005
NASP	4	0.005
NAT1	4	0.005
NAT10	4	0.005
NAT14	2	0.005
NAT16	2	0.005
NAT2	9	0.005
NAT8	7	0.005
NAT8L	0	0.005
NAT9	2	0.005
NATD1	1	0.005
NAV1	11	0.005
NAV2	16	0.005
NAV3	5	0.005
NAXD	4	0.005
NAXE	1	0.005
NBAS	28	0.005
NBDY	0	0.005
NBEA	10	0.005
NBEAL1	16	0.005
NBEAL2	15	0.005
NBL1	0	0.005
NBN	8	0.005
NBPF1	0	0.005
NBPF10	17	0.005
NBPF11	18	0.005
NBPF12	29	0.005
NBPF14	16	0.005
NBPF15	12	0.005
NBPF19	10	0.005
NBPF20	11	0.005
NBPF26	0	0.005
NBPF3	12	0.005
NBPF4	2	0.005
NBPF6	6	0.005
NBPF8	16	0.005
NBPF9	22	0.005
NBR1	7	0.005
NCALD	1	0.005
NCAM1	5	0.005
NCAM2	4	0.005
NCAN	4	0.005
NCAPD2	9	0.005
NCAPD3	15	0.005
NCAPG	6	0.005
NCAPG2	13	0.005
NCAPH	6	0.005
NCAPH2	6	0.005
NCBP1	2	0.005
NCBP2	0	0.005
NCBP2AS2	0	0.005
NCBP2L	2	0.005
NCBP3	4	0.005
NCCRP1	0	0.005
NCDN	0	0.005
NCEH1	2	0.005
NCF1	1	0.005
NCF2	10	0.005
NCF4	3	0.005
NCK1	2	0.005
NCK2	1	0.005
NCKAP1	0	0.005
NCKAP1L	1	0.005
NCKAP5	22	0.005
NCKAP5L	8	0.005
NCKIPSD	2	0.005
NCL	2	0.005
NCLN	3	0.005
NCMAP	1	0.005
NCOA1	3	0.005
NCOA2	4	0.005
NCOA3	5	0.005
NCOA4	9	0.005
NCOA5	0	0.005
NCOA6	8	0.005
NCOA7	7	0.005
NCOR1	5	0.005
NCOR2	21	0.005
NCR1	2	0.005
NCR2	10	0.005
NCR3	4	0.005
NCR3LG1	11	0.005
NCS1	0	0.005
NCSTN	1	0.005
NDC1	7	0.005
NDC80	2	0.005
NDE1	1	0.005
NDEL1	1	0.005
NDFIP1	1	0.005
NDFIP2	4	0.005
NDN	2	0.005
NDNF	3	0.005
NDOR1	8	0.005
NDP	1	0.005
NDRG1	1	0.005
NDRG2	2	0.005
NDRG3	0	0.005
NDRG4	0	0.005
NDST1	1	0.005
NDST2	1	0.005
NDST3	0	0.005
NDST4	4	0.005
NDUFA1	1	0.005
NDUFA10	4	0.005
NDUFA11	0	0.005
NDUFA12	0	0.005
NDUFA13	0	0.005
NDUFA2	0	0.005
NDUFA3	1	0.005
NDUFA5	0	0.005
NDUFA6	2	0.005
NDUFA7	4	0.005
NDUFA8	1	0.005
NDUFA9	6	0.005
NDUFAB1	1	0.005
NDUFAF1	7	0.005
NDUFAF2	0	0.005
NDUFAF3	0	0.005
NDUFAF4	1	0.005
NDUFAF5	1	0.005
NDUFAF6	1	0.005
NDUFAF7	3	0.005
NDUFAF8	0	0.005
NDUFB1	0	0.005
NDUFB10	1	0.005
NDUFB11	0	0.005
NDUFB2	1	0.005
NDUFB3	0	0.005
NDUFB4	1	0.005
NDUFB5	2	0.005
NDUFB6	1	0.005
NDUFB7	5	0.005
NDUFB8	2	0.005
NDUFB9	2	0.005
NDUFC1	0	0.005
NDUFC2	1	0.005
NDUFS1	1	0.005
NDUFS2	3	0.005
NDUFS3	0	0.005
NDUFS4	1	0.005
NDUFS5	0	0.005
NDUFS6	0	0.005
NDUFS7	1	0.005
NDUFS8	0	0.005
NDUFV1	0	0.005
NDUFV2	1	0.005
NDUFV3	4	0.005
NEB	234	0.000237
NEBL	9	0.005
NECAB1	1	0.005
NECAB2	7	0.005
NECAB3	6	0.005
NECAP1	1	0.005
NECAP2	2	0.005
NECTIN1	4	0.005
NECTIN2	8	0.005
NECTIN3	2	0.005
NECTIN4	4	0.005
NEDD1	1	0.005
NEDD4	5	0.005
NEDD4L	1	0.005
NEDD8	0	0.005
NEDD9	7	0.005
NEFH	10	0.005
NEFL	3	0.005
NEFM	6	0.005
NEGR1	2	0.005
NEIL1	5	0.005
NEIL2	6	0.005
NEIL3	17	0.005
NEK1	6	0.005
NEK10	14	0.005
NEK11	7	0.005
NEK2	4	0.005
NEK3	6	0.005
NEK4	4	0.005
NEK5	7	0.005
NEK6	0	0.005
NEK7	3	0.005
NEK8	1	0.005
NEK9	7	0.005
NELFA	2	0.005
NELFB	2	0.005
NELFCD	0	0.005
NELFE	1	0.005
NELL1	11	0.005
NELL2	4	0.005
NEMF	3	0.005
NEMP1	3	0.005
NEMP2	2	0.005
NENF	1	0.005
NEO1	3	0.005
NES	16	0.005
NET1	3	0.005
NETO1	6	0.005
NETO2	1	0.005
NEU1	1	0.005
NEU2	6	0.005
NEU3	5	0.005
NEU4	5	0.005
NEURL1	3	0.005
NEURL1B	2	0.005
NEURL2	1	0.005
NEURL3	2	0.005
NEURL4	10	0.005
NEUROD1	3	0.005
NEUROD2	0	0.005
NEUROD4	2	0.005
NEUROD6	0	0.005
NEUROG1	3	0.005
NEUROG2	2	0.005
NEUROG3	4	0.005
NEXMIF	4	0.005
NEXN	3	0.005
NF1	4	0.005
NF2	0	0.005
NFAM1	3	0.005
NFASC	6	0.005
NFAT5	2	0.005
NFATC1	8	0.005
NFATC2	6	0.005
NFATC2IP	2	0.005
NFATC3	11	0.005
NFATC4	6	0.005
NFE2	0	0.005
NFE2L1	1	0.005
NFE2L2	3	0.005
NFE2L3	13	0.005
NFIA	0	0.005
NFIB	2	0.005
NFIC	2	0.005
NFIL3	3	0.005
NFILZ	7	0.005
NFIX	0	0.005
NFKB1	5	0.005
NFKB2	1	0.005
NFKBIA	1	0.005
NFKBIB	2	0.005
NFKBID	0	0.005
NFKBIE	2	0.005
NFKBIL1	3	0.005
NFKBIZ	3	0.005
NFRKB	4	0.005
NFS1	2	0.005
NFU1	3	0.005
NFX1	5	0.005
NFXL1	4	0.005
NFYA	0	0.005
NFYB	0	0.005
NFYC	0	0.005
NGB	2	0.005
NGDN	2	0.005
NGEF	3	0.005
NGF	4	0.005
NGFR	3	0.005
NGLY1	2	0.005
NGRN	4	0.005
NHEJ1	2	0.005
NHERF1	3	0.005
NHERF2	7	0.005
NHERF4	8	0.005
NHLH1	1	0.005
NHLH2	0	0.005
NHLRC1	1	0.005
NHLRC2	8	0.005
NHLRC3	3	0.005
NHLRC4	1	0.005
NHP2	2	0.005
NHS	6	0.005
NHSL1	22	0.005
NHSL2	9	0.005
NHSL3	0	0.005
NIBAN1	15	0.005
NIBAN2	5	0.005
NIBAN3	15	0.005
NICN1	1	0.005
NICOL1	0	0.005
NID1	19	0.005
NID2	27	0.005
NIF3L1	5	0.005
NIFK	2	0.005
NIM1K	1	0.005
NIN	18	0.005
NINJ1	3	0.005
NINJ2	2	0.005
NINL	20	0.005
NIP7	0	0.005
NIPA1	1	0.005
NIPA2	2	0.005
NIPAL1	3	0.005
NIPAL2	4	0.005
NIPAL3	2	0.005
NIPAL4	5	0.005
NIPBL	5	0.005
NIPSNAP1	1	0.005
NIPSNAP2	2	0.005
NIPSNAP3A	2	0.005
NIPSNAP3B	5	0.005
NISCH	7	0.005
NIT1	1	0.005
NIT2	0	0.005
NKAIN1	0	0.005
NKAIN2	0	0.005
NKAIN3	4	0.005
NKAIN4	4	0.005
NKAP	0	0.005
NKAPD1	1	0.005
NKAPL	12	0.005
NKD1	1	0.005
NKD2	8	0.005
NKG7	2	0.005
NKIRAS1	0	0.005
NKIRAS2	0	0.005
NKPD1	10	0.005
NKRF	0	0.005
NKTR	9	0.005
NKX1-1	8	0.005
NKX1-2	5	0.005
NKX2-1	1	0.005
NKX2-2	4	0.005
NKX2-3	2	0.005
NKX2-4	0	0.005
NKX2-5	1	0.005
NKX2-6	2	0.005
NKX2-8	2	0.005
NKX3-1	2	0.005
NKX3-2	1	0.005
NKX6-1	1	0.005
NKX6-2	2	0.005
NKX6-3	3	0.005
NLE1	7	0.005
NLGN1	1	0.005
NLGN2	2	0.005
NLGN3	0	0.005
NLGN4X	2	0.005
NLGN4Y	0	0.005
NLK	0	0.005
NLN	5	0.005
NLRC3	19	0.005
NLRC4	3	0.005
NLRC5	17	0.005
NLRP1	23	0.005
NLRP10	10	0.005
NLRP11	11	0.005
NLRP12	11	0.005
NLRP13	12	0.005
NLRP14	22	0.005
NLRP2	26	0.005
NLRP2B	0	0.005
NLRP3	4	0.005
NLRP4	13	0.005
NLRP5	19	0.005
NLRP6	10	0.005
NLRP7	16	0.005
NLRP8	17	0.005
NLRP9	9	0.005
NLRX1	17	0.005
NMB	1	0.005
NMBR	4	0.005
NMD3	2	0.005
NME1	0	0.005
NME2	0	0.005
NME3	5	0.005
NME4	0	0.005
NME5	1	0.005
NME6	0	0.005
NME7	2	0.005
NME8	7	0.005
NME9	3	0.005
NMI	1	0.005
NMNAT1	1	0.005
NMNAT2	1	0.005
NMNAT3	2	0.005
NMRAL1	7	0.005
NMRK1	3	0.005
NMRK2	4	0.005
NMS	1	0.005
NMT1	0	0.005
NMT2	0	0.005
NMU	5	0.005
NMUR1	4	0.005
NMUR2	8	0.005
NNAT	0	0.005
NNMT	0	0.005
NNT	5	0.005
NOA1	8	0.005
NOB1	6	0.005
NOBOX	8	0.005
NOC2L	6	0.005
NOC3L	15	0.005
NOC4L	4	0.005
NOCT	1	0.005
NOD1	6	0.005
NOD2	11	0.005
NODAL	1	0.005
NOG	0	0.005
NOL10	4	0.005
NOL11	7	0.005
NOL12	2	0.005
NOL3	2	0.005
NOL4	0	0.005
NOL4L	0	0.005
NOL6	13	0.005
NOL7	2	0.005
NOL8	15	0.005
NOL9	6	0.005
NOLC1	3	0.005
NOM1	15	0.005
NOMO1	6	0.005
NOMO2	2	0.005
NOMO3	2	0.005
NONO	1	0.005
NOP10	1	0.005
NOP14	14	0.005
NOP16	1	0.005
NOP2	6	0.005
NOP53	15	0.005
NOP56	6	0.005
NOP58	1	0.005
NOP9	10	0.005
NOPCHAP1	3	0.005
NOS1	6	0.005
NOS1AP	2	0.005
NOS2	3	0.005
NOS3	6	0.005
NOSIP	0	0.005
NOSTRIN	3	0.005
NOTCH1	15	0.005
NOTCH2	12	0.005
NOTCH2NLA	0	0.005
NOTCH2NLB	0	0.005
NOTCH2NLC	1	0.005
NOTCH2NLR	3	0.005
NOTCH3	15	0.005
NOTCH4	17	0.005
NOTO	5	0.005
NOTUM	4	0.005
NOVA1	0	0.005
NOVA2	1	0.005
NOX1	4	0.005
NOX3	4	0.005
NOX4	4	0.005
NOX5	11	0.005
NOXA1	9	0.005
NOXO1	8	0.005
NOXRED1	1	0.005
NPAP1	25	0.005
NPAS1	2	0.005
NPAS2	6	0.005
NPAS3	2	0.005
NPAS4	4	0.005
NPAT	10	0.005
NPB	2	0.005
NPBWR1	2	0.005
NPBWR2	2	0.005
NPC1	14	0.005
NPC1L1	17	0.005
NPC2	1	0.005
NPDC1	0	0.005
NPEPL1	2	0.005
NPEPPS	0	0.005
NPFF	1	0.005
NPFFR1	6	0.005
NPFFR2	7	0.005
NPHP1	5	0.005
NPHP3	7	0.005
NPHP4	25	0.005
NPHS1	21	0.005
NPHS2	6	0.005
NPIPA1	0	0.005
NPIPA2	0	0.005
NPIPA3	0	0.005
NPIPA5	5	0.005
NPIPA6	0	0.005
NPIPA7	0	0.005
NPIPA8	0	0.005
NPIPA9	0	0.005
NPIPB11	6	0.005
NPIPB12	0	0.005
NPIPB13	2	0.005
NPIPB15	1	0.005
NPIPB2	13	0.005
NPIPB4	1	0.005
NPIPB5	1	0.005
NPIPB6	4	0.005
NPIPB7	0	0.005
NPIPB8	1	0.005
NPIPB9	1	0.005
NPL	3	0.005
NPLOC4	2	0.005
NPM1	0	0.005
NPM2	3	0.005
NPM3	0	0.005
NPNT	13	0.005
NPPA	3	0.005
NPPB	3	0.005
NPPC	3	0.005
NPR1	7	0.005
NPR2	0	0.005
NPR3	1	0.005
NPRL2	0	0.005
NPRL3	2	0.005
NPS	4	0.005
NPSR1	8	0.005
NPTN	0	0.005
NPTX1	2	0.005
NPTX2	1	0.005
NPTXR	2	0.005
NPVF	3	0.005
NPW	4	0.005
NPY	1	0.005
NPY1R	1	0.005
NPY2R	1	0.005
NPY4R	0	0.005
NPY4R2	0	0.005
NPY5R	0	0.005
NQO1	3	0.005
NQO2	4	0.005
NR0B1	3	0.005
NR0B2	3	0.005
NR1D1	2	0.005
NR1D2	5	0.005
NR1H2	1	0.005
NR1H3	2	0.005
NR1H4	1	0.005
NR1I2	4	0.005
NR1I3	1	0.005
NR2C1	2	0.005
NR2C2	0	0.005
NR2C2AP	0	0.005
NR2E1	0	0.005
NR2E3	5	0.005
NR2F1	0	0.005
NR2F2	0	0.005
NR2F6	1	0.005
NR3C1	3	0.005
NR3C2	4	0.005
NR4A1	3	0.005
NR4A2	0	0.005
NR4A3	1	0.005
NR5A1	1	0.005
NR5A2	2	0.005
NR6A1	2	0.005
NRAP	32	0.005
NRARP	1	0.005
NRAS	0	0.00025
NRBF2	1	0.005
NRBP1	1	0.005
NRBP2	1	0.005
NRCAM	3	0.005
NRDC	3	0.005
NRDE2	10	0.005
NREP	1	0.005
NRF1	0	0.005
NRG1	8	0.005
NRG2	6	0.005
NRG3	3	0.005
NRG4	2	0.005
NRGN	0	0.005
NRIP1	13	0.005
NRIP2	1	0.005
NRIP3	3	0.005
NRK	10	0.005
NRL	1	0.005
NRM	1	0.005
NRN1	1	0.005
NRN1L	7	0.005
NRP1	5	0.005
NRP2	2	0.005
NRROS	3	0.005
NRSN1	1	0.005
NRSN2	2	0.005
NRTN	2	0.005
NRXN1	2	0.005
NRXN2	4	0.005
NRXN3	2	0.005
NSA2	1	0.005
NSD1	12	0.005
NSD2	1	0.005
NSD3	6	0.005
NSDHL	0	0.005
NSF	0	0.005
NSFL1C	4	0.005
NSG1	1	0.005
NSG2	0	0.005
NSL1	2	0.005
NSMAF	5	0.005
NSMCE1	3	0.005
NSMCE2	2	0.005
NSMCE3	5	0.005
NSMCE4A	1	0.005
NSMF	0	0.005
NSRP1	8	0.005
NSUN2	5	0.005
NSUN3	1	0.005
NSUN4	7	0.005
NSUN5	5	0.005
NSUN6	4	0.005
NSUN7	8	0.005
NT5C	1	0.005
NT5C1A	2	0.005
NT5C1B	2	0.005
NT5C2	1	0.005
NT5C3A	1	0.005
NT5C3B	3	0.005
NT5DC1	2	0.005
NT5DC2	2	0.005
NT5DC3	1	0.005
NT5DC4	10	0.005
NT5E	4	0.005
NT5M	1	0.005
NTAN1	2	0.005
NTAQ1	6	0.005
NTF3	3	0.005
NTF4	2	0.005
NTHL1	2	0.005
NTM	2	0.005
NTMT1	2	0.005
NTMT2	8	0.005
NTN1	0	0.005
NTN3	7	0.005
NTN4	5	0.005
NTN5	7	0.005
NTNG1	0	0.005
NTNG2	4	0.005
NTPCR	2	0.005
NTRK1	11	0.005
NTRK2	1	0.005
NTRK3	1	0.005
NTS	1	0.005
NTSR1	6	0.005
NTSR2	7	0.005
NUAK1	3	0.005
NUAK2	2	0.005
NUB1	3	0.005
NUBP1	3	0.005
NUBP2	2	0.005
NUBPL	2	0.005
NUCB1	2	0.005
NUCB2	1	0.005
NUCKS1	0	0.005
NUDC	1	0.005
NUDCD1	8	0.005
NUDCD2	0	0.005
NUDCD3	4	0.005
NUDT1	1	0.005
NUDT10	0	0.005
NUDT11	0	0.005
NUDT12	3	0.005
NUDT13	5	0.005
NUDT14	3	0.005
NUDT15	3	0.005
NUDT16	2	0.005
NUDT16L1	0	0.005
NUDT17	1	0.005
NUDT18	5	0.005
NUDT19	6	0.005
NUDT2	0	0.005
NUDT21	0	0.005
NUDT22	6	0.005
NUDT3	1	0.005
NUDT4	0	0.005
NUDT4B	0	0.005
NUDT5	0	0.005
NUDT6	3	0.005
NUDT7	3	0.005
NUDT8	5	0.005
NUDT9	3	0.005
NUF2	5	0.005
NUFIP1	3	0.005
NUFIP2	5	0.005
NUGGC	16	0.005
NUMA1	17	0.005
NUMB	1	0.005
NUMBL	3	0.005
NUP107	4	0.005
NUP133	10	0.005
NUP153	16	0.005
NUP155	2	0.005
NUP160	4	0.005
NUP188	13	0.005
NUP205	7	0.005
NUP210	16	0.005
NUP210L	9	0.005
NUP214	11	0.005
NUP35	1	0.005
NUP37	1	0.005
NUP42	3	0.005
NUP43	1	0.005
NUP50	1	0.005
NUP54	1	0.005
NUP58	3	0.005
NUP62	7	0.005
NUP62CL	3	0.005
NUP85	4	0.005
NUP88	6	0.005
NUP93	2	0.005
NUP98	11	0.005
NUPR1	0	0.005
NUPR2	3	0.005
NUS1	2	0.005
NUSAP1	5	0.005
NUTF2	0	0.005
NUTM1	16	0.005
NUTM2A	1	0.005
NUTM2B	1	0.005
NUTM2D	1	0.005
NUTM2E	2	0.005
NUTM2F	11	0.005
NUTM2G	12	0.005
NVL	8	0.005
NWD1	36	0.005
NWD2	6	0.005
NXF1	0	0.005
NXF2	0	0.005
NXF2B	0	0.005
NXF3	2	0.005
NXN	2	0.005
NXNL1	5	0.005
NXNL2	2	0.005
NXPE1	13	0.005
NXPE2	9	0.005
NXPE3	3	0.005
NXPE4	10	0.005
NXPH1	0	0.005
NXPH2	0	0.005
NXPH3	1	0.005
NXPH4	2	0.005
NXT1	0	0.005
NXT2	0	0.005
NYAP1	2	0.005
NYAP2	5	0.005
NYNRIN	11	0.005
NYX	5	0.005
OAF	3	0.005
OARD1	0	0.005
OAS1	7	0.005
OAS2	0	0.005
OAS3	14	0.005
OASL	5	0.005
OAT	0	0.005
OBI1	3	0.005
OBP2A	8	0.005
OBP2B	4	0.005
OBSCN	155	0.005
OBSL1	29	0.005
OC90	6	0.005
OCA2	15	0.005
OCEL1	7	0.005
OCIAD1	1	0.005
OCIAD2	2	0.005
OCLN	3	0.005
OCM	1	0.005
OCM2	0	0.005
OCRL	3	0.005
OCSTAMP	7	0.005
ODAD1	15	0.005
ODAD2	8	0.005
ODAD3	6	0.005
ODAD4	6	0.005
ODAM	1	0.005
ODAPH	4	0.005
ODC1	2	0.005
ODF1	5	0.005
ODF2	4	0.005
ODF2L	4	0.005
ODF4	5	0.005
ODR4	7	0.005
OFD1	6	0.005
OGA	2	0.005
OGDH	2	0.005
OGDHL	9	0.005
OGFOD1	3	0.005
OGFOD2	1	0.005
OGFOD3	5	0.005
OGFR	16	0.005
OGFRL1	1	0.005
OGG1	3	0.005
OGN	0	0.005
OGT	0	0.005
OIP5	4	0.005
OIT3	2	0.005
OLA1	1	0.005
OLAH	0	0.005
OLFM1	0	0.005
OLFM2	2	0.005
OLFM3	1	0.005
OLFM4	6	0.005
OLFML1	7	0.005
OLFML2A	9	0.005
OLFML2B	13	0.005
OLFML3	1	0.005
OLIG1	0	0.005
OLIG2	1	0.005
OLIG3	3	0.005
OLR1	1	0.005
OMA1	9	0.005
OMD	4	0.005
OMG	2	0.005
OMP	4	0.005
ONECUT1	4	0.005
ONECUT2	0	0.005
ONECUT3	3	0.005
OOEP	2	0.005
OOSP1	0	0.005
OOSP2	2	0.005
OOSP3	2	0.005
OOSP4A	3	0.005
OOSP4B	1	0.005
OPA1	3	0.005
OPA3	1	0.005
OPALIN	3	0.005
OPCML	0	0.005
OPHN1	4	0.005
OPLAH	18	0.005
OPN1LW	2	0.005
OPN1MW	0	0.005
OPN1MW2	0	0.005
OPN1MW3	0	0.005
OPN1SW	3	0.005
OPN3	6	0.005
OPN4	5	0.005
OPN5	1	0.005
OPRD1	3	0.005
OPRK1	2	0.005
OPRL1	2	0.005
OPRM1	8	0.005
OPRPN	2	0.005
OPTC	5	0.005
OPTN	3	0.005
OR10A2	6	0.005
OR10A3	6	0.005
OR10A4	12	0.005
OR10A5	12	0.005
OR10A6	5	0.005
OR10A7	11	0.005
OR10AD1	10	0.005
OR10AG1	10	0.005
OR10C1	19	0.005
OR10D3	10	0.005
OR10G2	8	0.005
OR10G3	10	0.005
OR10G4	13	0.005
OR10G6	6	0.005
OR10G7	14	0.005
OR10G8	5	0.005
OR10G9	24	0.005
OR10H1	7	0.005
OR10H2	6	0.005
OR10H3	10	0.005
OR10H4	9	0.005
OR10H5	16	0.005
OR10J1	7	0.005
OR10J4	0	0.005
OR10J5	3	0.005
OR10K1	6	0.005
OR10K2	9	0.005
OR10P1	6	0.005
OR10Q1	5	0.005
OR10R2	11	0.005
OR10S1	5	0.005
OR10T2	12	0.005
OR10V1	7	0.005
OR10W1	7	0.005
OR10X1	6	0.005
OR10Z1	4	0.005
OR11A1	4	0.005
OR11G2	8	0.005
OR11H1	3	0.005
OR11H12	5	0.005
OR11H2	5	0.005
OR11H4	3	0.005
OR11H6	11	0.005
OR11H7	0	0.005
OR11L1	5	0.005
OR12D1	0	0.005
OR12D2	15	0.005
OR12D3	4	0.005
OR13A1	8	0.005
OR13C2	8	0.005
OR13C3	6	0.005
OR13C4	7	0.005
OR13C5	17	0.005
OR13C8	6	0.005
OR13C9	9	0.005
OR13D1	8	0.005
OR13F1	11	0.005
OR13G1	8	0.005
OR13H1	2	0.005
OR13J1	2	0.005
OR14A16	5	0.005
OR14A2	7	0.005
OR14C36	5	0.005
OR14I1	0	0.005
OR14J1	3	0.005
OR14K1	4	0.005
OR14L1	1	0.005
OR1A1	5	0.005
OR1A2	8	0.005
OR1B1	7	0.005
OR1C1	6	0.005
OR1D2	8	0.005
OR1D5	2	0.005
OR1E1	5	0.005
OR1E2	9	0.005
OR1F1	12	0.005
OR1G1	3	0.005
OR1I1	13	0.005
OR1J1	8	0.005
OR1J2	4	0.005
OR1J4	1	0.005
OR1K1	5	0.005
OR1L1	6	0.005
OR1L3	10	0.005
OR1L4	8	0.005
OR1L6	8	0.005
OR1L8	7	0.005
OR1M1	8	0.005
OR1N1	3	0.005
OR1N2	6	0.005
OR1Q1	7	0.005
OR1R1	0	0.005
OR1S1	11	0.005
OR1S2	6	0.005
OR2A1	0	0.005
OR2A12	5	0.005
OR2A14	6	0.005
OR2A2	7	0.005
OR2A25	4	0.005
OR2A4	1	0.005
OR2A42	0	0.005
OR2A5	7	0.005
OR2A7	2	0.005
OR2AE1	7	0.005
OR2AG1	14	0.005
OR2AG2	7	0.005
OR2AJ1	3	0.005
OR2AK2	10	0.005
OR2AP1	7	0.005
OR2AT4	3	0.005
OR2B11	12	0.005
OR2B2	8	0.005
OR2B3	4	0.005
OR2B6	5	0.005
OR2C1	8	0.005
OR2C3	6	0.005
OR2D2	12	0.005
OR2D3	10	0.005
OR2F1	5	0.005
OR2F2	6	0.005
OR2G2	9	0.005
OR2G3	9	0.005
OR2G6	7	0.005
OR2H1	15	0.005
OR2H2	7	0.005
OR2I1	0	0.005
OR2J1	4	0.005
OR2J2	10	0.005
OR2J3	7	0.005
OR2K2	5	0.005
OR2L13	6	0.005
OR2L2	7	0.005
OR2L3	12	0.005
OR2L5	6	0.005
OR2L8	7	0.005
OR2M2	7	0.005
OR2M3	8	0.005
OR2M4	3	0.005
OR2M5	23	0.005
OR2M7	12	0.005
OR2S2	13	0.005
OR2T1	6	0.005
OR2T10	9	0.005
OR2T11	10	0.005
OR2T12	15	0.005
OR2T2	3	0.005
OR2T27	9	0.005
OR2T29	2	0.005
OR2T3	10	0.005
OR2T33	14	0.005
OR2T34	9	0.005
OR2T35	3	0.005
OR2T4	14	0.005
OR2T5	1	0.005
OR2T6	14	0.005
OR2T8	12	0.005
OR2V1	6	0.005
OR2V2	6	0.005
OR2W1	4	0.005
OR2W3	13	0.005
OR2Y1	11	0.005
OR2Z1	3	0.005
OR3A1	10	0.005
OR3A2	11	0.005
OR3A3	4	0.005
OR4A15	4	0.005
OR4A16	25	0.005
OR4A47	8	0.005
OR4A5	10	0.005
OR4B1	9	0.005
OR4C11	8	0.005
OR4C12	2	0.005
OR4C13	7	0.005
OR4C15	13	0.005
OR4C16	16	0.005
OR4C3	4	0.005
OR4C45	0	0.005
OR4C46	14	0.005
OR4C5	11	0.005
OR4C6	5	0.005
OR4D1	5	0.005
OR4D10	1	0.005
OR4D11	2	0.005
OR4D2	10	0.005
OR4D5	6	0.005
OR4D6	15	0.005
OR4D9	8	0.005
OR4E1	11	0.005
OR4E2	5	0.005
OR4F15	5	0.005
OR4F16	0	0.005
OR4F17	0	0.005
OR4F21	0	0.005
OR4F29	0	0.005
OR4F3	0	0.005
OR4F5	4	0.005
OR4F6	5	0.005
OR4K1	9	0.005
OR4K13	6	0.005
OR4K14	4	0.005
OR4K15	13	0.005
OR4K17	2	0.005
OR4K2	7	0.005
OR4K5	11	0.005
OR4L1	14	0.005
OR4M1	6	0.005
OR4M2	0	0.005
OR4M2B	0	0.005
OR4N2	11	0.005
OR4N4	0	0.005
OR4N4C	0	0.005
OR4N5	8	0.005
OR4P4	5	0.005
OR4Q2	0	0.005
OR4Q3	10	0.005
OR4S1	8	0.005
OR4S2	10	0.005
OR4X1	12	0.005
OR4X2	2	0.005
OR51A2	9	0.005
OR51A4	11	0.005
OR51A7	4	0.005
OR51B2	7	0.005
OR51B4	12	0.005
OR51B5	13	0.005
OR51B6	20	0.005
OR51C1	0	0.005
OR51D1	7	0.005
OR51E1	5	0.005
OR51E2	4	0.005
OR51F1	13	0.005
OR51F2	6	0.005
OR51G1	13	0.005
OR51G2	7	0.005
OR51I1	12	0.005
OR51I2	9	0.005
OR51L1	6	0.005
OR51M1	12	0.005
OR51Q1	14	0.005
OR51S1	9	0.005
OR51T1	4	0.005
OR51V1	10	0.005
OR52A1	4	0.005
OR52A5	8	0.005
OR52B2	10	0.005
OR52B4	2	0.005
OR52B6	9	0.005
OR52D1	8	0.005
OR52E1	0	0.005
OR52E2	12	0.005
OR52E4	10	0.005
OR52E5	12	0.005
OR52E6	17	0.005
OR52E8	10	0.005
OR52H1	12	0.005
OR52I1	16	0.005
OR52I2	9	0.005
OR52J3	8	0.005
OR52K1	6	0.005
OR52K2	11	0.005
OR52L1	14	0.005
OR52M1	6	0.005
OR52N1	9	0.005
OR52N2	10	0.005
OR52N4	9	0.005
OR52N5	4	0.005
OR52R1	8	0.005
OR52W1	8	0.005
OR56A1	4	0.005
OR56A3	1	0.005
OR56A4	2	0.005
OR56A5	6	0.005
OR56B1	11	0.005
OR56B2	0	0.005
OR56B4	5	0.005
OR5A1	5	0.005
OR5A2	3	0.005
OR5AC2	6	0.005
OR5AK2	5	0.005
OR5AL1	0	0.005
OR5AN1	5	0.005
OR5AP2	6	0.005
OR5AR1	2	0.005
OR5AS1	8	0.005
OR5AU1	9	0.005
OR5B12	6	0.005
OR5B17	8	0.005
OR5B2	6	0.005
OR5B21	4	0.005
OR5B3	12	0.005
OR5BS1	0	0.005
OR5C1	3	0.005
OR5D13	6	0.005
OR5D14	10	0.005
OR5D16	4	0.005
OR5D18	7	0.005
OR5D3	0	0.005
OR5F1	9	0.005
OR5H1	10	0.005
OR5H14	16	0.005
OR5H15	13	0.005
OR5H2	10	0.005
OR5H6	14	0.005
OR5I1	9	0.005
OR5J2	6	0.005
OR5K1	10	0.005
OR5K2	4	0.005
OR5K3	10	0.005
OR5K4	12	0.005
OR5L1	7	0.005
OR5L2	11	0.005
OR5M1	7	0.005
OR5M10	8	0.005
OR5M11	7	0.005
OR5M3	9	0.005
OR5M8	7	0.005
OR5M9	12	0.005
OR5P2	7	0.005
OR5P3	5	0.005
OR5T1	4	0.005
OR5T2	7	0.005
OR5T3	6	0.005
OR5V1	5	0.005
OR5W2	10	0.005
OR6A2	8	0.005
OR6B1	3	0.005
OR6B2	12	0.005
OR6B3	6	0.005
OR6C1	9	0.005
OR6C2	7	0.005
OR6C3	7	0.005
OR6C4	6	0.005
OR6C6	8	0.005
OR6C65	2	0.005
OR6C68	7	0.005
OR6C70	6	0.005
OR6C74	7	0.005
OR6C75	2	0.005
OR6C76	5	0.005
OR6F1	8	0.005
OR6J1	15	0.005
OR6K2	7	0.005
OR6K3	9	0.005
OR6K6	11	0.005
OR6M1	7	0.005
OR6N1	10	0.005
OR6N2	4	0.005
OR6P1	11	0.005
OR6Q1	10	0.005
OR6S1	12	0.005
OR6T1	11	0.005
OR6V1	6	0.005
OR6X1	9	0.005
OR6Y1	6	0.005
OR7A10	9	0.005
OR7A17	8	0.005
OR7A5	4	0.005
OR7C1	12	0.005
OR7C2	6	0.005
OR7D2	5	0.005
OR7D4	5	0.005
OR7E24	3	0.005
OR7G1	11	0.005
OR7G2	5	0.005
OR7G3	7	0.005
OR8A1	7	0.005
OR8B12	5	0.005
OR8B2	4	0.005
OR8B3	3	0.005
OR8B4	7	0.005
OR8B8	3	0.005
OR8D1	7	0.005
OR8D2	7	0.005
OR8D4	15	0.005
OR8G1	2	0.005
OR8G5	13	0.005
OR8H1	8	0.005
OR8H2	13	0.005
OR8H3	13	0.005
OR8I2	8	0.005
OR8J1	8	0.005
OR8J3	9	0.005
OR8K1	8	0.005
OR8K3	5	0.005
OR8K5	5	0.005
OR8S1	10	0.005
OR8U1	7	0.005
OR8U3	17	0.005
OR8U8	0	0.005
OR8U9	0	0.005
OR9A2	4	0.005
OR9A4	2	0.005
OR9G1	6	0.005
OR9G4	4	0.005
OR9G9	0	0.005
OR9I1	5	0.005
OR9K2	5	0.005
OR9Q1	2	0.005
OR9Q2	2	0.005
ORAI1	0	0.005
ORAI2	1	0.005
ORAI3	0	0.005
ORC1	11	0.005
ORC2	2	0.005
ORC3	7	0.005
ORC4	5	0.005
ORC5	1	0.005
ORC6	0	0.005
ORM1	3	0.005
ORM2	8	0.005
ORMDL1	0	0.005
ORMDL2	1	0.005
ORMDL3	0	0.005
OS9	3	0.005
OSBP	1	0.005
OSBP2	6	0.005
OSBPL10	3	0.005
OSBPL11	0	0.005
OSBPL1A	9	0.005
OSBPL2	2	0.005
OSBPL3	4	0.005
OSBPL5	8	0.005
OSBPL6	4	0.005
OSBPL7	5	0.005
OSBPL8	1	0.005
OSBPL9	4	0.005
OSCAR	4	0.005
OSCP1	4	0.005
OSER1	1	0.005
OSGEP	0	0.005
OSGEPL1	3	0.005
OSGIN1	8	0.005
OSGIN2	2	0.005
OSM	4	0.005
OSMR	12	0.005
OSR1	1	0.005
OSR2	1	0.005
OST4	0	0.005
OSTC	0	0.005
OSTF1	1	0.005
OSTM1	2	0.005
OSTN	1	0.005
OTC	2	0.002
OTOA	3	0.005
OTOF	30	0.003
OTOG	53	0.005
OTOGL	24	0.005
OTOL1	5	0.005
OTOP1	12	0.005
OTOP2	7	0.005
OTOP3	10	0.005
OTOR	1	0.005
OTOS	0	0.005
OTP	2	0.005
OTUB1	2	0.005
OTUB2	1	0.005
OTUD1	2	0.005
OTUD3	4	0.005
OTUD4	3	0.005
OTUD5	2	0.005
OTUD6A	2	0.005
OTUD6B	1	0.005
OTUD7A	6	0.005
OTUD7B	1	0.005
OTULIN	4	0.005
OTULINL	5	0.005
OTX1	1	0.005
OTX2	0	0.005
OVCA2	0	0.005
OVCH1	20	0.005
OVCH2	14	0.005
OVGP1	13	0.005
OVOL1	1	0.005
OVOL2	3	0.005
OVOL3	4	0.005
OXA1L	4	0.005
OXCT1	4	0.005
OXCT2	5	0.005
OXER1	8	0.005
OXGR1	1	0.005
OXLD1	2	0.005
OXNAD1	3	0.005
OXR1	2	0.005
OXSM	2	0.005
OXSR1	1	0.005
OXT	0	0.005
OXTR	6	0.005
P2RX1	1	0.005
P2RX2	1	0.005
P2RX3	3	0.005
P2RX4	3	0.005
P2RX5	5	0.005
P2RX6	3	0.005
P2RX7	22	0.005
P2RY1	1	0.005
P2RY10	1	0.005
P2RY11	7	0.005
P2RY12	2	0.005
P2RY13	3	0.005
P2RY14	3	0.005
P2RY2	5	0.005
P2RY4	8	0.005
P2RY6	1	0.005
P2RY8	3	0.005
P3H1	7	0.005
P3H2	4	0.005
P3H3	7	0.005
P3H4	5	0.005
P3R3URF	0	0.005
P4HA1	1	0.005
P4HA2	1	0.005
P4HA3	4	0.005
P4HB	1	0.005
P4HTM	1	0.005
PA2G4	0	0.005
PAAF1	4	0.005
PABIR1	1	0.005
PABIR2	0	0.005
PABIR3	1	0.005
PABPC1	5	0.005
PABPC1L	2	0.005
PABPC1L2A	0	0.005
PABPC1L2B	0	0.005
PABPC3	13	0.005
PABPC4	0	0.005
PABPC4L	5	0.005
PABPC5	1	0.005
PABPN1	0	0.005
PABPN1L	10	0.005
PACC1	0	0.005
PACRG	1	0.005
PACRGL	3	0.005
PACS1	2	0.005
PACS2	5	0.005
PACSIN1	3	0.005
PACSIN2	3	0.005
PACSIN3	5	0.005
PADI1	7	0.005
PADI2	3	0.005
PADI3	12	0.005
PADI4	17	0.005
PADI6	4	0.005
PAEP	2	0.005
PAF1	1	0.005
PAFAH1B1	0	0.005
PAFAH1B2	0	0.005
PAFAH1B3	0	0.005
PAFAH2	2	0.005
PAG1	3	0.005
PAGE1	3	0.005
PAGE2	1	0.005
PAGE2B	2	0.005
PAGE3	2	0.005
PAGE4	0	0.005
PAGE5	1	0.005
PAGR1	0	0.005
PAH	3	0.002
PAICS	3	0.005
PAIP1	0	0.005
PAIP2	0	0.005
PAIP2B	2	0.005
PAK1	0	0.005
PAK1IP1	2	0.005
PAK2	0	0.005
PAK3	0	0.005
PAK4	6	0.005
PAK5	4	0.005
PAK6	8	0.005
PALB2	27	0.0001
PALD1	16	0.005
PALLD	7	0.005
PALM	3	0.005
PALM2AKAP2	14	0.005
PALM3	12	0.005
PALMD	6	0.005
PALS1	6	0.005
PALS2	1	0.005
PAM	3	0.005
PAM16	2	0.005
PAMR1	6	0.005
PAN2	5	0.005
PAN3	2	0.005
PANK1	1	0.005
PANK2	2	0.005
PANK3	1	0.005
PANK4	4	0.005
PANX1	6	0.005
PANX2	2	0.005
PANX3	5	0.005
PAOX	7	0.005
PAPLN	23	0.005
PAPOLA	0	0.005
PAPOLB	7	0.005
PAPOLG	1	0.005
PAPPA	14	0.005
PAPPA2	12	0.005
PAPSS1	2	0.005
PAPSS2	3	0.005
PAQR3	1	0.005
PAQR4	0	0.005
PAQR5	1	0.005
PAQR6	1	0.005
PAQR7	6	0.005
PAQR8	0	0.005
PAQR9	1	0.005
PARD3	5	0.005
PARD3B	13	0.005
PARD6A	3	0.005
PARD6B	4	0.005
PARD6G	0	0.005
PARG	6	0.005
PARK7	2	0.005
PARL	3	0.005
PARM1	5	0.005
PARN	3	0.005
PARP1	6	0.005
PARP10	10	0.005
PARP11	0	0.005
PARP12	7	0.005
PARP14	6	0.005
PARP15	19	0.005
PARP16	2	0.005
PARP2	7	0.005
PARP3	12	0.005
PARP4	32	0.005
PARP6	0	0.005
PARP8	2	0.005
PARP9	6	0.005
PARPBP	4	0.005
PARS2	3	0.005
PARVA	0	0.005
PARVB	4	0.005
PARVG	4	0.005
PASD1	11	0.005
PASK	16	0.005
PATE1	3	0.005
PATE2	0	0.005
PATE3	1	0.005
PATE4	5	0.005
PATJ	27	0.005
PATL1	3	0.005
PATL2	4	0.005
PATZ1	1	0.005
PAWR	5	0.005
PAX1	4	0.005
PAX2	1	0.005
PAX3	3	0.005
PAX4	7	0.005
PAX5	4	0.005
PAX6	0	0.005
PAX7	2	0.005
PAX8	1	0.005
PAX9	2	0.005
PAXBP1	3	0.005
PAXIP1	3	0.005
PAXX	2	0.005
PBDC1	0	0.005
PBK	4	0.005
PBLD	2	0.005
PBOV1	4	0.005
PBRM1	0	0.005
PBX1	1	0.005
PBX2	1	0.005
PBX3	1	0.005
PBX4	1	0.005
PBXIP1	5	0.005
PC	4	0.005
PCARE	26	0.005
PCBD1	0	0.005
PCBD2	1	0.005
PCBP1	1	0.005
PCBP2	0	0.005
PCBP3	1	0.005
PCBP4	1	0.005
PCCA	5	0.005
PCCB	3	0.005
PCDH1	7	0.005
PCDH10	1	0.005
PCDH11X	6	0.005
PCDH11Y	0	0.005
PCDH12	16	0.005
PCDH15	20	0.005
PCDH17	1	0.005
PCDH18	4	0.005
PCDH19	4	0.005
PCDH20	2	0.005
PCDH7	4	0.005
PCDH8	8	0.005
PCDH9	11	0.005
PCDHA1	14	0.005
PCDHA10	15	0.005
PCDHA11	13	0.005
PCDHA12	16	0.005
PCDHA13	7	0.005
PCDHA2	7	0.005
PCDHA3	10	0.005
PCDHA4	14	0.005
PCDHA5	10	0.005
PCDHA6	9	0.005
PCDHA7	6	0.005
PCDHA8	19	0.005
PCDHA9	22	0.005
PCDHAC1	15	0.005
PCDHAC2	0	0.005
PCDHB1	6	0.005
PCDHB10	20	0.005
PCDHB11	17	0.005
PCDHB12	20	0.005
PCDHB13	13	0.005
PCDHB14	15	0.005
PCDHB15	19	0.005
PCDHB16	12	0.005
PCDHB2	13	0.005
PCDHB3	16	0.005
PCDHB4	15	0.005
PCDHB5	7	0.005
PCDHB6	18	0.005
PCDHB7	19	0.005
PCDHB8	21	0.005
PCDHB9	18	0.005
PCDHGA1	8	0.005
PCDHGA10	7	0.005
PCDHGA11	6	0.005
PCDHGA12	10	0.005
PCDHGA2	14	0.005
PCDHGA3	9	0.005
PCDHGA4	11	0.005
PCDHGA5	4	0.005
PCDHGA6	12	0.005
PCDHGA7	12	0.005
PCDHGA8	11	0.005
PCDHGA9	4	0.005
PCDHGB1	13	0.005
PCDHGB2	13	0.005
PCDHGB3	10	0.005
PCDHGB4	6	0.005
PCDHGB5	12	0.005
PCDHGB6	7	0.005
PCDHGB7	9	0.005
PCDHGC3	1	0.005
PCDHGC4	3	0.005
PCDHGC5	2	0.005
PCED1A	3	0.005
PCED1B	2	0.005
PCF11	12	0.005
PCGF1	1	0.005
PCGF2	1	0.005
PCGF3	0	0.005
PCGF5	0	0.005
PCGF6	0	0.005
PCID2	0	0.005
PCIF1	3	0.005
PCK1	6	0.005
PCK2	5	0.005
PCLAF	0	0.005
PCLO	44	0.005
PCM1	19	0.005
PCMT1	1	0.005
PCMTD1	1	0.005
PCMTD2	1	0.005
PCNA	0	0.005
PCNP	2	0.005
PCNT	61	0.005
PCNX1	8	0.005
PCNX2	15	0.005
PCNX3	13	0.005
PCNX4	16	0.005
PCOLCE	3	0.005
PCOLCE2	4	0.005
PCP2	3	0.005
PCP4	0	0.005
PCP4L1	1	0.005
PCSK1	4	0.005
PCSK1N	0	0.005
PCSK2	0	0.005
PCSK4	11	0.005
PCSK5	26	0.005
PCSK6	9	0.005
PCSK7	7	0.005
PCSK9	11	0.005
PCTP	2	0.005
PCYOX1	6	0.005
PCYOX1L	6	0.005
PCYT1A	2	0.005
PCYT1B	0	0.005
PCYT2	1	0.005
PDAP1	0	0.005
PDC	1	0.005
PDCD1	1	0.005
PDCD10	1	0.005
PDCD11	13	0.005
PDCD1LG2	4	0.005
PDCD2	3	0.005
PDCD2L	0	0.005
PDCD4	2	0.005
PDCD5	1	0.005
PDCD6	1	0.005
PDCD6IP	9	0.005
PDCD7	3	0.005
PDCL	2	0.005
PDCL2	1	0.005
PDCL3	2	0.005
PDE10A	4	0.005
PDE11A	8	0.005
PDE12	3	0.005
PDE1A	0	0.005
PDE1B	0	0.005
PDE1C	7	0.005
PDE2A	4	0.005
PDE3A	7	0.005
PDE3B	4	0.005
PDE4A	6	0.005
PDE4B	2	0.005
PDE4C	7	0.005
PDE4D	0	0.005
PDE4DIP	13	0.005
PDE5A	8	0.005
PDE6A	10	0.005
PDE6B	12	0.005
PDE6C	6	0.005
PDE6D	2	0.005
PDE6G	0	0.005
PDE6H	0	0.005
PDE7A	2	0.005
PDE7B	3	0.005
PDE8A	5	0.005
PDE8B	4	0.005
PDE9A	2	0.005
PDF	3	0.005
PDGFA	0	0.005
PDGFB	3	0.005
PDGFC	2	0.005
PDGFD	1	0.005
PDGFRA	6	0.005
PDGFRB	8	0.005
PDGFRL	5	0.005
PDHA1	4	9.2e-05
PDHA2	5	0.005
PDHB	0	0.005
PDHX	8	0.005
PDIA2	19	0.005
PDIA3	2	0.005
PDIA4	7	0.005
PDIA5	3	0.005
PDIA6	2	0.005
PDIK1L	0	0.005
PDILT	10	0.005
PDK1	1	0.005
PDK2	2	0.005
PDK3	1	0.005
PDK4	4	0.005
PDLIM1	3	0.005
PDLIM2	3	0.005
PDLIM3	3	0.005
PDLIM4	2	0.005
PDLIM5	11	0.005
PDLIM7	4	0.005
PDP1	0	0.005
PDP2	0	0.005
PDPK1	0	0.005
PDPN	2	0.005
PDPR	7	0.005
PDRG1	0	0.005
PDS5A	2	0.005
PDS5B	1	0.005
PDSS1	2	0.005
PDSS2	2	0.005
PDX1	4	0.005
PDXDC1	11	0.005
PDXK	2	0.005
PDXP	2	0.005
PDYN	4	0.005
PDZD11	0	0.005
PDZD2	33	0.005
PDZD4	3	0.005
PDZD7	12	0.005
PDZD8	7	0.005
PDZD9	1	0.005
PDZK1	3	0.005
PDZK1IP1	1	0.005
PDZRN3	6	0.005
PDZRN4	11	0.005
PEA15	0	0.005
PEAK1	12	0.005
PEAK3	3	0.005
PEAR1	16	0.005
PEBP1	2	0.005
PEBP4	10	0.005
PECAM1	5	0.005
PECR	5	0.005
PEDS1	2	0.005
PEF1	1	0.005
PEG3	21	0.005
PELI1	0	0.005
PELI2	2	0.005
PELI3	1	0.005
PELO	2	0.005
PELP1	8	0.005
PEMT	4	0.005
PENK	2	0.005
PEPD	6	0.005
PER1	6	0.005
PER2	12	0.005
PER3	13	0.005
PERCC1	4	0.005
PERM1	9	0.005
PERP	4	0.005
PES1	4	0.005
PET100	2	0.005
PET117	1	0.005
PEX1	8	0.005
PEX10	5	0.005
PEX11A	0	0.005
PEX11B	1	0.005
PEX11G	3	0.005
PEX12	2	0.005
PEX13	3	0.005
PEX14	5	0.005
PEX16	4	0.005
PEX19	1	0.005
PEX2	4	0.005
PEX26	3	0.005
PEX3	1	0.005
PEX39	0	0.005
PEX5	2	0.005
PEX5L	1	0.005
PEX6	11	0.005
PEX7	0	0.005
PF4	0	0.005
PF4V1	1	0.005
PFAS	14	0.005
PFDN1	0	0.005
PFDN2	0	0.005
PFDN4	1	0.005
PFDN5	0	0.005
PFDN6	0	0.005
PFKFB1	1	0.005
PFKFB2	0	0.005
PFKFB3	1	0.005
PFKFB4	1	0.005
PFKL	4	0.005
PFKM	2	0.005
PFKP	4	0.005
PFN1	0	0.005
PFN2	0	0.005
PFN3	1	0.005
PFN4	1	0.005
PGA3	1	0.005
PGA4	0	0.005
PGA5	6	0.005
PGAM1	3	0.005
PGAM2	3	0.005
PGAM4	5	0.005
PGAM5	1	0.005
PGAP1	1	0.005
PGAP2	1	0.005
PGAP3	2	0.005
PGAP4	4	0.005
PGAP6	10	0.005
PGBD1	14	0.005
PGBD2	2	0.005
PGBD4	2	0.005
PGBD5	3	0.005
PGC	3	0.005
PGCKA1	0	0.005
PGD	1	0.005
PGF	0	0.005
PGGHG	4	0.005
PGGT1B	1	0.005
PGK1	0	0.005
PGK2	4	0.005
PGLS	2	0.005
PGLYRP1	3	0.005
PGLYRP2	11	0.005
PGLYRP3	6	0.005
PGLYRP4	9	0.005
PGM1	5	0.005
PGM2	4	0.005
PGM2L1	4	0.005
PGM3	2	0.005
PGM5	4	0.005
PGP	2	0.005
PGPEP1	0	0.005
PGPEP1L	5	0.005
PGR	9	0.005
PGRMC1	1	0.005
PGRMC2	0	0.005
PGS1	3	0.005
PHACTR1	0	0.005
PHACTR2	4	0.005
PHACTR3	3	0.005
PHACTR4	4	0.005
PHAF1	2	0.005
PHAX	3	0.005
PHB1	1	0.005
PHB2	0	0.005
PHC1	5	0.005
PHC2	5	0.005
PHC3	6	0.005
PHETA1	3	0.005
PHETA2	3	0.005
PHEX	1	0.005
PHF1	3	0.005
PHF10	0	0.005
PHF11	2	0.005
PHF12	3	0.005
PHF13	1	0.005
PHF14	3	0.005
PHF19	1	0.005
PHF2	4	0.005
PHF20	2	0.005
PHF20L1	2	0.005
PHF21A	2	0.005
PHF21B	7	0.005
PHF23	0	0.005
PHF24	1	0.005
PHF3	12	0.005
PHF5A	0	0.005
PHF6	0	0.005
PHF7	1	0.005
PHF8	1	0.005
PHGDH	3	0.005
PHGR1	1	0.005
PHIP	3	0.005
PHKA1	2	0.005
PHKA2	4	0.005
PHKB	6	0.005
PHKG1	0	0.005
PHKG2	1	0.005
PHLDA1	4	0.005
PHLDA2	0	0.005
PHLDA3	3	0.005
PHLDB1	10	0.005
PHLDB2	12	0.005
PHLDB3	11	0.005
PHLPP1	7	0.005
PHLPP2	7	0.005
PHOSPHO1	1	0.005
PHOSPHO2	2	0.005
PHOX2A	0	0.005
PHOX2B	0	0.005
PHPT1	3	0.005
PHRF1	17	0.005
PHTF1	3	0.005
PHTF2	2	0.005
PHYH	4	0.005
PHYHD1	3	0.005
PHYHIP	0	0.005
PHYHIPL	1	0.005
PHYKPL	4	0.005
PI15	2	0.005
PI16	4	0.005
PI3	4	0.005
PI4K2A	2	0.005
PI4K2B	2	0.005
PI4KA	2	0.005
PI4KB	2	0.005
PIANP	0	0.005
PIAS1	0	0.005
PIAS2	1	0.005
PIAS3	2	0.005
PIAS4	1	0.005
PIBF1	8	0.005
PICALM	0	0.005
PICK1	1	0.005
PID1	0	0.005
PIDD1	11	0.005
PIERCE1	2	0.005
PIERCE2	1	0.005
PIEZO1	53	0.005
PIEZO2	17	0.005
PIF1	14	0.005
PIGA	1	0.005
PIGB	8	0.005
PIGBOS1	0	0.005
PIGC	3	0.005
PIGF	1	0.005
PIGG	20	0.005
PIGH	0	0.005
PIGK	1	0.005
PIGL	0	0.005
PIGM	3	0.005
PIGN	6	0.005
PIGO	2	0.005
PIGP	3	0.005
PIGQ	7	0.005
PIGR	6	0.005
PIGS	7	0.005
PIGT	3	0.005
PIGU	1	0.005
PIGV	1	0.005
PIGW	5	0.005
PIGX	4	0.005
PIGY	1	0.005
PIGZ	7	0.005
PIH1D1	5	0.005
PIH1D2	4	0.005
PIK3AP1	6	0.005
PIK3C2A	8	0.005
PIK3C2B	11	0.005
PIK3C2G	13	0.005
PIK3C3	1	0.005
PIK3CA	4	0.000185
PIK3CB	1	0.005
PIK3CD	15	0.000316
PIK3CG	5	0.005
PIK3IP1	3	0.005
PIK3R1	2	0.000316
PIK3R2	15	0.000185
PIK3R3	2	0.005
PIK3R4	5	0.005
PIK3R5	5	0.005
PIK3R6	11	0.005
PIKFYVE	12	0.005
PILRA	4	0.005
PILRB	5	0.005
PIM1	2	0.005
PIM2	0	0.005
PIM3	3	0.005
PIMREG	0	0.005
PIN1	0	0.005
PIN4	1	0.005
PINK1	7	0.005
PINLYP	1	0.005
PINX1	8	0.005
PIP	5	0.005
PIP4K2A	2	0.005
PIP4K2B	0	0.005
PIP4K2C	1	0.005
PIP4P1	0	0.005
PIP4P2	0	0.005
PIP5K1A	1	0.005
PIP5K1B	3	0.005
PIP5K1C	5	0.005
PIP5KL1	0	0.005
PIPOX	5	0.005
PIR	3	0.005
PIRT	1	0.005
PISD	3	0.005
PITHD1	0	0.005
PITPNA	0	0.005
PITPNB	0	0.005
PITPNC1	0	0.005
PITPNM1	4	0.005
PITPNM2	4	0.005
PITPNM3	6	0.005
PITRM1	24	0.005
PITX1	1	0.005
PITX2	0	0.005
PITX3	0	0.005
PIWIL1	3	0.005
PIWIL2	10	0.005
PIWIL3	19	0.005
PIWIL4	12	0.005
PJA1	3	0.005
PJA2	5	0.005
PJVK	4	0.005
PKD1	55	0.005
PKD1L1	43	0.005
PKD1L3	26	0.005
PKD2	6	0.005
PKD2L1	14	0.005
PKD2L2	4	0.005
PKDCC	4	0.005
PKDREJ	28	0.005
PKHD1	40	0.005
PKHD1L1	60	0.005
PKIA	0	0.005
PKIB	0	0.005
PKIG	0	0.005
PKLR	2	0.005
PKM	0	0.005
PKMYT1	2	0.005
PKN1	5	0.005
PKN2	2	0.005
PKN3	3	0.005
PKNOX1	1	0.005
PKNOX2	0	0.005
PKP1	8	0.005
PKP2	12	0.005
PKP3	10	0.005
PKP4	10	0.005
PLA1A	7	0.005
PLA2G10	0	0.005
PLA2G12A	2	0.005
PLA2G12B	0	0.005
PLA2G15	0	0.005
PLA2G1B	1	0.005
PLA2G2A	2	0.005
PLA2G2C	1	0.005
PLA2G2D	4	0.005
PLA2G2E	2	0.005
PLA2G2F	2	0.005
PLA2G3	12	0.005
PLA2G4A	4	0.005
PLA2G4B	11	0.005
PLA2G4C	14	0.005
PLA2G4D	17	0.005
PLA2G4E	9	0.005
PLA2G4F	13	0.005
PLA2G5	0	0.005
PLA2G6	4	0.005
PLA2G7	8	0.005
PLA2R1	14	0.005
PLAA	0	0.005
PLAAT1	1	0.005
PLAAT2	2	0.005
PLAAT3	2	0.005
PLAAT4	1	0.005
PLAAT5	7	0.005
PLAC1	0	0.005
PLAC8	0	0.005
PLAC8L1	3	0.005
PLAC9	2	0.005
PLAG1	1	0.005
PLAGL1	5	0.005
PLAGL2	1	0.005
PLAT	3	0.005
PLAU	7	0.005
PLAUR	6	0.005
PLB1	22	0.005
PLBD1	9	0.005
PLBD2	4	0.005
PLCB1	6	0.005
PLCB2	6	0.005
PLCB3	5	0.005
PLCB4	5	0.005
PLCD1	7	0.005
PLCD3	2	0.005
PLCD4	2	0.005
PLCE1	14	0.005
PLCG1	3	0.005
PLCG2	13	0.005
PLCH1	9	0.005
PLCH2	15	0.005
PLCL1	4	0.005
PLCL2	2	0.005
PLCXD1	6	0.005
PLCXD2	2	0.005
PLCXD3	0	0.005
PLCZ1	3	0.005
PLD1	9	0.005
PLD2	9	0.005
PLD3	2	0.005
PLD4	6	0.005
PLD5	1	0.005
PLD6	0	0.005
PLEC	50	0.005
PLEK	5	0.005
PLEK2	3	0.005
PLEKHA1	3	0.005
PLEKHA2	1	0.005
PLEKHA3	2	0.005
PLEKHA4	12	0.005
PLEKHA5	4	0.005
PLEKHA6	6	0.005
PLEKHA7	8	0.005
PLEKHA8	1	0.005
PLEKHB1	2	0.005
PLEKHB2	0	0.005
PLEKHD1	1	0.005
PLEKHF1	1	0.005
PLEKHF2	0	0.005
PLEKHG1	16	0.005
PLEKHG2	20	0.005
PLEKHG3	15	0.005
PLEKHG4	11	0.005
PLEKHG4B	32	0.005
PLEKHG5	16	0.005
PLEKHG6	6	0.005
PLEKHG7	12	0.005
PLEKHH1	12	0.005
PLEKHH2	15	0.005
PLEKHH3	8	0.005
PLEKHJ1	1	0.005
PLEKHM1	3	0.005
PLEKHM2	7	0.005
PLEKHM3	4	0.005
PLEKHN1	15	0.005
PLEKHO1	3	0.005
PLEKHO2	7	0.005
PLEKHS1	7	0.005
PLET1	4	0.005
PLG	12	0.005
PLGLB1	0	0.005
PLGLB2	0	0.005
PLGRKT	2	0.005
PLIN1	7	0.005
PLIN2	5	0.005
PLIN3	6	0.005
PLIN4	37	0.005
PLIN5	6	0.005
PLK1	4	0.005
PLK2	2	0.005
PLK3	0	0.005
PLK4	4	0.005
PLK5	9	0.005
PLLP	1	0.005
PLN	0	0.005
PLOD1	10	0.005
PLOD2	6	0.005
PLOD3	6	0.005
PLP1	0	0.005
PLP2	1	0.005
PLPBP	3	0.005
PLPP1	1	0.005
PLPP2	2	0.005
PLPP3	0	0.005
PLPP4	1	0.005
PLPP5	1	0.005
PLPP6	3	0.005
PLPP7	2	0.005
PLPPR1	1	0.005
PLPPR2	2	0.005
PLPPR3	11	0.005
PLPPR4	1	0.005
PLPPR5	0	0.005
PLRG1	1	0.005
PLS1	4	0.005
PLS3	0	0.005
PLSCR1	2	0.005
PLSCR2	3	0.005
PLSCR3	2	0.005
PLSCR4	5	0.005
PLSCR5	2	0.005
PLTP	1	0.005
PLVAP	3	0.005
PLXDC1	5	0.005
PLXDC2	6	0.005
PLXNA1	3	0.005
PLXNA2	15	0.005
PLXNA3	8	0.005
PLXNA4	9	0.005
PLXNB1	12	0.005
PLXNB2	14	0.005
PLXNB3	8	0.005
PLXNC1	7	0.005
PLXND1	18	0.005
PM20D1	11	0.005
PM20D2	2	0.005
PMAIP1	0	0.005
PMCH	0	0.005
PMEL	7	0.005
PMEPA1	2	0.005
PMF1	6	0.005
PMFBP1	8	0.005
PMIS2	1	0.005
PML	5	0.005
PMM1	1	0.005
PMM2	5	0.005
PMP2	3	0.005
PMP22	2	0.005
PMPCA	2	0.005
PMPCB	4	0.005
PMS1	7	0.005
PMS2	34	0.00028
PMVK	5	0.005
PNCK	0	0.005
PNISR	5	0.005
PNKD	3	0.005
PNKP	6	0.005
PNLDC1	2	0.005
PNLIP	3	0.005
PNLIPRP1	4	0.005
PNLIPRP2	0	0.005
PNLIPRP3	10	0.005
PNMA1	2	0.005
PNMA2	2	0.005
PNMA3	3	0.005
PNMA5	4	0.005
PNMA6A	0	0.005
PNMA6E	2	0.005
PNMA6F	8	0.005
PNMA8A	4	0.005
PNMA8B	12	0.005
PNMA8C	2	0.005
PNMT	3	0.005
PNN	6	0.005
PNO1	2	0.005
PNOC	1	0.005
PNP	4	0.005
PNPLA1	10	0.005
PNPLA2	9	0.005
PNPLA3	10	0.005
PNPLA4	1	0.005
PNPLA5	8	0.005
PNPLA6	7	0.005
PNPLA7	21	0.005
PNPLA8	2	0.005
PNPO	1	0.005
PNPT1	4	0.005
PNRC1	5	0.005
PNRC2	0	0.005
POC1A	3	0.005
POC1B	2	0.005
POC5	7	0.005
PODN	9	0.005
PODNL1	9	0.005
PODXL	9	0.005
PODXL2	2	0.005
POF1B	6	0.005
POFUT1	2	0.005
POFUT2	4	0.005
POFUT3	0	0.005
POFUT4	0	0.005
POGK	3	0.005
POGLUT1	2	0.005
POGLUT2	3	0.005
POGLUT3	4	0.005
POGZ	2	0.005
POLA1	4	0.005
POLA2	3	0.005
POLB	2	0.005
POLD1	10	0.005
POLD2	0	0.005
POLD3	7	0.005
POLD4	1	0.005
POLDIP2	2	0.005
POLDIP3	2	0.005
POLE	18	0.005
POLE2	6	0.005
POLE3	0	0.005
POLE4	1	0.005
POLG	10	0.005
POLG2	6	0.005
POLGARF	0	0.005
POLH	9	0.005
POLI	8	0.005
POLK	3	0.005
POLL	2	0.005
POLM	3	0.005
POLN	13	0.005
POLQ	32	0.005
POLR1A	12	0.005
POLR1B	4	0.005
POLR1C	2	0.005
POLR1D	0	0.005
POLR1E	7	0.005
POLR1F	3	0.005
POLR1G	9	0.005
POLR1H	1	0.005
POLR2A	0	0.005
POLR2B	1	0.005
POLR2C	0	0.005
POLR2D	0	0.005
POLR2E	1	0.005
POLR2F	0	0.005
POLR2G	0	0.005
POLR2H	0	0.005
POLR2I	0	0.005
POLR2J	0	0.005
POLR2J2	0	0.005
POLR2J3	0	0.005
POLR2K	0	0.005
POLR2L	0	0.005
POLR2M	5	0.005
POLR3A	4	0.005
POLR3B	2	0.005
POLR3C	3	0.005
POLR3D	1	0.005
POLR3E	4	0.005
POLR3F	1	0.005
POLR3G	0	0.005
POLR3GL	0	0.005
POLR3H	0	0.005
POLR3K	0	0.005
POLRMT	22	0.005
POM121	18	0.005
POM121C	14	0.005
POM121L12	10	0.005
POM121L2	22	0.005
POMC	5	0.005
POMGNT1	4	0.005
POMGNT2	6	0.005
POMK	3	0.005
POMP	0	0.005
POMT1	6	0.005
POMT2	4	0.005
POMZP3	4	0.005
PON1	6	0.005
PON2	4	0.005
PON3	4	0.005
POP1	7	0.005
POP4	2	0.005
POP5	1	0.005
POP7	1	0.005
POPDC1	0	0.005
POPDC2	1	0.005
POPDC3	2	0.005
POR	4	0.005
PORCN	0	0.005
POSTN	6	0.005
POT1	6	0.005
POTEB	0	0.005
POTEB2	0	0.005
POTEB3	2	0.005
POTEC	13	0.005
POTED	1	0.005
POTEE	21	0.005
POTEF	14	0.005
POTEG	1	0.005
POTEH	4	0.005
POTEI	3	0.005
POTEJ	4	0.005
POTEM	0	0.005
POU1F1	0	0.005
POU2AF1	1	0.005
POU2AF2	1	0.005
POU2AF3	1	0.005
POU2F1	2	0.005
POU2F2	0	0.005
POU2F3	5	0.005
POU3F1	1	0.005
POU3F2	0	0.005
POU3F3	0	0.005
POU3F4	0	0.005
POU4F1	2	0.005
POU4F2	4	0.005
POU4F3	0	0.005
POU5F1	2	0.005
POU5F1B	9	0.005
POU5F2	0	0.005
POU6F1	2	0.005
POU6F2	7	0.005
PP2D1	7	0.005
PPA1	0	0.005
PPA2	4	0.005
PPAN	4	0.005
PPARA	3	0.005
PPARD	0	0.005
PPARG	0	0.005
PPARGC1A	6	0.005
PPARGC1B	16	0.005
PPAT	1	0.005
PPBP	0	0.005
PPCDC	0	0.005
PPCS	1	0.005
PPDPF	0	0.005
PPDPFL	1	0.005
PPEF1	3	0.005
PPEF2	13	0.005
PPFIA1	5	0.005
PPFIA2	2	0.005
PPFIA3	2	0.005
PPFIA4	8	0.005
PPFIBP1	6	0.005
PPFIBP2	9	0.005
PPHLN1	2	0.005
PPIA	0	0.005
PPIAL4A	5	0.005
PPIAL4C	0	0.005
PPIAL4D	0	0.005
PPIAL4E	0	0.005
PPIAL4F	0	0.005
PPIAL4G	5	0.005
PPIAL4H	2	0.005
PPIB	0	0.005
PPIC	5	0.005
PPID	4	0.005
PPIE	0	0.005
PPIF	0	0.005
PPIG	3	0.005
PPIH	0	0.005
PPIL1	1	0.005
PPIL2	3	0.005
PPIL3	2	0.005
PPIL4	2	0.005
PPIL6	1	0.005
PPIP5K1	3	0.005
PPIP5K2	6	0.005
PPL	31	0.005
PPM1A	0	0.005
PPM1B	0	0.005
PPM1D	4	0.005
PPM1E	2	0.005
PPM1F	5	0.005
PPM1G	0	0.005
PPM1H	2	0.005
PPM1J	8	0.005
PPM1K	3	0.005
PPM1L	0	0.005
PPM1M	3	0.005
PPM1N	3	0.005
PPME1	0	0.005
PPOX	2	0.005
PPP1CA	0	0.005
PPP1CB	0	0.00025
PPP1CC	0	0.005
PPP1R10	1	0.005
PPP1R11	0	0.005
PPP1R12A	5	0.005
PPP1R12B	6	0.005
PPP1R12C	6	0.005
PPP1R13B	4	0.005
PPP1R13L	2	0.005
PPP1R14A	2	0.005
PPP1R14B	0	0.005
PPP1R14C	1	0.005
PPP1R14D	0	0.005
PPP1R15A	19	0.005
PPP1R15B	8	0.005
PPP1R16A	2	0.005
PPP1R16B	1	0.005
PPP1R17	2	0.005
PPP1R18	9	0.005
PPP1R1A	3	0.005
PPP1R1B	2	0.005
PPP1R1C	0	0.005
PPP1R2	1	0.005
PPP1R21	4	0.005
PPP1R26	24	0.005
PPP1R27	1	0.005
PPP1R2B	6	0.005
PPP1R2C	3	0.005
PPP1R35	0	0.005
PPP1R36	9	0.005
PPP1R37	7	0.005
PPP1R3A	16	0.005
PPP1R3B	4	0.005
PPP1R3C	3	0.005
PPP1R3D	3	0.005
PPP1R3E	3	0.005
PPP1R3F	6	0.005
PPP1R3G	8	0.005
PPP1R42	1	0.005
PPP1R7	1	0.005
PPP1R8	1	0.005
PPP1R9A	11	0.005
PPP1R9B	2	0.005
PPP2CA	0	0.005
PPP2CB	0	0.005
PPP2R1A	0	0.005
PPP2R1B	3	0.005
PPP2R2A	0	0.005
PPP2R2B	0	0.005
PPP2R2C	0	0.005
PPP2R2D	1	0.005
PPP2R3A	18	0.005
PPP2R3B	10	0.005
PPP2R3C	0	0.005
PPP2R5A	1	0.005
PPP2R5B	0	0.005
PPP2R5C	2	0.005
PPP2R5D	0	0.005
PPP2R5E	0	0.005
PPP3CA	0	0.005
PPP3CB	0	0.005
PPP3CC	4	0.005
PPP3R1	0	0.005
PPP3R2	1	0.005
PPP4C	0	0.005
PPP4R1	6	0.005
PPP4R2	4	0.005
PPP4R3A	1	0.005
PPP4R3B	3	0.005
PPP4R3C	9	0.005
PPP4R4	1	0.005
PPP5C	0	0.005
PPP6C	1	0.005
PPP6R1	10	0.005
PPP6R2	15	0.005
PPP6R3	3	0.005
PPRC1	13	0.005
PPT1	2	0.005
PPT2	2	0.005
PPTC7	1	0.005
PPWD1	2	0.005
PPY	2	0.005
PQBP1	0	0.005
PRAC1	2	0.005
PRAC2	2	0.005
PRADC1	1	0.005
PRAF2	1	0.005
PRAG1	28	0.005
PRAM1	9	0.005
PRAME	6	0.005
PRAMEF1	23	0.005
PRAMEF10	8	0.005
PRAMEF11	19	0.005
PRAMEF12	15	0.005
PRAMEF13	4	0.005
PRAMEF14	6	0.005
PRAMEF15	5	0.005
PRAMEF17	11	0.005
PRAMEF18	5	0.005
PRAMEF19	19	0.005
PRAMEF2	30	0.005
PRAMEF20	4	0.005
PRAMEF22	0	0.005
PRAMEF25	0	0.005
PRAMEF26	0	0.005
PRAMEF27	0	0.005
PRAMEF33	8	0.005
PRAMEF4	22	0.005
PRAMEF5	0	0.005
PRAMEF6	1	0.005
PRAMEF7	0	0.005
PRAMEF8	0	0.005
PRAMEF9	2	0.005
PRAP1	4	0.005
PRB2	8	0.005
PRB3	4	0.005
PRB4	3	0.005
PRC1	3	0.005
PRCC	3	0.005
PRCD	1	0.005
PRCP	5	0.005
PRDM1	11	0.005
PRDM10	6	0.005
PRDM11	5	0.005
PRDM12	0	0.005
PRDM13	9	0.005
PRDM14	1	0.005
PRDM15	6	0.005
PRDM16	9	0.005
PRDM2	11	0.005
PRDM4	2	0.005
PRDM5	4	0.005
PRDM6	8	0.005
PRDM7	10	0.005
PRDM8	3	0.005
PRDM9	9	0.005
PRDX1	0	0.005
PRDX2	0	0.005
PRDX3	6	0.005
PRDX4	1	0.005
PRDX5	3	0.005
PRDX6	0	0.005
PREB	2	0.005
PRELID1	0	0.005
PRELID2	1	0.005
PRELID3A	0	0.005
PRELID3B	1	0.005
PRELP	6	0.005
PREP	3	0.005
PREPL	5	0.005
PREX1	14	0.005
PREX2	10	0.005
PRF1	6	0.005
PRG2	1	0.005
PRG3	4	0.005
PRG4	22	0.005
PRH1	4	0.005
PRH2	1	0.005
PRICKLE1	4	0.005
PRICKLE2	0	0.005
PRICKLE3	5	0.005
PRICKLE4	5	0.005
PRIM1	2	0.005
PRIM2	2	0.005
PRIMA1	0	0.005
PRIMPOL	7	0.005
PRKAA1	0	0.005
PRKAA2	1	0.005
PRKAB1	2	0.005
PRKAB2	1	0.005
PRKACA	0	0.005
PRKACB	1	0.005
PRKACG	1	0.005
PRKAG1	1	0.005
PRKAG2	2	0.005
PRKAG3	4	0.005
PRKAR1A	0	0.005
PRKAR1B	1	0.005
PRKAR2A	2	0.005
PRKAR2B	0	0.005
PRKCA	2	0.005
PRKCB	0	0.005
PRKCD	1	0.005
PRKCE	2	0.005
PRKCG	1	0.005
PRKCH	1	0.005
PRKCI	0	0.005
PRKCQ	3	0.005
PRKCSH	3	0.005
PRKCZ	1	0.005
PRKD1	5	0.005
PRKD2	1	0.005
PRKD3	4	0.005
PRKDC	26	0.005
PRKG1	2	0.005
PRKG2	0	0.005
PRKN	10	0.005
PRKRA	2	0.005
PRKRIP1	2	0.005
PRKX	1	0.005
PRL	1	0.005
PRLH	1	0.005
PRLHR	4	0.005
PRLR	3	0.005
PRM1	2	0.005
PRM2	0	0.005
PRM3	3	0.005
PRMT1	1	0.005
PRMT2	0	0.005
PRMT3	4	0.005
PRMT5	0	0.005
PRMT6	1	0.005
PRMT7	1	0.005
PRMT8	0	0.005
PRMT9	6	0.005
PRND	4	0.005
PRNP	4	0.005
PROB1	11	0.005
PROC	0	0.005
PROCA1	5	0.005
PROCR	1	0.005
PRODH	2	0.005
PRODH2	6	0.005
PROK1	2	0.005
PROK2	1	0.005
PROKR1	3	0.005
PROKR2	4	0.005
PROM1	4	0.005
PROM2	8	0.005
PROP1	3	0.005
PRORP	4	0.005
PROS1	4	0.005
PROSER1	7	0.005
PROSER2	13	0.005
PROSER3	10	0.005
PROX1	0	0.005
PROX2	8	0.005
PROZ	4	0.005
PRP4K	0	0.005
PRPF18	0	0.005
PRPF19	0	0.005
PRPF3	0	0.005
PRPF31	0	0.005
PRPF38A	0	0.005
PRPF38B	2	0.005
PRPF39	3	0.005
PRPF4	1	0.005
PRPF40A	0	0.005
PRPF40B	1	0.005
PRPF6	0	0.005
PRPF8	0	0.005
PRPH	3	0.005
PRPH2	4	0.005
PRPS1	0	0.005
PRPS1L1	3	0.005
PRPS2	0	0.005
PRPSAP1	1	0.005
PRPSAP2	0	0.005
PRR11	3	0.005
PRR12	10	0.005
PRR13	0	0.005
PRR14	5	0.005
PRR14L	28	0.005
PRR15	2	0.005
PRR15L	1	0.005
PRR16	3	0.005
PRR18	3	0.005
PRR19	2	0.005
PRR20A	0	0.005
PRR20B	0	0.005
PRR20C	0	0.005
PRR20D	0	0.005
PRR20E	0	0.005
PRR20G	2	0.005
PRR22	7	0.005
PRR23A	2	0.005
PRR23B	4	0.005
PRR23C	3	0.005
PRR23D1	0	0.005
PRR23D2	0	0.005
PRR23E	2	0.005
PRR27	7	0.005
PRR29	2	0.005
PRR3	2	0.005
PRR30	8	0.005
PRR32	5	0.005
PRR33	15	0.005
PRR35	10	0.005
PRR36	18	0.005
PRR4	3	0.005
PRR5	4	0.005
PRR5L	6	0.005
PRR7	0	0.005
PRR9	1	0.005
PRRC1	2	0.005
PRRC2A	31	0.005
PRRC2B	21	0.005
PRRC2C	14	0.005
PRRG1	0	0.005
PRRG2	7	0.005
PRRG3	3	0.005
PRRG4	4	0.005
PRRT1	0	0.005
PRRT1B	10	0.005
PRRT2	3	0.005
PRRT3	9	0.005
PRRT4	9	0.005
PRRX1	3	0.005
PRRX2	0	0.005
PRSS1	4	0.005
PRSS12	9	0.005
PRSS16	2	0.005
PRSS2	3	0.005
PRSS21	6	0.005
PRSS22	2	0.005
PRSS23	1	0.005
PRSS27	5	0.005
PRSS3	2	0.005
PRSS33	1	0.005
PRSS35	2	0.005
PRSS36	7	0.005
PRSS37	3	0.005
PRSS38	13	0.005
PRSS41	9	0.005
PRSS48	6	0.005
PRSS50	5	0.005
PRSS53	6	0.005
PRSS54	7	0.005
PRSS55	11	0.005
PRSS56	6	0.005
PRSS57	5	0.005
PRSS58	3	0.005
PRSS8	1	0.005
PRTFDC1	0	0.005
PRTG	8	0.005
PRTN3	4	0.005
PRUNE1	8	0.005
PRUNE2	43	0.005
PRX	18	0.005
PRXL2A	1	0.005
PRXL2B	0	0.005
PRXL2C	3	0.005
PSAP	2	0.005
PSAPL1	13	0.005
PSAT1	1	0.005
PSCA	2	0.005
PSD	3	0.005
PSD2	8	0.005
PSD3	18	0.005
PSD4	14	0.005
PSEN1	0	0.005
PSEN2	1	0.005
PSENEN	0	0.005
PSG1	16	0.005
PSG11	7	0.005
PSG2	15	0.005
PSG3	13	0.005
PSG4	16	0.005
PSG5	16	0.005
PSG6	21	0.005
PSG7	15	0.005
PSG8	13	0.005
PSG9	15	0.005
PSIP1	3	0.005
PSKH1	0	0.005
PSKH2	9	0.005
PSMA1	0	0.005
PSMA2	0	0.005
PSMA3	0	0.005
PSMA4	0	0.005
PSMA5	0	0.005
PSMA6	0	0.005
PSMA7	0	0.005
PSMA8	1	0.005
PSMB1	1	0.005
PSMB10	1	0.005
PSMB11	4	0.005
PSMB2	2	0.005
PSMB3	3	0.005
PSMB4	1	0.005
PSMB5	1	0.005
PSMB6	1	0.005
PSMB7	1	0.005
PSMB8	2	0.005
PSMB9	4	0.005
PSMC1	0	0.005
PSMC2	0	0.005
PSMC3	0	0.005
PSMC3IP	1	0.005
PSMC4	0	0.005
PSMC5	0	0.005
PSMC6	0	0.005
PSMD1	1	0.005
PSMD10	1	0.005
PSMD11	0	0.005
PSMD12	1	0.005
PSMD13	2	0.005
PSMD14	0	0.005
PSMD2	4	0.005
PSMD3	1	0.005
PSMD4	0	0.005
PSMD5	3	0.005
PSMD6	0	0.005
PSMD7	0	0.005
PSMD8	2	0.005
PSMD9	6	0.005
PSME1	0	0.005
PSME2	1	0.005
PSME3	0	0.005
PSME3IP1	0	0.005
PSME4	5	0.005
PSMF1	4	0.005
PSMG1	3	0.005
PSMG2	3	0.005
PSMG3	1	0.005
PSMG4	0	0.005
PSORS1C1	8	0.005
PSORS1C2	6	0.005
PSPC1	0	0.005
PSPH	1	0.005
PSPN	2	0.005
PSRC1	5	0.005
PSTK	3	0.005
PSTPIP1	9	0.005
PSTPIP2	2	0.005
PTAFR	5	0.005
PTAR1	1	0.005
PTBP1	0	0.005
PTBP2	0	0.005
PTBP3	1	0.005
PTCD1	12	0.005
PTCD2	0	0.005
PTCD3	6	0.005
PTCH1	12	0.005
PTCH2	5	0.005
PTCHD1	0	0.005
PTCHD4	1	0.005
PTCRA	8	0.005
PTDSS1	1	0.005
PTDSS2	4	0.005
PTEN	2	4.3e-05
PTER	3	0.005
PTF1A	3	0.005
PTGDR	5	0.005
PTGDR2	1	0.005
PTGDS	0	0.005
PTGER1	1	0.005
PTGER2	1	0.005
PTGER3	3	0.005
PTGER4	1	0.005
PTGES	3	0.005
PTGES2	3	0.005
PTGES3	1	0.005
PTGES3L	5	0.005
PTGFR	5	0.005
PTGFRN	8	0.005
PTGIR	6	0.005
PTGIS	5	0.005
PTGR1	4	0.005
PTGR2	0	0.005
PTGR3	4	0.005
PTGS1	9	0.005
PTGS2	3	0.005
PTH	0	0.005
PTH1R	2	0.005
PTH2	2	0.005
PTH2R	3	0.005
PTHLH	0	0.005
PTK2	2	0.005
PTK2B	3	0.005
PTK6	4	0.005
PTK7	5	0.005
PTMA	0	0.005
PTMS	0	0.005
PTN	0	0.005
PTOV1	5	0.005
PTP4A1	0	0.005
PTP4A2	0	0.005
PTP4A3	0	0.005
PTPA	3	0.005
PTPDC1	6	0.005
PTPMT1	0	0.005
PTPN1	1	0.005
PTPN11	4	0.00025
PTPN12	4	0.005
PTPN13	23	0.005
PTPN14	10	0.005
PTPN18	7	0.005
PTPN2	4	0.005
PTPN20	0	0.005
PTPN21	11	0.005
PTPN22	6	0.005
PTPN23	12	0.005
PTPN3	3	0.005
PTPN4	5	0.005
PTPN5	3	0.005
PTPN6	1	0.005
PTPN7	2	0.005
PTPN9	1	0.005
PTPRA	3	0.005
PTPRB	19	0.005
PTPRC	10	0.005
PTPRCAP	2	0.005
PTPRD	9	0.005
PTPRE	1	0.005
PTPRF	6	0.005
PTPRG	7	0.005
PTPRH	17	0.005
PTPRJ	16	0.005
PTPRK	3	0.005
PTPRM	2	0.005
PTPRN	5	0.005
PTPRN2	25	0.005
PTPRO	4	0.005
PTPRQ	32	0.005
PTPRR	6	0.005
PTPRS	5	0.005
PTPRT	7	0.005
PTPRU	7	0.005
PTPRZ1	10	0.005
PTRH1	2	0.005
PTRH2	1	0.005
PTRHD1	1	0.005
PTS	0	0.005
PTTG1	0	0.005
PTTG1IP	1	0.005
PTTG1IP2	0	0.005
PTTG2	3	0.005
PTX3	9	0.005
PTX4	21	0.005
PUDP	2	0.005
PUF60	0	0.005
PUM1	1	0.005
PUM2	0	0.005
PUM3	11	0.005
PURA	0	0.005
PURB	0	0.005
PURG	2	0.005
PUS1	2	0.005
PUS10	1	0.005
PUS3	7	0.005
PUS7	3	0.005
PUS7L	8	0.005
PUSL1	4	0.005
PVALB	1	0.005
PVALEF	5	0.005
PVR	5	0.005
PVRIG	5	0.005
PWP1	6	0.005
PWP2	1	0.005
PWWP2A	2	0.005
PWWP2B	4	0.005
PWWP3A	8	0.005
PWWP3B	2	0.005
PWWP4	8	0.005
PXDC1	1	0.005
PXDN	8	0.005
PXDNL	24	0.005
PXK	3	0.005
PXMP2	1	0.005
PXMP4	3	0.005
PXN	9	0.005
PXT1	1	0.005
PXYLP1	3	0.005
PYCARD	0	0.005
PYCR1	1	0.005
PYCR2	1	0.005
PYCR3	5	0.005
PYDC1	0	0.005
PYDC2	1	0.005
PYDC5	3	0.005
PYGB	5	0.005
PYGL	8	0.005
PYGM	1	0.005
PYGO1	2	0.005
PYGO2	2	0.005
PYHIN1	5	0.005
PYM1	2	0.005
PYROXD1	0	0.005
PYROXD2	8	0.005
PYURF	1	0.005
PYY	3	0.005
PZP	12	0.005
QARS1	1	0.005
QDPR	0	0.005
QKI	0	0.005
QNG1	4	0.005
QPCT	6	0.005
QPCTL	5	0.005
QPRT	3	0.005
QRFP	5	0.005
QRFPR	11	0.005
QRICH1	1	0.005
QRICH2	33	0.005
QRSL1	4	0.005
QSER1	8	0.005
QSOX1	8	0.005
QSOX2	8	0.005
QTGAL	0	0.005
QTMAN	0	0.005
QTRT1	0	0.005
QTRT2	2	0.005
R3HCC1	8	0.005
R3HCC1L	19	0.005
R3HDM1	6	0.005
R3HDM2	2	0.005
R3HDM4	1	0.005
R3HDML	3	0.005
RAB10	0	0.005
RAB11A	0	0.005
RAB11B	0	0.005
RAB11FIP1	17	0.005
RAB11FIP2	2	0.005
RAB11FIP3	5	0.005
RAB11FIP4	1	0.005
RAB11FIP5	17	0.005
RAB12	2	0.005
RAB13	3	0.005
RAB14	0	0.005
RAB15	0	0.005
RAB17	5	0.005
RAB18	1	0.005
RAB19	1	0.005
RAB1A	1	0.005
RAB1B	0	0.005
RAB20	1	0.005
RAB21	2	0.005
RAB22A	1	0.005
RAB23	2	0.005
RAB24	0	0.005
RAB25	2	0.005
RAB26	0	0.005
RAB27A	0	0.005
RAB27B	0	0.005
RAB28	0	0.005
RAB29	1	0.005
RAB2A	0	0.005
RAB2B	1	0.005
RAB30	0	0.005
RAB31	0	0.005
RAB32	0	0.005
RAB33A	1	0.005
RAB33B	0	0.005
RAB34	0	0.005
RAB35	1	0.005
RAB36	7	0.005
RAB37	2	0.005
RAB38	2	0.005
RAB39A	0	0.005
RAB39B	0	0.005
RAB3A	0	0.005
RAB3B	0	0.005
RAB3C	0	0.005
RAB3D	1	0.005
RAB3GAP1	6	0.005
RAB3GAP2	5	0.005
RAB3IL1	5	0.005
RAB3IP	1	0.005
RAB40A	4	0.005
RAB40AL	4	0.005
RAB40B	0	0.005
RAB40C	0	0.005
RAB41	1	0.005
RAB42	4	0.005
RAB43	1	0.005
RAB44	14	0.005
RAB4A	0	0.005
RAB4B	0	0.005
RAB5A	0	0.005
RAB5B	0	0.005
RAB5C	1	0.005
RAB5IF	0	0.005
RAB6A	1	0.005
RAB6B	0	0.005
RAB6C	8	0.005
RAB6D	2	0.005
RAB7A	0	0.005
RAB7B	1	0.005
RAB8A	0	0.005
RAB8B	0	0.005
RAB9A	0	0.005
RAB9B	0	0.005
RABAC1	0	0.005
RABEP1	1	0.005
RABEP2	1	0.005
RABEPK	4	0.005
RABGAP1	0	0.005
RABGAP1L	2	0.005
RABGEF1	1	0.005
RABGGTA	2	0.005
RABGGTB	0	0.005
RABIF	0	0.005
RABL2A	4	0.005
RABL2B	2	0.005
RABL3	0	0.005
RABL6	8	0.005
RAC1	0	0.005
RAC2	0	0.005
RAC3	0	0.005
RACGAP1	2	0.005
RACK1	0	0.005
RAD1	3	0.005
RAD17	5	0.005
RAD18	5	0.005
RAD21	1	0.005
RAD21L1	6	0.005
RAD23A	2	0.005
RAD23B	3	0.005
RAD50	4	0.005
RAD51	0	0.005
RAD51AP1	6	0.005
RAD51AP2	17	0.005
RAD51B	5	0.005
RAD51C	2	0.005
RAD51D	4	0.005
RAD52	3	0.005
RAD54B	9	0.005
RAD54L	4	0.005
RAD54L2	4	0.005
RAD9A	3	0.005
RAD9B	4	0.005
RADIL	25	0.005
RADX	3	0.005
RAE1	0	0.005
RAET1E	10	0.005
RAET1G	12	0.005
RAET1L	12	0.005
RAF1	6	0.00025
RAG1	12	0.00195
RAG2	6	0.00195
RAI1	8	0.005
RAI14	7	0.005
RAI2	0	0.005
RALA	0	0.005
RALB	0	0.005
RALBP1	4	0.005
RALGAPA1	7	0.005
RALGAPA2	10	0.005
RALGAPB	3	0.005
RALGDS	2	0.005
RALGPS1	2	0.005
RALGPS2	3	0.005
RALY	8	0.005
RALYL	1	0.005
RAMAC	1	0.005
RAMACL	2	0.005
RAMP1	0	0.005
RAMP2	1	0.005
RAMP3	4	0.005
RAN	0	0.005
RANBP1	0	0.005
RANBP10	2	0.005
RANBP17	11	0.005
RANBP2	18	0.005
RANBP3	2	0.005
RANBP3L	3	0.005
RANBP6	2	0.005
RANBP9	2	0.005
RANGAP1	3	0.005
RANGRF	0	0.005
RAP1A	0	0.005
RAP1B	0	0.005
RAP1GAP	4	0.005
RAP1GAP2	4	0.005
RAP1GDS1	0	0.005
RAP2A	0	0.005
RAP2B	0	0.005
RAP2C	0	0.005
RAPGEF1	0	0.005
RAPGEF2	3	0.005
RAPGEF3	8	0.005
RAPGEF4	2	0.005
RAPGEF5	4	0.005
RAPGEF6	5	0.005
RAPGEFL1	1	0.005
RAPH1	5	0.005
RAPSN	4	0.005
RARA	1	0.005
RARB	1	0.005
RARG	1	0.005
RARRES1	7	0.005
RARRES2	0	0.005
RARS1	4	0.005
RARS2	4	0.005
RASA1	7	0.005
RASA2	4	0.005
RASA3	1	0.005
RASA4	1	0.005
RASA4B	0	0.005
RASAL1	5	0.005
RASAL2	2	0.005
RASAL3	12	0.005
RASD1	0	0.005
RASD2	1	0.005
RASEF	9	0.005
RASGEF1A	3	0.005
RASGEF1B	1	0.005
RASGEF1C	0	0.005
RASGRF1	2	0.005
RASGRF2	3	0.005
RASGRP1	2	0.005
RASGRP2	1	0.005
RASGRP3	6	0.005
RASGRP4	6	0.005
RASIP1	2	0.005
RASL10A	0	0.005
RASL10B	2	0.005
RASL11A	0	0.005
RASL11B	1	0.005
RASL12	0	0.005
RASSF1	8	0.005
RASSF10	4	0.005
RASSF2	1	0.005
RASSF3	1	0.005
RASSF4	9	0.005
RASSF5	8	0.005
RASSF6	5	0.005
RASSF7	7	0.005
RASSF8	3	0.005
RASSF9	4	0.005
RAVER1	4	0.005
RAVER2	2	0.005
RAX	2	0.005
RAX2	1	0.005
RB1	1	0.005
RB1CC1	5	0.005
RBAK	8	0.005
RBBP4	0	0.005
RBBP5	0	0.005
RBBP6	3	0.005
RBBP7	0	0.005
RBBP8	3	0.005
RBBP8NL	16	0.005
RBBP9	0	0.005
RBCK1	0	0.005
RBFA	5	0.005
RBFOX1	1	0.005
RBFOX2	2	0.005
RBFOX3	2	0.005
RBIS	2	0.005
RBKS	2	0.005
RBL1	3	0.005
RBL2	5	0.005
RBM10	2	0.005
RBM11	7	0.005
RBM12	1	0.005
RBM12B	3	0.005
RBM14	2	0.005
RBM15	5	0.005
RBM15B	0	0.005
RBM17	0	0.005
RBM18	0	0.005
RBM19	13	0.005
RBM20	12	0.005
RBM22	0	0.005
RBM23	5	0.005
RBM24	1	0.005
RBM25	0	0.005
RBM26	1	0.005
RBM27	1	0.005
RBM28	9	0.005
RBM3	0	0.005
RBM33	7	0.005
RBM34	1	0.005
RBM38	4	0.005
RBM39	0	0.005
RBM4	1	0.005
RBM41	1	0.005
RBM42	0	0.005
RBM43	4	0.005
RBM44	6	0.005
RBM45	1	0.005
RBM46	1	0.005
RBM47	3	0.005
RBM48	2	0.005
RBM4B	1	0.005
RBM5	0	0.005
RBM6	6	0.005
RBM7	0	0.005
RBM8A	0	0.005
RBMS1	0	0.005
RBMS2	0	0.005
RBMS3	0	0.005
RBMX	1	0.005
RBMX2	2	0.005
RBMXL1	6	0.005
RBMXL2	4	0.005
RBMXL3	36	0.005
RBMY1A1	0	0.005
RBMY1B	0	0.005
RBMY1D	0	0.005
RBMY1E	0	0.005
RBMY1F	0	0.005
RBMY1J	0	0.005
RBP1	2	0.005
RBP2	0	0.005
RBP3	10	0.005
RBP4	0	0.005
RBP5	5	0.005
RBP7	0	0.005
RBPJ	0	0.005
RBPJL	8	0.005
RBPMS	1	0.005
RBPMS2	3	0.005
RBSN	4	0.005
RBX1	0	0.005
RC3H1	5	0.005
RC3H2	1	0.005
RCAN1	0	0.005
RCAN2	3	0.005
RCAN3	3	0.005
RCBTB1	2	0.005
RCBTB2	2	0.005
RCC1	2	0.005
RCC1L	4	0.005
RCC2	3	0.005
RCCD1	4	0.005
RCE1	1	0.005
RCHY1	0	0.005
RCL1	2	0.005
RCN1	3	0.005
RCN2	0	0.005
RCN3	7	0.005
RCOR1	1	0.005
RCOR2	1	0.005
RCOR3	0	0.005
RCSD1	6	0.005
RCVRN	1	0.005
RD3	5	0.005
RD3L	3	0.005
RDH10	1	0.005
RDH11	2	0.005
RDH12	1	0.005
RDH13	6	0.005
RDH14	3	0.005
RDH16	1	0.005
RDH5	3	0.005
RDH8	6	0.005
RDM1	2	0.005
RDX	0	0.005
REC114	2	0.005
REC8	3	0.005
RECK	3	0.005
RECQL	4	0.005
RECQL4	24	0.005
RECQL5	11	0.005
REDIC1	0	0.005
REELD1	12	0.005
REEP1	2	0.005
REEP2	1	0.005
REEP3	1	0.005
REEP4	4	0.005
REEP5	1	0.005
REEP6	3	0.005
REG1A	0	0.005
REG1B	3	0.005
REG3A	0	0.005
REG3G	6	0.005
REG4	2	0.005
REL	2	0.005
RELA	0	0.005
RELB	0	0.005
RELCH	1	0.005
RELL1	3	0.005
RELL2	3	0.005
RELN	26	0.005
RELT	5	0.005
REM1	3	0.005
REM2	3	0.005
REN	2	0.005
RENBP	5	0.005
REP15	3	0.005
REPIN1	9	0.005
REPS1	4	0.005
REPS2	0	0.005
RER1	0	0.005
RERE	4	0.005
RERG	0	0.005
RERGL	3	0.005
RESF1	34	0.005
RESP18	5	0.005
REST	15	0.005
RET	8	0.005
RETN	0	0.005
RETNLB	3	0.005
RETREG1	5	0.005
RETREG2	5	0.005
RETREG3	1	0.005
RETSAT	9	0.005
REV1	11	0.005
REV3L	15	0.005
REX1BD	4	0.005
REXO1	14	0.005
REXO2	0	0.005
REXO4	4	0.005
REXO5	0	0.005
RFC1	6	0.005
RFC2	0	0.005
RFC3	1	0.005
RFC4	2	0.005
RFC5	0	0.005
RFESD	4	0.005
RFFL	1	0.005
RFK	0	0.005
RFLNA	5	0.005
RFLNB	0	0.005
RFNG	3	0.005
RFPL1	7	0.005
RFPL2	11	0.005
RFPL3	9	0.005
RFPL4A	2	0.005
RFPL4AL1	4	0.005
RFPL4B	2	0.005
RFT1	5	0.005
RFTN1	5	0.005
RFTN2	4	0.005
RFWD3	4	0.005
RFX1	6	0.005
RFX2	3	0.005
RFX3	1	0.005
RFX4	3	0.005
RFX5	4	0.005
RFX6	3	0.005
RFX7	5	0.005
RFX8	14	0.005
RFXANK	4	0.005
RFXAP	1	0.005
RGCC	0	0.005
RGL1	1	0.005
RGL2	3	0.005
RGL3	7	0.005
RGL4	11	0.005
RGMA	4	0.005
RGMB	2	0.005
RGN	3	0.005
RGP1	2	0.005
RGPD1	1	0.005
RGPD2	1	0.005
RGPD3	21	0.005
RGPD4	26	0.005
RGPD5	0	0.005
RGPD6	0	0.005
RGPD8	4	0.005
RGR	2	0.005
RGS1	0	0.005
RGS10	1	0.005
RGS11	11	0.005
RGS12	15	0.005
RGS13	2	0.005
RGS14	4	0.005
RGS16	2	0.005
RGS17	0	0.005
RGS18	1	0.005
RGS19	1	0.005
RGS2	2	0.005
RGS20	1	0.005
RGS21	2	0.005
RGS22	15	0.005
RGS3	4	0.005
RGS4	1	0.005
RGS5	0	0.005
RGS6	0	0.005
RGS7	0	0.005
RGS7BP	1	0.005
RGS8	1	0.005
RGS9	6	0.005
RGS9BP	2	0.005
RGSL1	13	0.005
RHAG	0	0.005
RHBDD1	2	0.005
RHBDD2	2	0.005
RHBDD3	4	0.005
RHBDF1	8	0.005
RHBDF2	9	0.005
RHBDL1	0	0.005
RHBDL2	3	0.005
RHBDL3	1	0.005
RHBG	8	0.005
RHCE	12	0.005
RHCG	4	0.005
RHD	14	0.005
RHEB	0	0.005
RHEBL1	0	0.005
RHEX	2	0.005
RHNO1	1	0.005
RHO	1	0.005
RHOA	0	0.005
RHOB	0	0.005
RHOBTB1	0	0.005
RHOBTB2	2	0.005
RHOBTB3	3	0.005
RHOC	0	0.005
RHOD	2	0.005
RHOF	3	0.005
RHOG	0	0.005
RHOH	1	0.005
RHOJ	0	0.005
RHOQ	1	0.005
RHOT1	0	0.005
RHOT2	7	0.005
RHOU	0	0.005
RHOV	0	0.005
RHOXF1	1	0.005
RHOXF2	2	0.005
RHOXF2B	0	0.005
RHPN1	4	0.005
RHPN2	7	0.005
RIBC1	0	0.005
RIBC2	8	0.005
RIC1	5	0.005
RIC3	7	0.005
RIC8A	3	0.005
RIC8B	2	0.005
RICTOR	2	0.005
RIDA	0	0.005
RIF1	14	0.005
RIGI	8	0.005
RIIAD1	1	0.005
RILP	13	0.005
RILPL1	2	0.005
RILPL2	1	0.005
RIMBP2	16	0.005
RIMBP3	4	0.005
RIMBP3B	0	0.005
RIMBP3C	0	0.005
RIMKLA	1	0.005
RIMKLB	2	0.005
RIMOC1	3	0.005
RIMS1	2	0.005
RIMS2	11	0.005
RIMS3	2	0.005
RIMS4	0	0.005
RIN1	13	0.005
RIN2	10	0.005
RIN3	14	0.005
RING1	1	0.005
RINL	6	0.005
RINT1	5	0.005
RIOK1	5	0.005
RIOK2	9	0.005
RIOK3	1	0.005
RIOX1	7	0.005
RIOX2	4	0.005
RIPK1	2	0.005
RIPK2	3	0.005
RIPK3	2	0.005
RIPK4	4	0.005
RIPOR1	9	0.005
RIPOR2	15	0.005
RIPOR3	10	0.005
RIPPLY1	1	0.005
RIPPLY2	0	0.005
RIPPLY3	4	0.005
RIT1	0	0.00025
RIT2	1	0.005
RITA1	2	0.005
RLBP1	4	0.005
RLF	11	0.005
RLIG1	3	0.005
RLIM	0	0.005
RLN1	2	0.005
RLN2	4	0.005
RLN3	1	0.005
RMC1	2	0.005
RMDN1	1	0.005
RMDN2	7	0.005
RMDN3	2	0.005
RMI1	7	0.005
RMI2	1	0.005
RMND1	5	0.005
RMND5A	0	0.005
RMND5B	0	0.005
RMP24	0	0.005
RMP64	0	0.005
RNASE1	4	0.005
RNASE10	4	0.005
RNASE11	0	0.005
RNASE12	0	0.005
RNASE13	5	0.005
RNASE2	3	0.005
RNASE3	2	0.005
RNASE4	3	0.005
RNASE6	1	0.005
RNASE7	5	0.005
RNASE8	4	0.005
RNASE9	11	0.005
RNASEH1	0	0.005
RNASEH2A	2	0.005
RNASEH2B	2	0.005
RNASEH2C	0	0.005
RNASEK	0	0.005
RNASEL	3	0.005
RNASET2	4	0.005
RND1	1	0.005
RND2	0	0.005
RND3	0	0.005
RNF10	1	0.005
RNF103	3	0.005
RNF11	0	0.005
RNF111	6	0.005
RNF112	1	0.005
RNF113A	1	0.005
RNF113B	4	0.005
RNF114	1	0.005
RNF115	2	0.005
RNF121	0	0.005
RNF122	0	0.005
RNF123	6	0.005
RNF125	3	0.005
RNF126	3	0.005
RNF128	2	0.005
RNF13	1	0.005
RNF130	1	0.005
RNF133	5	0.005
RNF135	7	0.005
RNF138	2	0.005
RNF139	1	0.005
RNF14	1	0.005
RNF141	2	0.005
RNF144A	1	0.005
RNF144B	1	0.005
RNF145	1	0.005
RNF146	2	0.005
RNF148	1	0.005
RNF149	5	0.005
RNF150	4	0.005
RNF151	7	0.005
RNF152	1	0.005
RNF157	7	0.005
RNF166	0	0.005
RNF167	2	0.005
RNF168	9	0.005
RNF169	6	0.005
RNF17	15	0.005
RNF170	3	0.005
RNF175	8	0.005
RNF180	1	0.005
RNF181	1	0.005
RNF182	0	0.005
RNF183	4	0.005
RNF185	0	0.005
RNF186	3	0.005
RNF187	1	0.005
RNF19A	1	0.005
RNF19B	3	0.005
RNF2	0	0.005
RNF20	3	0.005
RNF207	11	0.005
RNF208	0	0.005
RNF212	5	0.005
RNF212B	1	0.005
RNF213	55	0.005
RNF214	1	0.005
RNF215	3	0.005
RNF216	5	0.005
RNF217	7	0.005
RNF220	1	0.005
RNF222	5	0.005
RNF223	10	0.005
RNF224	3	0.005
RNF225	8	0.005
RNF227	4	0.005
RNF228	0	0.005
RNF24	0	0.005
RNF25	4	0.005
RNF26	2	0.005
RNF31	3	0.005
RNF32	6	0.005
RNF34	1	0.005
RNF38	0	0.005
RNF39	11	0.005
RNF4	1	0.005
RNF40	1	0.005
RNF41	1	0.005
RNF43	13	0.005
RNF44	5	0.005
RNF5	1	0.005
RNF6	4	0.005
RNF7	0	0.005
RNF8	0	0.005
RNFT1	1	0.005
RNFT2	0	0.005
RNGTT	1	0.005
RNH1	6	0.005
RNLS	5	0.005
RNMT	2	0.005
RNPC3	2	0.005
RNPEP	4	0.005
RNPEPL1	2	0.005
RNPS1	1	0.005
RO60	1	0.005
ROBO1	6	0.005
ROBO2	5	0.005
ROBO3	13	0.005
ROBO4	12	0.005
ROCK1	2	0.005
ROCK2	1	0.005
ROGDI	4	0.005
ROM1	2	0.005
ROMO1	1	0.005
ROPN1	2	0.005
ROPN1B	5	0.005
ROPN1L	3	0.005
ROR1	2	0.005
ROR2	10	0.005
RORA	1	0.005
RORB	0	0.005
RORC	2	0.005
ROS1	28	0.005
RP1	17	0.005
RP1L1	82	0.005
RP2	3	0.005
RP9	2	0.005
RPA1	1	0.005
RPA2	2	0.005
RPA3	0	0.005
RPA4	1	0.005
RPAIN	3	0.005
RPAP1	15	0.005
RPAP2	1	0.005
RPAP3	0	0.005
RPE	0	0.005
RPE65	9	0.0008
RPEL1	2	0.005
RPF1	6	0.005
RPF2	2	0.005
RPGR	28	5e-06
RPGRIP1	13	0.005
RPGRIP1L	12	0.005
RPH3A	2	0.005
RPH3AL	4	0.005
RPIA	2	0.005
RPL10	1	0.005
RPL10A	0	0.005
RPL10L	2	0.005
RPL11	0	0.005
RPL12	0	0.005
RPL13	1	0.005
RPL13A	2	0.005
RPL14	3	0.005
RPL15	0	0.005
RPL17	0	0.005
RPL18	0	0.005
RPL18A	0	0.005
RPL19	0	0.005
RPL21	0	0.005
RPL22	0	0.005
RPL22L1	1	0.005
RPL23	0	0.005
RPL23A	0	0.005
RPL24	1	0.005
RPL26	0	0.005
RPL26L1	1	0.005
RPL27	0	0.005
RPL27A	1	0.005
RPL28	0	0.005
RPL29	0	0.005
RPL3	1	0.005
RPL30	0	0.005
RPL31	0	0.005
RPL32	0	0.005
RPL34	0	0.005
RPL35	0	0.005
RPL35A	1	0.005
RPL36	0	0.005
RPL36A	0	0.005
RPL36AL	0	0.005
RPL37	0	0.005
RPL37A	0	0.005
RPL38	0	0.005
RPL39	0	0.005
RPL39L	1	0.005
RPL3L	13	0.005
RPL4	2	0.005
RPL41	0	0.005
RPL5	1	0.005
RPL6	0	0.005
RPL7	0	0.005
RPL7A	0	0.005
RPL7L1	1	0.005
RPL8	1	0.005
RPL9	0	0.005
RPLP0	0	0.005
RPLP1	0	0.005
RPLP2	2	0.005
RPN1	3	0.005
RPN2	5	0.005
RPP14	1	0.005
RPP21	3	0.005
RPP25	0	0.005
RPP25L	0	0.005
RPP30	3	0.005
RPP38	8	0.005
RPP40	7	0.005
RPRD1A	0	0.005
RPRD1B	0	0.005
RPRD2	6	0.005
RPRM	0	0.005
RPRML	1	0.005
RPS10	0	0.005
RPS11	0	0.005
RPS12	0	0.005
RPS13	0	0.005
RPS14	0	0.005
RPS15	0	0.005
RPS15A	0	0.005
RPS16	0	0.005
RPS17	0	0.005
RPS18	0	0.005
RPS19	0	0.005
RPS19BP1	1	0.005
RPS2	1	0.005
RPS20	0	0.005
RPS21	0	0.005
RPS23	0	0.005
RPS24	0	0.005
RPS25	0	0.005
RPS26	0	0.005
RPS27	0	0.005
RPS27A	0	0.005
RPS27L	0	0.005
RPS28	0	0.005
RPS29	0	0.005
RPS3	0	0.005
RPS3A	0	0.005
RPS4X	0	0.005
RPS4Y1	1	0.005
RPS4Y2	0	0.005
RPS5	0	0.005
RPS6	0	0.005
RPS6KA1	1	0.005
RPS6KA2	0	0.005
RPS6KA3	1	0.005
RPS6KA4	3	0.005
RPS6KA5	4	0.005
RPS6KA6	2	0.005
RPS6KB1	0	0.005
RPS6KB2	3	0.005
RPS6KC1	7	0.005
RPS6KL1	5	0.005
RPS7	0	0.005
RPS8	0	0.005
RPS9	0	0.005
RPSA	0	0.005
RPSA2	13	0.005
RPTN	7	0.005
RPTOR	1	0.005
RPUSD1	6	0.005
RPUSD2	1	0.005
RPUSD3	6	0.005
RPUSD4	7	0.005
RRAD	1	0.005
RRAGA	0	0.005
RRAGB	0	0.005
RRAGC	0	0.005
RRAGD	1	0.005
RRAS	1	0.005
RRAS2	1	0.00025
RRBP1	20	0.005
RREB1	19	0.005
RRH	3	0.005
RRM1	1	0.005
RRM2	0	0.005
RRM2B	0	0.005
RRN3	7	0.005
RRP1	7	0.005
RRP12	9	0.005
RRP15	7	0.005
RRP1B	6	0.005
RRP36	3	0.005
RRP7A	8	0.005
RRP8	5	0.005
RRP9	3	0.005
RRS1	6	0.005
RS1	3	2e-05
RSAD1	5	0.005
RSAD2	3	0.005
RSBN1	0	0.005
RSBN1L	1	0.005
RSC1A1	6	0.005
RSF1	10	0.005
RSKR	5	0.005
RSL1D1	5	0.005
RSL24D1	1	0.005
RSPH1	3	0.005
RSPH10B	8	0.005
RSPH10B2	4	0.005
RSPH14	8	0.005
RSPH3	14	0.005
RSPH4A	7	0.005
RSPH6A	9	0.005
RSPH9	4	0.005
RSPO1	3	0.005
RSPO2	2	0.005
RSPO3	1	0.005
RSPO4	3	0.005
RSPRY1	1	0.005
RSRC1	0	0.005
RSRC2	0	0.005
RSRP1	4	0.005
RSU1	1	0.005
RTBDN	2	0.005
RTCA	4	0.005
RTCB	0	0.005
RTEL1	14	0.005
RTF1	0	0.005
RTF2	1	0.005
RTKN	3	0.005
RTKN2	3	0.005
RTL1	14	0.005
RTL10	5	0.005
RTL3	6	0.005
RTL4	2	0.005
RTL5	5	0.005
RTL6	0	0.005
RTL8A	0	0.005
RTL8B	0	0.005
RTL8C	0	0.005
RTL9	12	0.005
RTN1	8	0.005
RTN2	4	0.005
RTN3	5	0.005
RTN4	15	0.005
RTN4IP1	1	0.005
RTN4R	0	0.005
RTN4RL1	7	0.005
RTN4RL2	1	0.005
RTP1	5	0.005
RTP2	3	0.005
RTP3	0	0.005
RTP4	8	0.005
RTP5	15	0.005
RTRAF	1	0.005
RTTN	20	0.005
RUBCN	8	0.005
RUBCNL	8	0.005
RUFY1	4	0.005
RUFY2	1	0.005
RUFY3	1	0.005
RUFY4	9	0.005
RUNDC1	3	0.005
RUNDC3A	2	0.005
RUNDC3B	0	0.005
RUNX1	14	0.00015
RUNX1T1	0	0.005
RUNX2	2	0.005
RUNX3	0	0.005
RUSC1	4	0.005
RUSC2	10	0.005
RUSF1	6	0.005
RUVBL1	0	0.005
RUVBL2	0	0.005
RWDD1	0	0.005
RWDD2A	0	0.005
RWDD2B	2	0.005
RWDD3	4	0.005
RWDD4	1	0.005
RXFP1	4	0.005
RXFP2	5	0.005
RXFP3	1	0.005
RXFP4	5	0.005
RXRA	0	0.005
RXRB	1	0.005
RXRG	0	0.005
RXYLT1	3	0.005
RYBP	0	0.005
RYK	4	0.005
RYR1	88	0.0008
RYR2	7	0.005
RYR3	26	0.005
S100A1	1	0.005
S100A10	0	0.005
S100A11	2	0.005
S100A12	0	0.005
S100A13	0	0.005
S100A14	0	0.005
S100A16	0	0.005
S100A2	2	0.005
S100A3	4	0.005
S100A4	0	0.005
S100A5	2	0.005
S100A6	1	0.005
S100A7	3	0.005
S100A7A	9	0.005
S100A8	0	0.005
S100A9	1	0.005
S100B	0	0.005
S100G	0	0.005
S100P	1	0.005
S100PBP	2	0.005
S100Z	1	0.005
S1PR1	3	0.005
S1PR2	3	0.005
S1PR3	3	0.005
S1PR4	5	0.005
S1PR5	3	0.005
SAA1	3	0.005
SAA2	4	0.005
SAA4	3	0.005
SAAL1	6	0.005
SAC3D1	9	0.005
SACM1L	3	0.005
SACS	24	0.005
SAE1	4	0.005
SAFB	0	0.005
SAFB2	4	0.005
SAG	6	0.005
SAGE1	8	0.005
SALL1	9	0.005
SALL2	13	0.005
SALL3	13	0.005
SALL4	7	0.005
SAMD1	0	0.005
SAMD10	2	0.005
SAMD11	12	0.005
SAMD12	0	0.005
SAMD13	0	0.005
SAMD14	0	0.005
SAMD15	9	0.005
SAMD3	6	0.005
SAMD4A	2	0.005
SAMD4B	2	0.005
SAMD5	3	0.005
SAMD7	2	0.005
SAMD8	2	0.005
SAMD9	14	0.005
SAMD9L	10	0.005
SAMHD1	1	0.005
SAMM50	3	0.005
SAMSN1	4	0.005
SAMTOR	0	0.005
SANBR	4	0.005
SAP130	2	0.005
SAP18	0	0.005
SAP25	4	0.005
SAP30	2	0.005
SAP30BP	0	0.005
SAP30L	1	0.005
SAPCD1	5	0.005
SAPCD2	6	0.005
SAR1A	0	0.005
SAR1B	0	0.005
SARAF	1	0.005
SARDH	12	0.005
SARM1	2	0.005
SARNP	0	0.005
SARS1	1	0.005
SARS2	4	0.005
SART1	6	0.005
SART3	4	0.005
SASH1	9	0.005
SASH3	1	0.005
SASS6	3	0.005
SAT1	0	0.005
SAT2	1	0.005
SATB1	1	0.005
SATB2	1	0.005
SATL1	9	0.005
SAV1	1	0.005
SAXO1	14	0.005
SAXO2	11	0.005
SAXO3	3	0.005
SAXO4	11	0.005
SAXO5	13	0.005
SAYSD1	2	0.005
SBDS	1	0.005
SBF1	8	0.005
SBF2	5	0.005
SBK1	0	0.005
SBK2	8	0.005
SBK3	5	0.005
SBNO1	4	0.005
SBNO2	4	0.005
SBSN	11	0.005
SBSPON	3	0.005
SC5D	1	0.005
SCAF1	8	0.005
SCAF11	11	0.005
SCAF4	2	0.005
SCAF8	4	0.005
SCAI	1	0.005
SCAMP1	1	0.005
SCAMP2	2	0.005
SCAMP3	2	0.005
SCAMP4	4	0.005
SCAMP5	0	0.005
SCAND1	0	0.005
SCAND3	5	0.005
SCAP	7	0.005
SCAPER	8	0.005
SCARA3	7	0.005
SCARA5	6	0.005
SCARB1	3	0.005
SCARB2	5	0.005
SCARF1	16	0.005
SCARF2	7	0.005
SCART1	23	0.005
SCCPDH	4	0.005
SCD	1	0.005
SCD5	1	0.005
SCEL	4	0.005
SCFD1	3	0.005
SCFD2	7	0.005
SCG2	3	0.005
SCG3	2	0.005
SCG5	0	0.005
SCGB1A1	0	0.005
SCGB1C1	1	0.005
SCGB1C2	1	0.005
SCGB1D1	1	0.005
SCGB1D2	1	0.005
SCGB1D4	1	0.005
SCGB2A1	0	0.005
SCGB2A2	0	0.005
SCGB2B2	1	0.005
SCGB3A1	0	0.005
SCGB3A2	0	0.005
SCGN	3	0.005
SCHIP1	1	0.005
SCIMP	0	0.005
SCIN	11	0.005
SCLT1	7	0.005
SCLY	9	0.005
SCMH1	2	0.005
SCML1	1	0.005
SCML2	0	0.005
SCML4	4	0.005
SCN10A	23	0.005
SCN11A	8	0.005
SCN1A	19	4e-06
SCN1B	4	0.0001
SCN2A	12	2e-06
SCN2B	0	0.005
SCN3A	16	2e-06
SCN3B	0	0.005
SCN4A	16	0.005
SCN4B	1	0.005
SCN5A	13	0.005
SCN7A	17	0.005
SCN8A	6	2e-06
SCN9A	16	0.005
SCNM1	3	0.005
SCNN1A	7	0.005
SCNN1B	6	0.005
SCNN1D	22	0.005
SCNN1G	2	0.005
SCO1	3	0.005
SCO2	2	0.005
SCOC	0	0.005
SCP2	0	0.005
SCP2D1	3	0.005
SCPEP1	3	0.005
SCPPPQ1	0	0.005
SCRG1	1	0.005
SCRIB	13	0.005
SCRN1	3	0.005
SCRN2	7	0.005
SCRN3	5	0.005
SCRT1	1	0.005
SCRT2	2	0.005
SCT	0	0.005
SCTR	7	0.005
SCUBE1	10	0.005
SCUBE2	5	0.005
SCUBE3	4	0.005
SCX	1	0.005
SCYGR1	5	0.005
SCYGR2	7	0.005
SCYGR3	2	0.005
SCYGR4	4	0.005
SCYGR5	6	0.005
SCYGR6	4	0.005
SCYGR7	6	0.005
SCYGR8	2	0.005
SCYL1	4	0.005
SCYL2	5	0.005
SCYL3	4	0.005
SDAD1	6	0.005
SDC1	6	0.005
SDC2	1	0.005
SDC3	7	0.005
SDC4	3	0.005
SDCBP	1	0.005
SDCBP2	7	0.005
SDCCAG8	4	0.005
SDE2	5	0.005
SDF2	3	0.005
SDF2L1	5	0.005
SDF4	3	0.005
SDHA	8	0.005
SDHAF1	1	0.005
SDHAF2	0	0.005
SDHAF3	2	0.005
SDHAF4	2	0.005
SDHB	4	0.005
SDHC	0	0.005
SDHD	2	0.005
SDK1	30	0.005
SDK2	15	0.005
SDR16C5	2	0.005
SDR39U1	8	0.005
SDR42E1	7	0.005
SDR42E2	3	0.005
SDR9C7	5	0.005
SDS	2	0.005
SDSL	6	0.005
SEBOX	4	0.005
SEC11A	0	0.005
SEC11C	0	0.005
SEC13	1	0.005
SEC14L1	4	0.005
SEC14L2	3	0.005
SEC14L3	11	0.005
SEC14L4	12	0.005
SEC14L5	3	0.005
SEC14L6	8	0.005
SEC16A	24	0.005
SEC16B	26	0.005
SEC22A	0	0.005
SEC22B	0	0.005
SEC22C	1	0.005
SEC23A	1	0.005
SEC23B	9	0.005
SEC23IP	8	0.005
SEC24A	6	0.005
SEC24B	1	0.005
SEC24C	4	0.005
SEC24D	13	0.005
SEC31A	6	0.005
SEC31B	16	0.005
SEC61A1	0	0.005
SEC61A2	0	0.005
SEC61B	0	0.005
SEC61G	0	0.005
SEC62	2	0.005
SEC63	2	0.005
SECISBP2	5	0.005
SECISBP2L	5	0.005
SECTM1	7	0.005
SEH1L	2	0.005
SEL1L	4	0.005
SEL1L2	9	0.005
SEL1L3	8	0.005
SELE	9	0.005
SELENBP1	3	0.005
SELENOF	0	0.005
SELENOH	1	0.005
SELENOI	1	0.005
SELENOK	1	0.005
SELENOM	1	0.005
SELENON	9	0.005
SELENOO	9	0.005
SELENOP	5	0.005
SELENOS	2	0.005
SELENOT	0	0.005
SELENOV	4	0.005
SELENOW	1	0.005
SELL	4	0.005
SELP	14	0.005
SELPLG	8	0.005
SEM1	0	0.005
SEMA3A	3	0.005
SEMA3B	4	0.005
SEMA3C	4	0.005
SEMA3D	4	0.005
SEMA3E	3	0.005
SEMA3F	5	0.005
SEMA3G	2	0.005
SEMA4A	5	0.005
SEMA4B	10	0.005
SEMA4C	2	0.005
SEMA4D	10	0.005
SEMA4F	2	0.005
SEMA4G	6	0.005
SEMA5A	3	0.005
SEMA5B	14	0.005
SEMA6A	6	0.005
SEMA6B	2	0.005
SEMA6C	13	0.005
SEMA6D	3	0.005
SEMA7A	1	0.005
SEMG1	7	0.005
SEMG2	9	0.005
SENP1	3	0.005
SENP2	2	0.005
SENP3	1	0.005
SENP5	6	0.005
SENP6	5	0.005
SENP7	8	0.005
SENP8	1	0.005
SEPHS1	1	0.005
SEPHS2	1	0.005
SEPSECS	2	0.005
SEPTIN1	3	0.005
SEPTIN10	3	0.005
SEPTIN11	0	0.005
SEPTIN12	3	0.005
SEPTIN14	5	0.005
SEPTIN2	1	0.005
SEPTIN3	11	0.005
SEPTIN4	8	0.005
SEPTIN5	0	0.005
SEPTIN6	0	0.005
SEPTIN7	0	0.005
SEPTIN8	1	0.005
SEPTIN9	3	0.005
SERAC1	5	0.005
SERBP1	0	0.005
SERF1A	0	0.005
SERF1B	0	0.005
SERF2	0	0.005
SERGEF	9	0.005
SERHL2	6	0.005
SERINC1	2	0.005
SERINC2	5	0.005
SERINC3	2	0.005
SERINC4	1	0.005
SERINC5	1	0.005
SERP1	0	0.005
SERP2	0	0.005
SERPINA1	5	0.005
SERPINA10	12	0.005
SERPINA11	3	0.005
SERPINA12	5	0.005
SERPINA2	0	0.005
SERPINA3	6	0.005
SERPINA4	1	0.005
SERPINA5	4	0.005
SERPINA6	2	0.005
SERPINA7	6	0.005
SERPINA9	12	0.005
SERPINB1	3	0.005
SERPINB10	12	0.005
SERPINB11	14	0.005
SERPINB12	5	0.005
SERPINB13	3	0.005
SERPINB2	5	0.005
SERPINB3	13	0.005
SERPINB4	3	0.005
SERPINB5	4	0.005
SERPINB6	4	0.005
SERPINB7	3	0.005
SERPINB8	7	0.005
SERPINB9	1	0.005
SERPINC1	9	0.0002
SERPIND1	8	0.005
SERPINE1	3	0.005
SERPINE2	2	0.005
SERPINE3	4	0.005
SERPINF1	6	0.005
SERPINF2	4	0.005
SERPING1	3	0.005
SERPINH1	0	0.005
SERPINI1	6	0.005
SERPINI2	3	0.005
SERTAD1	1	0.005
SERTAD2	1	0.005
SERTAD3	0	0.005
SERTAD4	4	0.005
SERTM1	1	0.005
SERTM2	0	0.005
SESN1	1	0.005
SESN2	4	0.005
SESN3	0	0.005
SESTD1	1	0.005
SET	0	0.005
SETBP1	10	0.005
SETD1A	5	0.005
SETD1B	11	0.005
SETD2	12	0.005
SETD3	1	0.005
SETD4	2	0.005
SETD5	6	0.005
SETD6	6	0.005
SETD7	0	0.005
SETD9	2	0.005
SETDB1	4	0.005
SETDB2	4	0.005
SETMAR	7	0.005
SETSIP	7	0.005
SETX	30	0.005
SEZ6	14	0.005
SEZ6L	11	0.005
SEZ6L2	7	0.005
SF1	0	0.005
SF3A1	1	0.005
SF3A2	2	0.005
SF3A3	0	0.005
SF3B1	0	0.005
SF3B2	1	0.005
SF3B3	1	0.005
SF3B4	0	0.005
SF3B5	0	0.005
SF3B6	0	0.005
SFI1	18	0.005
SFMBT1	3	0.005
SFMBT2	6	0.005
SFN	0	0.005
SFPQ	1	0.005
SFR1	1	0.005
SFRP1	0	0.005
SFRP2	1	0.005
SFRP4	2	0.005
SFRP5	4	0.005
SFSWAP	7	0.005
SFT2D1	2	0.005
SFT2D2	0	0.005
SFT2D3	6	0.005
SFTA2	1	0.005
SFTPA1	7	0.005
SFTPA2	8	0.005
SFTPB	5	0.005
SFTPC	5	0.005
SFTPD	6	0.005
SFXN1	3	0.005
SFXN2	1	0.005
SFXN3	2	0.005
SFXN4	0	0.005
SFXN5	0	0.005
SGCA	7	0.0009
SGCB	4	0.0009
SGCD	4	0.0009
SGCE	1	0.005
SGCG	7	0.0009
SGCZ	1	0.005
SGF29	0	0.005
SGIP1	2	0.005
SGK1	6	0.005
SGK2	0	0.005
SGK3	0	0.005
SGMS1	0	0.005
SGMS2	1	0.005
SGO1	4	0.005
SGO2	18	0.005
SGPL1	3	0.005
SGPP1	1	0.005
SGPP2	1	0.005
SGSH	9	0.005
SGSM1	5	0.005
SGSM2	13	0.005
SGSM3	2	0.005
SGTA	0	0.005
SGTB	1	0.005
SH2B1	2	0.005
SH2B2	5	0.005
SH2B3	13	0.005
SH2D1A	0	0.005
SH2D1B	2	0.005
SH2D2A	2	0.005
SH2D3A	9	0.005
SH2D3C	4	0.005
SH2D4A	8	0.005
SH2D4B	10	0.005
SH2D5	2	0.005
SH2D6	3	0.005
SH2D7	5	0.005
SH3BGR	4	0.005
SH3BGRL	0	0.005
SH3BGRL2	0	0.005
SH3BGRL3	0	0.005
SH3BP1	10	0.005
SH3BP2	4	0.005
SH3BP4	8	0.005
SH3BP5	4	0.005
SH3BP5L	1	0.005
SH3D19	7	0.005
SH3D21	7	0.005
SH3GL1	1	0.005
SH3GL2	0	0.005
SH3GL3	2	0.005
SH3GLB1	0	0.005
SH3GLB2	3	0.005
SH3KBP1	1	0.005
SH3PXD2A	6	0.005
SH3PXD2B	8	0.005
SH3RF1	5	0.005
SH3RF2	11	0.005
SH3RF3	6	0.005
SH3TC1	30	0.005
SH3TC2	10	0.005
SH3YL1	1	0.005
SHANK1	11	0.005
SHANK2	12	0.005
SHANK3	0	0.005
SHARPIN	9	0.005
SHB	8	0.005
SHBG	3	0.005
SHC1	3	0.005
SHC2	9	0.005
SHC3	5	0.005
SHC4	2	0.005
SHCBP1	3	0.005
SHCBP1L	8	0.005
SHD	4	0.005
SHE	0	0.005
SHF	3	0.005
SHFL	0	0.005
SHH	1	0.005
SHISA2	4	0.005
SHISA3	1	0.005
SHISA4	1	0.005
SHISA5	1	0.005
SHISA6	2	0.005
SHISA7	1	0.005
SHISA8	5	0.005
SHISA9	2	0.005
SHISAL1	1	0.005
SHISAL2A	1	0.005
SHISAL2B	2	0.005
SHKBP1	3	0.005
SHLD1	3	0.005
SHLD2	7	0.005
SHLD3	3	0.005
SHMT1	3	0.005
SHMT2	3	0.005
SHOC1	21	0.005
SHOC2	3	0.00025
SHOX	0	0.005
SHOX2	1	0.005
SHPK	5	0.005
SHPRH	8	0.005
SHQ1	7	0.005
SHROOM1	9	0.005
SHROOM2	25	0.005
SHROOM3	22	0.005
SHROOM4	17	0.005
SHTN1	0	0.005
SI	11	0.005
SIAE	10	0.005
SIAH1	0	0.005
SIAH2	1	0.005
SIAH3	0	0.005
SIDT1	9	0.005
SIDT2	8	0.005
SIGIRR	4	0.005
SIGLEC1	19	0.005
SIGLEC10	16	0.005
SIGLEC11	11	0.005
SIGLEC12	19	0.005
SIGLEC14	4	0.005
SIGLEC15	6	0.005
SIGLEC5	9	0.005
SIGLEC6	9	0.005
SIGLEC7	5	0.005
SIGLEC8	7	0.005
SIGLEC9	11	0.005
SIGLECL1	1	0.005
SIGMAR1	2	0.005
SIK1	0	0.005
SIK2	2	0.005
SIK3	8	0.005
SIKE1	1	0.005
SIL1	7	0.005
SIM1	4	0.005
SIM2	5	0.005
SIMC1	6	0.005
SIN3A	2	0.005
SIN3B	4	0.005
SINHCAF	2	0.005
SIPA1	8	0.005
SIPA1L1	5	0.005
SIPA1L2	12	0.005
SIPA1L3	24	0.005
SIRPA	15	0.005
SIRPB1	15	0.005
SIRPB2	7	0.005
SIRPD	2	0.005
SIRPG	6	0.005
SIRT1	2	0.005
SIRT2	4	0.005
SIRT3	7	0.005
SIRT4	4	0.005
SIRT5	2	0.005
SIRT6	3	0.005
SIRT7	0	0.005
SIT1	2	0.005
SIVA1	2	0.005
SIX1	0	0.005
SIX2	1	0.005
SIX3	0	0.005
SIX4	8	0.005
SIX5	5	0.005
SIX6	4	0.005
SKA1	3	0.005
SKA2	0	0.005
SKA3	6	0.005
SKAP1	3	0.005
SKAP2	4	0.005
SKI	2	0.005
SKIC2	8	0.005
SKIC3	13	0.005
SKIC8	0	0.005
SKIDA1	5	0.005
SKIL	6	0.005
SKOR1	5	0.005
SKOR2	7	0.005
SKP1	0	0.005
SKP2	0	0.005
SLA	2	0.005
SLA2	4	0.005
SLAIN1	2	0.005
SLAIN2	0	0.005
SLAMF1	5	0.005
SLAMF6	1	0.005
SLAMF7	5	0.005
SLAMF8	6	0.005
SLAMF9	7	0.005
SLBP	0	0.005
SLC10A1	3	0.005
SLC10A2	7	0.005
SLC10A3	1	0.005
SLC10A4	1	0.005
SLC10A5	6	0.005
SLC10A6	5	0.005
SLC10A7	4	0.005
SLC11A1	5	0.005
SLC11A2	3	0.005
SLC12A1	7	0.005
SLC12A2	2	0.005
SLC12A3	12	0.005
SLC12A4	2	0.005
SLC12A5	3	0.005
SLC12A6	1	0.005
SLC12A7	5	0.005
SLC12A8	9	0.005
SLC12A9	1	0.005
SLC13A1	2	0.005
SLC13A2	5	0.005
SLC13A3	3	0.005
SLC13A4	3	0.005
SLC13A5	0	0.005
SLC14A1	6	0.005
SLC14A2	10	0.005
SLC15A1	6	0.005
SLC15A2	5	0.005
SLC15A3	6	0.005
SLC15A4	5	0.005
SLC15A5	13	0.005
SLC16A1	3	0.005
SLC16A10	1	0.005
SLC16A11	8	0.005
SLC16A12	1	0.005
SLC16A13	5	0.005
SLC16A14	2	0.005
SLC16A2	0	0.005
SLC16A3	4	0.005
SLC16A4	2	0.005
SLC16A5	0	0.005
SLC16A6	5	0.005
SLC16A7	7	0.005
SLC16A8	8	0.005
SLC16A9	5	0.005
SLC17A1	2	0.005
SLC17A2	0	0.005
SLC17A3	5	0.005
SLC17A4	7	0.005
SLC17A5	3	0.005
SLC17A6	2	0.005
SLC17A7	2	0.005
SLC17A8	1	0.005
SLC17A9	5	0.005
SLC18A1	16	0.005
SLC18A2	2	0.005
SLC18A3	4	0.005
SLC18B1	5	0.005
SLC19A1	4	0.005
SLC19A2	3	0.005
SLC19A3	23	0.0005
SLC1A1	2	0.005
SLC1A2	1	0.005
SLC1A3	1	0.005
SLC1A4	5	0.005
SLC1A5	6	0.005
SLC1A6	0	0.005
SLC1A7	6	0.005
SLC20A1	0	0.005
SLC20A2	3	0.005
SLC22A1	18	0.005
SLC22A11	3	0.005
SLC22A12	2	0.005
SLC22A13	6	0.005
SLC22A14	14	0.005
SLC22A15	4	0.005
SLC22A16	12	0.005
SLC22A17	2	0.005
SLC22A2	5	0.005
SLC22A23	2	0.005
SLC22A24	10	0.005
SLC22A25	8	0.005
SLC22A3	1	0.005
SLC22A31	11	0.005
SLC22A4	4	0.005
SLC22A5	7	0.005
SLC22A6	1	0.005
SLC22A7	1	0.005
SLC22A8	6	0.005
SLC22A9	8	0.005
SLC23A1	5	0.005
SLC23A2	1	0.005
SLC23A3	3	0.005
SLC24A1	7	0.005
SLC24A2	3	0.005
SLC24A3	8	0.005
SLC24A4	7	0.005
SLC24A5	1	0.005
SLC25A1	0	0.005
SLC25A10	2	0.005
SLC25A11	0	0.005
SLC25A12	2	0.005
SLC25A13	0	0.005
SLC25A14	0	0.005
SLC25A15	2	0.005
SLC25A16	0	0.005
SLC25A17	1	0.005
SLC25A18	0	0.005
SLC25A19	1	0.005
SLC25A2	5	0.005
SLC25A20	1	0.005
SLC25A21	2	0.005
SLC25A22	4	0.005
SLC25A23	2	0.005
SLC25A24	0	0.005
SLC25A25	1	0.005
SLC25A26	4	0.005
SLC25A27	4	0.005
SLC25A28	0	0.005
SLC25A29	1	0.005
SLC25A3	0	0.005
SLC25A30	2	0.005
SLC25A31	1	0.005
SLC25A32	2	0.005
SLC25A33	1	0.005
SLC25A34	4	0.005
SLC25A35	1	0.005
SLC25A36	2	0.005
SLC25A37	4	0.005
SLC25A38	3	0.005
SLC25A39	1	0.005
SLC25A4	1	0.005
SLC25A40	2	0.005
SLC25A41	8	0.005
SLC25A42	1	0.005
SLC25A43	0	0.005
SLC25A44	0	0.005
SLC25A45	11	0.005
SLC25A46	3	0.005
SLC25A47	6	0.005
SLC25A48	2	0.005
SLC25A5	2	0.005
SLC25A51	0	0.005
SLC25A52	4	0.005
SLC25A53	3	0.005
SLC25A6	1	0.005
SLC26A1	13	0.005
SLC26A11	12	0.005
SLC26A2	6	0.005
SLC26A3	11	0.005
SLC26A4	16	0.003
SLC26A5	3	0.005
SLC26A6	5	0.005
SLC26A7	3	0.005
SLC26A8	10	0.005
SLC26A9	7	0.005
SLC27A1	3	0.005
SLC27A2	2	0.005
SLC27A3	12	0.005
SLC27A4	5	0.005
SLC27A5	9	0.005
SLC27A6	5	0.005
SLC28A1	10	0.005
SLC28A2	7	0.005
SLC28A3	4	0.005
SLC29A1	2	0.005
SLC29A2	2	0.005
SLC29A3	10	0.005
SLC29A4	4	0.005
SLC2A1	0	0.005
SLC2A10	7	0.005
SLC2A11	9	0.005
SLC2A12	2	0.005
SLC2A13	3	0.005
SLC2A14	2	0.005
SLC2A2	5	0.005
SLC2A3	3	0.005
SLC2A4	3	0.005
SLC2A4RG	3	0.005
SLC2A5	4	0.005
SLC2A6	8	0.005
SLC2A7	14	0.005
SLC2A8	5	0.005
SLC2A9	9	0.005
SLC30A1	0	0.005
SLC30A10	0	0.005
SLC30A2	3	0.005
SLC30A3	0	0.005
SLC30A4	1	0.005
SLC30A5	4	0.005
SLC30A6	0	0.005
SLC30A7	1	0.005
SLC30A8	3	0.005
SLC30A9	6	0.005
SLC31A1	1	0.005
SLC31A2	0	0.005
SLC32A1	2	0.005
SLC33A1	2	0.005
SLC33A2	0	0.005
SLC34A1	2	0.005
SLC34A2	5	0.005
SLC34A3	10	0.005
SLC35A1	1	0.005
SLC35A2	1	0.005
SLC35A3	1	0.005
SLC35A4	2	0.005
SLC35A5	3	0.005
SLC35B1	2	0.005
SLC35B2	1	0.005
SLC35B3	1	0.005
SLC35B4	0	0.005
SLC35C1	2	0.005
SLC35D1	1	0.005
SLC35D2	1	0.005
SLC35D3	4	0.005
SLC35D4	0	0.005
SLC35E1	0	0.005
SLC35E2B	1	0.005
SLC35E3	3	0.005
SLC35E4	2	0.005
SLC35F1	0	0.005
SLC35F2	3	0.005
SLC35F3	2	0.005
SLC35F4	1	0.005
SLC35F5	3	0.005
SLC35F6	1	0.005
SLC35G1	1	0.005
SLC35G2	3	0.005
SLC35G3	5	0.005
SLC35G4	25	0.005
SLC35G5	8	0.005
SLC35G6	6	0.005
SLC35H1	0	0.005
SLC36A1	1	0.005
SLC36A2	6	0.005
SLC36A3	8	0.005
SLC36A4	3	0.005
SLC37A1	4	0.005
SLC37A2	5	0.005
SLC37A3	5	0.005
SLC37A4	0	0.005
SLC38A1	1	0.005
SLC38A10	11	0.005
SLC38A11	2	0.005
SLC38A12	0	0.005
SLC38A2	1	0.005
SLC38A3	0	0.005
SLC38A4	5	0.005
SLC38A5	1	0.005
SLC38A6	5	0.005
SLC38A7	3	0.005
SLC38A8	9	0.005
SLC38A9	3	0.005
SLC39A1	0	0.005
SLC39A10	3	0.005
SLC39A11	7	0.005
SLC39A12	10	0.005
SLC39A13	4	0.005
SLC39A14	1	0.005
SLC39A2	8	0.005
SLC39A3	4	0.005
SLC39A4	11	0.005
SLC39A5	10	0.005
SLC39A6	1	0.005
SLC39A7	5	0.005
SLC39A8	4	0.005
SLC39A9	3	0.005
SLC3A1	2	0.005
SLC3A2	3	0.005
SLC40A1	3	0.005
SLC41A1	0	0.005
SLC41A2	1	0.005
SLC41A3	6	0.005
SLC43A1	5	0.005
SLC43A2	1	0.005
SLC43A3	4	0.005
SLC44A1	3	0.005
SLC44A2	3	0.005
SLC44A3	3	0.005
SLC44A4	11	0.005
SLC44A5	2	0.005
SLC45A1	1	0.005
SLC45A2	2	0.005
SLC45A3	4	0.005
SLC45A4	6	0.005
SLC46A1	2	0.005
SLC46A2	7	0.005
SLC46A3	5	0.005
SLC47A1	6	0.005
SLC47A2	1	0.005
SLC48A1	0	0.005
SLC49A3	5	0.005
SLC49A4	0	0.005
SLC4A1	8	0.005
SLC4A10	1	0.005
SLC4A11	4	0.005
SLC4A1AP	4	0.005
SLC4A2	3	0.005
SLC4A3	8	0.005
SLC4A4	3	0.005
SLC4A5	5	0.005
SLC4A7	9	0.005
SLC4A8	2	0.005
SLC4A9	8	0.005
SLC50A1	0	0.005
SLC51A	2	0.005
SLC51B	0	0.005
SLC52A1	5	0.005
SLC52A2	1	0.005
SLC52A3	7	0.005
SLC5A1	5	0.005
SLC5A10	2	0.005
SLC5A11	6	0.005
SLC5A12	3	0.005
SLC5A2	3	0.005
SLC5A3	2	0.005
SLC5A4	5	0.005
SLC5A5	2	0.005
SLC5A6	3	0.005
SLC5A7	1	0.005
SLC5A8	8	0.005
SLC5A9	10	0.005
SLC60A1	0	0.005
SLC60A2	0	0.005
SLC61A1	0	0.005
SLC66A1	4	0.005
SLC66A2	3	0.005
SLC66A3	2	0.005
SLC67A1	0	0.005
SLC67A2	0	0.005
SLC68A1	0	0.005
SLC6A1	1	0.005
SLC6A11	5	0.005
SLC6A12	5	0.005
SLC6A13	7	0.005
SLC6A14	1	0.005
SLC6A15	1	0.005
SLC6A16	3	0.005
SLC6A17	2	0.005
SLC6A18	14	0.005
SLC6A19	2	0.005
SLC6A2	6	0.005
SLC6A20	6	0.005
SLC6A3	0	0.005
SLC6A4	2	0.005
SLC6A5	15	0.005
SLC6A6	3	0.005
SLC6A7	3	0.005
SLC6A8	6	0.0002
SLC6A9	2	0.005
SLC71A1	0	0.005
SLC71A2	0	0.005
SLC75A1	0	0.005
SLC7A1	1	0.005
SLC7A10	3	0.005
SLC7A11	3	0.005
SLC7A13	9	0.005
SLC7A14	5	0.005
SLC7A2	8	0.005
SLC7A3	2	0.005
SLC7A4	7	0.005
SLC7A5	3	0.005
SLC7A6	4	0.005
SLC7A6OS	6	0.005
SLC7A7	1	0.005
SLC7A8	4	0.005
SLC7A9	4	0.005
SLC8A1	1	0.005
SLC8A2	0	0.005
SLC8A3	6	0.005
SLC8B1	4	0.005
SLC9A1	1	0.005
SLC9A2	4	0.005
SLC9A3	7	0.005
SLC9A4	11	0.005
SLC9A5	2	0.005
SLC9A6	1	8.3e-06
SLC9A7	1	0.005
SLC9A8	1	0.005
SLC9A9	4	0.005
SLC9B1	1	0.005
SLC9B2	2	0.005
SLC9C1	17	0.005
SLC9C2	9	0.005
SLC9D1	0	0.005
SLCO1A2	8	0.005
SLCO1B1	10	0.005
SLCO1B3	13	0.005
SLCO1C1	4	0.005
SLCO2A1	4	0.005
SLCO2B1	4	0.005
SLCO3A1	2	0.005
SLCO4A1	9	0.005
SLCO4C1	4	0.005
SLCO5A1	9	0.005
SLCO6A1	14	0.005
SLF1	3	0.005
SLF2	7	0.005
SLFN11	15	0.005
SLFN12	9	0.005
SLFN12L	10	0.005
SLFN13	17	0.005
SLFN14	11	0.005
SLFN5	12	0.005
SLFNL1	6	0.005
SLIRP	1	0.005
SLIT1	3	0.005
SLIT2	4	0.005
SLIT3	15	0.005
SLITRK1	1	0.005
SLITRK2	3	0.005
SLITRK3	4	0.005
SLITRK4	1	0.005
SLITRK5	4	0.005
SLITRK6	3	0.005
SLK	9	0.005
SLMAP	1	0.005
SLN	0	0.005
SLPI	0	0.005
SLTM	1	0.005
SLU7	2	0.005
SLURP1	0	0.005
SLURP2	1	0.005
SLX1A	0	0.005
SLX1B	0	0.005
SLX4	30	0.005
SLX4IP	4	0.005
SLX9	4	0.005
SMAD1	0	0.005
SMAD2	0	0.005
SMAD3	1	0.005
SMAD4	0	0.005
SMAD5	0	0.005
SMAD6	4	0.005
SMAD7	1	0.005
SMAD9	1	0.005
SMAGP	0	0.005
SMAP1	4	0.005
SMAP2	1	0.005
SMARCA1	1	0.005
SMARCA2	2	0.005
SMARCA4	2	0.005
SMARCA5	0	0.005
SMARCAD1	4	0.005
SMARCAL1	7	0.005
SMARCB1	0	0.005
SMARCC1	4	0.005
SMARCC2	2	0.005
SMARCD1	0	0.005
SMARCD2	3	0.005
SMARCD3	0	0.005
SMARCE1	0	0.005
SMC1A	0	0.005
SMC1B	11	0.005
SMC2	6	0.005
SMC3	0	0.005
SMC4	7	0.005
SMC5	9	0.005
SMC6	2	0.005
SMCHD1	6	0.005
SMCO1	7	0.005
SMCO2	5	0.005
SMCO3	3	0.005
SMCO4	1	0.005
SMCP	2	0.005
SMCR8	7	0.005
SMDT1	0	0.005
SMG1	9	0.005
SMG5	3	0.005
SMG6	14	0.005
SMG7	7	0.005
SMG8	4	0.005
SMG9	1	0.005
SMIM1	0	0.005
SMIM10	0	0.005
SMIM10L1	0	0.005
SMIM10L2A	0	0.005
SMIM10L2B	0	0.005
SMIM10L3	0	0.005
SMIM11	0	0.005
SMIM12	0	0.005
SMIM13	0	0.005
SMIM14	0	0.005
SMIM15	2	0.005
SMIM17	1	0.005
SMIM18	1	0.005
SMIM19	0	0.005
SMIM20	1	0.005
SMIM21	1	0.005
SMIM22	1	0.005
SMIM23	1	0.005
SMIM24	3	0.005
SMIM26	1	0.005
SMIM27	2	0.005
SMIM28	2	0.005
SMIM29	0	0.005
SMIM3	2	0.005
SMIM30	0	0.005
SMIM31	1	0.005
SMIM32	2	0.005
SMIM33	3	0.005
SMIM34	0	0.005
SMIM35	3	0.005
SMIM36	1	0.005
SMIM38	0	0.005
SMIM39	1	0.005
SMIM40	0	0.005
SMIM41	2	0.005
SMIM42	0	0.005
SMIM43	0	0.005
SMIM44	1	0.005
SMIM45	0	0.005
SMIM46	0	0.005
SMIM47	0	0.005
SMIM5	2	0.005
SMIM7	0	0.005
SMIM8	2	0.005
SMIM9	2	0.005
SMKR1	3	0.005
SMLR1	4	0.005
SMN1	0	0.005
SMN2	1	0.005
SMNDC1	1	0.005
SMO	5	0.005
SMOC1	3	0.005
SMOC2	3	0.005
SMOX	0	0.005
SMPD1	11	0.005
SMPD2	3	0.005
SMPD3	4	0.005
SMPD4	4	0.005
SMPDL3A	5	0.005
SMPDL3B	5	0.005
SMPX	0	0.005
SMR3A	3	0.005
SMR3B	0	0.005
SMS	0	0.005
SMTN	13	0.005
SMTNL1	3	0.005
SMTNL2	7	0.005
SMU1	0	0.005
SMUG1	1	0.005
SMURF1	0	0.005
SMURF2	2	0.005
SMYD1	5	0.005
SMYD2	6	0.005
SMYD3	2	0.005
SMYD4	13	0.005
SMYD5	1	0.005
SNAI1	2	0.005
SNAI2	0	0.005
SNAI3	4	0.005
SNAP23	1	0.005
SNAP25	0	0.005
SNAP29	3	0.005
SNAP47	7	0.005
SNAP91	3	0.005
SNAPC1	2	0.005
SNAPC2	5	0.005
SNAPC3	4	0.005
SNAPC4	18	0.005
SNAPC5	2	0.005
SNAPIN	0	0.005
SNCA	0	0.005
SNCAIP	5	0.005
SNCB	0	0.005
SNCG	1	0.005
SND1	2	0.005
SNED1	9	0.005
SNF8	0	0.005
SNIP1	5	0.005
SNN	0	0.005
SNORC	1	0.005
SNPH	2	0.005
SNRK	1	0.005
SNRNP200	3	0.005
SNRNP25	2	0.005
SNRNP27	0	0.005
SNRNP35	0	0.005
SNRNP40	0	0.005
SNRNP48	4	0.005
SNRNP70	0	0.005
SNRPA	0	0.005
SNRPA1	1	0.005
SNRPB	0	0.005
SNRPB2	0	0.005
SNRPC	0	0.005
SNRPD1	0	0.005
SNRPD2	0	0.005
SNRPD3	0	0.005
SNRPE	0	0.005
SNRPF	0	0.005
SNRPG	0	0.005
SNRPN	0	0.005
SNTA1	2	0.005
SNTB1	6	0.005
SNTB2	0	0.005
SNTG1	1	0.005
SNTG2	12	0.005
SNTN	1	0.005
SNU13	0	0.005
SNUPN	4	0.005
SNURF	0	0.005
SNW1	0	0.005
SNX1	1	0.005
SNX10	0	0.005
SNX11	0	0.005
SNX12	0	0.005
SNX13	1	0.005
SNX14	1	0.005
SNX15	5	0.005
SNX16	3	0.005
SNX17	3	0.005
SNX18	2	0.005
SNX19	15	0.005
SNX2	0	0.005
SNX20	4	0.005
SNX21	6	0.005
SNX22	0	0.005
SNX24	0	0.005
SNX25	11	0.005
SNX27	1	0.005
SNX29	8	0.005
SNX3	0	0.005
SNX30	1	0.005
SNX31	6	0.005
SNX32	0	0.005
SNX33	3	0.005
SNX4	2	0.005
SNX5	2	0.005
SNX6	0	0.005
SNX7	2	0.005
SNX8	4	0.005
SNX9	4	0.005
SOAT1	5	0.005
SOAT2	4	0.005
SOBP	4	0.005
SOCS1	1	0.005
SOCS2	2	0.005
SOCS3	2	0.005
SOCS4	0	0.005
SOCS5	0	0.005
SOCS6	0	0.005
SOCS7	3	0.005
SOD1	0	0.005
SOD2	1	0.005
SOD3	3	0.005
SOHLH1	6	0.005
SOHLH2	4	0.005
SON	10	0.005
SORBS1	13	0.005
SORBS2	8	0.005
SORBS3	11	0.005
SORCS1	8	0.005
SORCS2	9	0.005
SORCS3	6	0.005
SORD	3	0.005
SORL1	13	0.005
SORT1	5	0.005
SOS1	15	0.00025
SOS2	20	0.00025
SOST	1	0.005
SOSTDC1	3	0.005
SOWAHA	6	0.005
SOWAHB	7	0.005
SOWAHC	4	0.005
SOWAHD	1	0.005
SOX1	3	0.005
SOX10	1	0.005
SOX11	0	0.005
SOX12	3	0.005
SOX13	3	0.005
SOX14	0	0.005
SOX15	0	0.005
SOX17	6	0.005
SOX18	2	0.005
SOX2	0	0.005
SOX21	0	0.005
SOX3	3	0.005
SOX30	11	0.005
SOX4	2	0.005
SOX5	0	0.005
SOX6	0	0.005
SOX7	3	0.005
SOX8	1	0.005
SOX9	1	0.005
SP1	1	0.005
SP100	5	0.005
SP110	15	0.005
SP140	9	0.005
SP140L	9	0.005
SP2	3	0.005
SP3	3	0.005
SP4	3	0.005
SP5	1	0.005
SP6	0	0.005
SP7	1	0.005
SP8	1	0.005
SP9	1	0.005
SPA17	1	0.005
SPAAR	1	0.005
SPACA1	2	0.005
SPACA3	4	0.005
SPACA4	1	0.005
SPACA5	0	0.005
SPACA5B	1	0.005
SPACA6	4	0.005
SPACA7	2	0.005
SPACA9	1	0.005
SPACDR	1	0.005
SPADH	2	0.005
SPAG1	11	0.005
SPAG11A	1	0.005
SPAG11B	2	0.005
SPAG16	6	0.005
SPAG17	23	0.005
SPAG4	4	0.005
SPAG5	8	0.005
SPAG6	3	0.005
SPAG7	1	0.005
SPAG8	4	0.005
SPAG9	1	0.005
SPAM1	2	0.005
SPANXA1	0	0.005
SPANXA2	0	0.005
SPANXB1	1	0.005
SPANXC	0	0.005
SPANXD	3	0.005
SPANXN1	1	0.005
SPANXN2	1	0.005
SPANXN3	1	0.005
SPANXN4	1	0.005
SPANXN5	0	0.005
SPARC	0	0.005
SPARCL1	10	0.005
SPART	2	0.005
SPAST	2	0.005
SPATA1	3	0.005
SPATA12	1	0.005
SPATA13	13	0.005
SPATA16	10	0.005
SPATA17	6	0.005
SPATA18	9	0.005
SPATA19	2	0.005
SPATA2	3	0.005
SPATA20	9	0.005
SPATA21	8	0.005
SPATA22	7	0.005
SPATA24	2	0.005
SPATA25	5	0.005
SPATA2L	1	0.005
SPATA3	4	0.005
SPATA31A1	5	0.005
SPATA31A3	6	0.005
SPATA31A5	0	0.005
SPATA31A6	25	0.005
SPATA31A7	1	0.005
SPATA31C1	18	0.005
SPATA31C2	21	0.005
SPATA31D1	28	0.005
SPATA31D3	5	0.005
SPATA31D4	3	0.005
SPATA31E1	32	0.005
SPATA31F1	21	0.005
SPATA31F3	3	0.005
SPATA31G1	0	0.005
SPATA31H1	0	0.005
SPATA32	3	0.005
SPATA33	4	0.005
SPATA4	2	0.005
SPATA45	1	0.005
SPATA46	3	0.005
SPATA6	3	0.005
SPATA6L	10	0.005
SPATA7	11	0.005
SPATA9	2	0.005
SPATC1	10	0.005
SPATC1L	9	0.005
SPATS1	2	0.005
SPATS2	3	0.005
SPATS2L	3	0.005
SPC24	3	0.005
SPC25	1	0.005
SPCS1	0	0.005
SPCS2	0	0.005
SPCS3	0	0.005
SPDEF	5	0.005
SPDL1	9	0.005
SPDYA	1	0.005
SPDYC	2	0.005
SPDYE1	8	0.005
SPDYE10	0	0.005
SPDYE11	0	0.005
SPDYE12	0	0.005
SPDYE13	0	0.005
SPDYE14	0	0.005
SPDYE15	0	0.005
SPDYE16	4	0.005
SPDYE17	0	0.005
SPDYE18	4	0.005
SPDYE2	0	0.005
SPDYE21	7	0.005
SPDYE2B	0	0.005
SPDYE3	1	0.005
SPDYE4	4	0.005
SPDYE5	10	0.005
SPDYE6	1	0.005
SPDYE8	0	0.005
SPDYE9	0	0.005
SPECC1	6	0.005
SPECC1L	8	0.005
SPEF1	1	0.005
SPEF2	24	0.005
SPEG	27	0.005
SPEGNB	3	0.005
SPEM1	4	0.005
SPEM2	10	0.005
SPEM3	20	0.005
SPEN	19	0.005
SPESP1	3	0.005
SPG11	21	0.005
SPG21	0	0.005
SPG7	6	0.005
SPHK1	4	0.005
SPHK2	6	0.005
SPHKAP	17	0.005
SPI1	1	0.005
SPIB	2	0.005
SPIC	2	0.005
SPICE1	9	0.005
SPIDR	7	0.005
SPIN1	0	0.005
SPIN2A	1	0.005
SPIN2B	0	0.005
SPIN3	0	0.005
SPIN4	0	0.005
SPINDOC	2	0.005
SPINK1	4	0.005
SPINK13	1	0.005
SPINK14	1	0.005
SPINK2	2	0.005
SPINK4	1	0.005
SPINK5	18	0.005
SPINK6	1	0.005
SPINK7	1	0.005
SPINK8	1	0.005
SPINK9	0	0.005
SPINT1	10	0.005
SPINT2	3	0.005
SPINT3	2	0.005
SPINT4	3	0.005
SPIRE1	1	0.005
SPIRE2	6	0.005
SPMAP1	2	0.005
SPMAP2	6	0.005
SPMAP2L	9	0.005
SPMIP1	5	0.005
SPMIP10	0	0.005
SPMIP11	1	0.005
SPMIP2	7	0.005
SPMIP3	1	0.005
SPMIP4	10	0.005
SPMIP5	3	0.005
SPMIP6	1	0.005
SPMIP7	6	0.005
SPMIP8	2	0.005
SPMIP9	5	0.005
SPN	5	0.005
SPNS1	4	0.005
SPNS2	4	0.005
SPNS3	7	0.005
SPO11	2	0.005
SPOCD1	17	0.005
SPOCK1	2	0.005
SPOCK2	3	0.005
SPOCK3	2	0.005
SPON1	4	0.005
SPON2	8	0.005
SPOP	0	0.005
SPOPL	1	0.005
SPOUT1	5	0.005
SPP1	4	0.005
SPP2	2	0.005
SPPL2A	8	0.005
SPPL2B	10	0.005
SPPL2C	22	0.005
SPPL3	0	0.005
SPR	1	0.005
SPRED1	2	0.005
SPRED2	1	0.005
SPRED3	1	0.005
SPRING1	3	0.005
SPRN	1	0.005
SPRR1A	3	0.005
SPRR1B	2	0.005
SPRR2A	1	0.005
SPRR2B	0	0.005
SPRR2D	1	0.005
SPRR2E	3	0.005
SPRR2F	4	0.005
SPRR2G	2	0.005
SPRR3	4	0.005
SPRR4	2	0.005
SPRR5	2	0.005
SPRTN	3	0.005
SPRY1	1	0.005
SPRY2	2	0.005
SPRY3	2	0.005
SPRY4	3	0.005
SPRYD3	0	0.005
SPRYD4	1	0.005
SPRYD7	0	0.005
SPSB1	0	0.005
SPSB2	1	0.005
SPSB3	3	0.005
SPSB4	2	0.005
SPTA1	43	0.005
SPTAN1	2	0.005
SPTB	14	0.005
SPTBN1	2	0.005
SPTBN2	8	0.005
SPTBN4	12	0.005
SPTBN5	54	0.005
SPTLC1	2	0.005
SPTLC2	1	0.005
SPTLC3	3	0.005
SPTSSA	0	0.005
SPTSSB	0	0.005
SPTY2D1	5	0.005
SPX	0	0.005
SPZ1	10	0.005
SQLE	2	0.005
SQOR	7	0.005
SQSTM1	4	0.005
SRA1	4	0.005
SRARP	2	0.005
SRBD1	8	0.005
SRC	0	0.005
SRCAP	13	0.005
SRCIN1	3	0.005
SRD5A1	1	0.005
SRD5A2	3	0.005
SRD5A3	1	0.005
SREBF1	8	0.005
SREBF2	7	0.005
SREK1	2	0.005
SREK1IP1	1	0.005
SRF	0	0.005
SRFBP1	7	0.005
SRGAP1	5	0.005
SRGAP2	2	0.005
SRGAP2B	2	0.005
SRGAP2C	0	0.005
SRGAP3	5	0.005
SRGN	4	0.005
SRI	1	0.005
SRL	2	0.005
SRM	1	0.005
SRMS	15	0.005
SRP14	1	0.005
SRP19	0	0.005
SRP54	0	0.005
SRP68	3	0.005
SRP72	4	0.005
SRP9	0	0.005
SRPK1	3	0.005
SRPK2	0	0.005
SRPK3	1	0.005
SRPRA	1	0.005
SRPRB	3	0.005
SRPX	2	0.005
SRPX2	1	0.005
SRR	0	0.005
SRRD	1	0.005
SRRM1	1	0.005
SRRM2	26	0.005
SRRM3	8	0.005
SRRM4	8	0.005
SRRM5	18	0.005
SRRT	2	0.005
SRSF1	0	0.005
SRSF10	0	0.005
SRSF11	0	0.005
SRSF12	1	0.005
SRSF2	0	0.005
SRSF3	0	0.005
SRSF4	4	0.005
SRSF5	0	0.005
SRSF6	1	0.005
SRSF7	0	0.005
SRSF8	1	0.005
SRSF9	1	0.005
SRXN1	2	0.005
SRY	0	0.005
SS18	2	0.005
SS18L1	2	0.005
SS18L2	0	0.005
SSB	1	0.005
SSBP1	0	0.005
SSBP2	0	0.005
SSBP3	0	0.005
SSBP4	3	0.005
SSC4D	9	0.005
SSC5D	26	0.005
SSH1	4	0.005
SSH2	12	0.005
SSH3	3	0.005
SSMEM1	4	0.005
SSNA1	0	0.005
SSPN	4	0.005
SSR1	2	0.005
SSR2	0	0.005
SSR3	0	0.005
SSR4	0	0.005
SSRP1	0	0.005
SST	2	0.005
SSTR1	1	0.005
SSTR2	0	0.005
SSTR3	5	0.005
SSTR4	3	0.005
SSTR5	7	0.005
SSU72	0	0.005
SSU72L1	1	0.005
SSU72L2	4	0.005
SSU72L3	4	0.005
SSU72L4	0	0.005
SSU72L5	0	0.005
SSU72L6	2	0.005
SSUH2	4	0.005
SSX1	2	0.005
SSX2	0	0.005
SSX2B	0	0.005
SSX2IP	2	0.005
SSX3	2	0.005
SSX4	0	0.005
SSX4B	0	0.005
SSX5	5	0.005
SSX7	7	0.005
ST13	2	0.005
ST14	9	0.005
ST18	6	0.005
ST3GAL1	5	0.005
ST3GAL2	1	0.005
ST3GAL3	0	0.005
ST3GAL4	0	0.005
ST3GAL5	2	0.005
ST3GAL6	2	0.005
ST6GAL1	1	0.005
ST6GAL2	11	0.005
ST6GALNAC1	9	0.005
ST6GALNAC2	6	0.005
ST6GALNAC3	2	0.005
ST6GALNAC4	1	0.005
ST6GALNAC5	3	0.005
ST6GALNAC6	3	0.005
ST7	0	0.005
ST7L	8	0.005
ST8SIA1	1	0.005
ST8SIA2	2	0.005
ST8SIA3	1	0.005
ST8SIA4	2	0.005
ST8SIA5	1	0.005
ST8SIA6	3	0.005
STAB1	16	0.005
STAB2	28	0.005
STAC	4	0.005
STAC2	2	0.005
STAC3	2	0.005
STAG1	1	0.005
STAG2	0	0.005
STAG3	2	0.005
STAM	3	0.005
STAM2	0	0.005
STAMBP	0	0.005
STAMBPL1	3	0.005
STAP1	2	0.005
STAP2	2	0.005
STAR	2	0.005
STARD10	3	0.005
STARD13	11	0.005
STARD3	3	0.005
STARD3NL	0	0.005
STARD4	0	0.005
STARD5	6	0.005
STARD6	3	0.005
STARD7	3	0.005
STARD8	13	0.005
STARD9	46	0.005
STAT1	1	0.005
STAT2	4	0.005
STAT3	1	0.005
STAT4	1	0.005
STAT5A	2	0.005
STAT5B	3	0.005
STAT6	3	0.005
STATH	0	0.005
STAU1	2	0.005
STAU2	4	0.005
STBD1	4	0.005
STC1	0	0.005
STC2	4	0.005
STEAP1	1	0.005
STEAP1B	15	0.005
STEAP2	6	0.005
STEAP3	5	0.005
STEAP4	4	0.005
STEEP1	0	0.005
STH	3	0.005
STIL	8	0.005
STIM1	3	0.005
STIM2	0	0.005
STIMATE	1	0.005
STING1	9	0.005
STIP1	0	0.005
STK10	6	0.005
STK11	2	0.005
STK11IP	10	0.005
STK16	1	0.005
STK17A	7	0.005
STK17B	0	0.005
STK24	0	0.005
STK25	0	0.005
STK26	1	0.005
STK3	0	0.005
STK31	14	0.005
STK32A	1	0.005
STK32B	3	0.005
STK32C	5	0.005
STK33	6	0.005
STK35	3	0.005
STK36	17	0.005
STK38	0	0.005
STK38L	0	0.005
STK39	1	0.005
STK4	4	0.005
STK40	1	0.005
STKLD1	10	0.005
STMN1	0	0.005
STMN2	0	0.005
STMN3	0	0.005
STMN4	0	0.005
STMND1	2	0.005
STMP1	1	0.005
STN1	2	0.005
STOM	2	0.005
STOML1	1	0.005
STOML2	1	0.005
STOML3	4	0.005
STON1	13	0.005
STON2	13	0.005
STOX1	15	0.005
STOX2	6	0.005
STPG1	8	0.005
STPG2	9	0.005
STPG3	6	0.005
STPG4	7	0.005
STRA6	8	0.005
STRA8	2	0.005
STRADA	1	0.005
STRADB	0	0.005
STRAP	0	0.005
STRBP	1	0.005
STRC	3	0.005
STRIP1	1	0.005
STRIP2	5	0.005
STRIT1	0	0.005
STRN	2	0.005
STRN3	4	0.005
STRN4	2	0.005
STS	3	0.005
STT3A	0	0.005
STT3B	1	0.005
STUB1	1	0.005
STUM	0	0.005
STX10	3	0.005
STX11	5	0.005
STX12	0	0.005
STX16	2	0.005
STX17	2	0.005
STX18	3	0.005
STX19	1	0.005
STX1A	0	0.005
STX1B	0	0.005
STX2	4	0.005
STX3	4	0.005
STX4	1	0.005
STX5	1	0.005
STX6	0	0.005
STX7	0	0.005
STX8	4	0.005
STXBP1	0	0.005
STXBP2	10	0.005
STXBP3	2	0.005
STXBP4	3	0.005
STXBP5	3	0.005
STXBP5L	5	0.005
STXBP6	0	0.005
STYK1	3	0.005
STYX	0	0.005
STYXL1	2	0.005
STYXL2	17	0.005
SUB1	0	0.005
SUCLA2	6	0.005
SUCLG1	0	0.005
SUCLG2	5	0.005
SUCNR1	1	0.005
SUCO	4	0.005
SUDS3	0	0.005
SUFU	1	0.005
SUGCT	1	0.005
SUGP1	2	0.005
SUGP2	8	0.005
SUGT1	1	0.005
SULF1	4	0.005
SULF2	3	0.005
SULT1A1	2	0.005
SULT1A2	7	0.005
SULT1A3	0	0.005
SULT1A4	0	0.005
SULT1B1	3	0.005
SULT1C2	5	0.005
SULT1C3	8	0.005
SULT1C4	1	0.005
SULT1E1	0	0.005
SULT2A1	3	0.005
SULT2B1	6	0.005
SULT4A1	0	0.005
SULT6B1	11	0.005
SUMF1	3	0.005
SUMF2	5	0.005
SUMO1	0	0.005
SUMO2	0	0.005
SUMO3	1	0.005
SUMO4	3	0.005
SUN1	16	0.005
SUN2	10	0.005
SUN3	6	0.005
SUN5	3	0.005
SUOX	4	0.005
SUPT16H	1	0.005
SUPT20H	5	0.005
SUPT20HL1	8	0.005
SUPT20HL2	7	0.005
SUPT3H	1	0.005
SUPT4H1	0	0.005
SUPT5H	0	0.005
SUPT6H	2	0.005
SUPT7L	1	0.005
SUPV3L1	2	0.005
SURF1	3	0.005
SURF2	7	0.005
SURF4	1	0.005
SURF6	12	0.005
SUSD1	3	0.005
SUSD2	13	0.005
SUSD3	4	0.005
SUSD4	5	0.005
SUSD5	8	0.005
SUSD6	1	0.005
SUV39H1	0	0.005
SUV39H2	0	0.005
SUZ12	0	0.005
SV2A	0	0.005
SV2B	6	0.005
SV2C	7	0.005
SVBP	0	0.005
SVEP1	51	0.005
SVIL	21	0.005
SVIP	0	0.005
SVOP	1	0.005
SVOPL	9	0.005
SWAP70	1	0.005
SWI5	1	0.005
SWSAP1	5	0.005
SWT1	9	0.005
SYAP1	1	0.005
SYBU	5	0.005
SYCE1	7	0.005
SYCE1L	8	0.005
SYCE2	1	0.005
SYCE3	3	0.005
SYCN	1	0.005
SYCP1	7	0.005
SYCP2	13	0.005
SYCP2L	10	0.005
SYCP3	0	0.005
SYDE1	2	0.005
SYDE2	19	0.005
SYF2	2	0.005
SYK	1	0.005
SYMPK	3	0.005
SYN1	2	0.005
SYN2	4	0.005
SYN3	4	0.005
SYNC	7	0.005
SYNCRIP	0	0.005
SYNDIG1	3	0.005
SYNDIG1L	3	0.005
SYNE1	81	0.005
SYNE2	79	0.005
SYNE3	14	0.005
SYNE4	6	0.005
SYNGAP1	2	0.005
SYNGR1	0	0.005
SYNGR2	2	0.005
SYNGR3	1	0.005
SYNGR4	7	0.005
SYNJ1	6	0.005
SYNJ2	12	0.005
SYNJ2BP	2	0.005
SYNM	37	0.005
SYNPO	8	0.005
SYNPO2	10	0.005
SYNPO2L	6	0.005
SYNPR	1	0.005
SYNRG	7	0.005
SYP	0	0.005
SYPL1	2	0.005
SYPL2	5	0.005
SYS1	1	0.005
SYT1	0	0.005
SYT10	5	0.005
SYT11	1	0.005
SYT12	3	0.005
SYT13	1	0.005
SYT14	0	0.005
SYT15	2	0.005
SYT15B	0	0.005
SYT16	6	0.005
SYT17	0	0.005
SYT2	0	0.005
SYT3	0	0.005
SYT4	4	0.005
SYT5	4	0.005
SYT6	2	0.005
SYT7	4	0.005
SYT8	11	0.005
SYT9	4	0.005
SYTL1	3	0.005
SYTL2	27	0.005
SYTL3	8	0.005
SYTL4	3	0.005
SYTL5	5	0.005
SYVN1	0	0.005
SZRD1	0	0.005
SZT2	15	0.005
TAAR1	3	0.005
TAAR2	2	0.005
TAAR5	6	0.005
TAAR6	14	0.005
TAAR8	7	0.005
TAAR9	9	0.005
TAB1	4	0.005
TAB2	0	0.005
TAB3	0	0.005
TAC1	0	0.005
TAC3	0	0.005
TAC4	0	0.005
TACC1	5	0.005
TACC2	45	0.005
TACC3	14	0.005
TACO1	1	0.005
TACR1	0	0.005
TACR2	11	0.005
TACR3	2	0.005
TACSTD2	6	0.005
TADA1	1	0.005
TADA2A	4	0.005
TADA2B	0	0.005
TADA3	0	0.005
TAF1	2	0.005
TAF10	2	0.005
TAF11	2	0.005
TAF11L10	0	0.005
TAF11L11	0	0.005
TAF11L12	0	0.005
TAF11L13	18	0.005
TAF11L14	6	0.005
TAF11L2	6	0.005
TAF11L3	0	0.005
TAF11L4	0	0.005
TAF11L5	0	0.005
TAF11L6	0	0.005
TAF11L7	0	0.005
TAF11L8	0	0.005
TAF11L9	0	0.005
TAF12	1	0.005
TAF13	0	0.005
TAF15	2	0.005
TAF1A	4	0.005
TAF1B	10	0.005
TAF1C	14	0.005
TAF1D	2	0.005
TAF1L	11	0.005
TAF2	5	0.005
TAF3	12	0.005
TAF4	6	0.005
TAF4B	11	0.005
TAF5	2	0.005
TAF5L	2	0.005
TAF6	2	0.005
TAF6L	2	0.005
TAF7	0	0.005
TAF7L	2	0.005
TAF8	1	0.005
TAF9	1	0.005
TAF9B	0	0.005
TAFA1	0	0.005
TAFA2	0	0.005
TAFA3	1	0.005
TAFA4	1	0.005
TAFA5	0	0.005
TAFAZZIN	1	0.005
TAGAP	10	0.005
TAGLN	2	0.005
TAGLN2	1	0.005
TAGLN3	0	0.005
TAL1	3	0.005
TAL2	0	0.005
TALDO1	1	0.005
TAMALIN	3	0.005
TAMM41	4	0.005
TANC1	13	0.005
TANC2	4	0.005
TANGO2	3	0.005
TANGO6	5	0.005
TANK	5	0.005
TAOK1	1	0.005
TAOK2	3	0.005
TAOK3	2	0.005
TAP1	12	0.005
TAP2	14	0.005
TAPBP	4	0.005
TAPBPL	12	0.005
TAPT1	4	0.005
TARBP1	19	0.005
TARBP2	1	0.005
TARDBP	0	0.005
TARM1	8	0.005
TARP	2	0.005
TARS1	7	0.005
TARS2	3	0.005
TARS3	6	0.005
TAS1R1	23	0.005
TAS1R2	16	0.005
TAS1R3	10	0.005
TAS2R1	3	0.005
TAS2R10	4	0.005
TAS2R13	2	0.005
TAS2R14	5	0.005
TAS2R16	3	0.005
TAS2R19	7	0.005
TAS2R20	12	0.005
TAS2R3	1	0.005
TAS2R30	3	0.005
TAS2R31	11	0.005
TAS2R38	7	0.005
TAS2R39	6	0.005
TAS2R4	7	0.005
TAS2R40	4	0.005
TAS2R41	3	0.005
TAS2R42	8	0.005
TAS2R43	34	0.005
TAS2R45	0	0.005
TAS2R46	5	0.005
TAS2R5	7	0.005
TAS2R50	5	0.005
TAS2R60	3	0.005
TAS2R7	9	0.005
TAS2R8	8	0.005
TAS2R9	7	0.005
TASL	1	0.005
TASOR	12	0.005
TASOR2	32	0.005
TASP1	0	0.005
TAT	2	0.005
TATDN1	2	0.005
TATDN2	9	0.005
TATDN3	8	0.005
TAX1BP1	6	0.005
TAX1BP3	1	0.005
TBATA	8	0.005
TBC1D1	11	0.005
TBC1D10A	6	0.005
TBC1D10B	3	0.005
TBC1D10C	2	0.005
TBC1D12	4	0.005
TBC1D13	2	0.005
TBC1D14	5	0.005
TBC1D15	1	0.005
TBC1D16	9	0.005
TBC1D17	2	0.005
TBC1D19	1	0.005
TBC1D2	13	0.005
TBC1D20	1	0.005
TBC1D21	3	0.005
TBC1D22A	4	0.005
TBC1D22B	0	0.005
TBC1D23	1	0.005
TBC1D24	5	0.005
TBC1D25	3	0.005
TBC1D26	11	0.005
TBC1D28	2	0.005
TBC1D2B	4	0.005
TBC1D3	0	0.005
TBC1D30	4	0.005
TBC1D31	11	0.005
TBC1D32	14	0.005
TBC1D3B	0	0.005
TBC1D3C	0	0.005
TBC1D3D	0	0.005
TBC1D3E	0	0.005
TBC1D3G	0	0.005
TBC1D3H	0	0.005
TBC1D3I	0	0.005
TBC1D3K	0	0.005
TBC1D3L	0	0.005
TBC1D4	14	0.005
TBC1D5	5	0.005
TBC1D7	3	0.005
TBC1D8	10	0.005
TBC1D8B	4	0.005
TBC1D9	2	0.005
TBC1D9B	12	0.005
TBCA	1	0.005
TBCB	0	0.005
TBCC	8	0.005
TBCCD1	1	0.005
TBCD	9	0.005
TBCE	5	0.005
TBCEL	0	0.005
TBCK	6	0.005
TBK1	2	0.005
TBKBP1	9	0.005
TBL1X	2	0.005
TBL1XR1	0	0.005
TBL1Y	2	0.005
TBL2	5	0.005
TBL3	12	0.005
TBP	0	0.005
TBPL1	0	0.005
TBPL2	2	0.005
TBR1	0	0.005
TBRG1	2	0.005
TBRG4	2	0.005
TBX1	3	0.005
TBX10	4	0.005
TBX15	3	0.005
TBX18	4	0.005
TBX19	1	0.005
TBX2	3	0.005
TBX20	0	0.005
TBX21	1	0.005
TBX22	2	0.005
TBX3	3	0.005
TBX4	4	0.005
TBX5	3	0.005
TBX6	3	0.005
TBXA2R	1	0.005
TBXAS1	15	0.005
TBXT	7	0.005
TC2N	4	0.005
TCAF1	0	0.005
TCAF2	2	0.005
TCAIM	1	0.005
TCAP	2	0.005
TCEA1	0	0.005
TCEA2	1	0.005
TCEA3	1	0.005
TCEAL1	1	0.005
TCEAL2	2	0.005
TCEAL3	1	0.005
TCEAL4	1	0.005
TCEAL5	2	0.005
TCEAL6	0	0.005
TCEAL7	0	0.005
TCEAL8	0	0.005
TCEAL9	0	0.005
TCEANC	3	0.005
TCEANC2	1	0.005
TCERG1	1	0.005
TCERG1L	7	0.005
TCF12	2	0.005
TCF15	2	0.005
TCF19	6	0.005
TCF20	8	0.005
TCF21	2	0.005
TCF23	2	0.005
TCF24	1	0.005
TCF25	2	0.005
TCF3	9	0.005
TCF4	3	8.3e-06
TCF7	3	0.005
TCF7L1	5	0.005
TCF7L2	7	0.005
TCFL5	2	0.005
TCHH	28	0.005
TCHHL1	7	0.005
TCHP	4	0.005
TCIM	1	0.005
TCIRG1	7	0.005
TCL1A	3	0.005
TCL1B	2	0.005
TCN1	5	0.005
TCN2	11	0.005
TCOF1	15	0.005
TCP1	1	0.005
TCP10L	4	0.005
TCP11	7	0.005
TCP11L1	4	0.005
TCP11L2	4	0.005
TCP11X1	0	0.005
TCP11X2	0	0.005
TCTA	2	0.005
TCTN1	5	0.005
TCTN2	3	0.005
TCTN3	5	0.005
TDG	2	0.005
TDO2	2	0.005
TDP1	5	0.005
TDP2	3	0.005
TDRD1	8	0.005
TDRD10	2	0.005
TDRD12	25	0.005
TDRD15	17	0.005
TDRD3	5	0.005
TDRD5	11	0.005
TDRD6	23	0.005
TDRD7	5	0.005
TDRD9	7	0.005
TDRKH	6	0.005
TDRP	2	0.005
TEAD1	1	0.005
TEAD2	4	0.005
TEAD3	2	0.005
TEAD4	3	0.005
TEC	1	0.005
TECPR1	8	0.005
TECPR2	11	0.005
TECR	0	0.005
TECRL	3	0.005
TECTA	23	0.003
TECTB	3	0.005
TEDC1	12	0.005
TEDC2	7	0.005
TEDDM1	3	0.005
TEF	0	0.005
TEFM	3	0.005
TEK	8	0.005
TEKT1	8	0.005
TEKT2	6	0.005
TEKT3	8	0.005
TEKT4	8	0.005
TEKT5	19	0.005
TEKTIP1	7	0.005
TEKTL1	18	0.005
TELO2	12	0.005
TEN1	1	0.005
TENM1	9	0.005
TENM2	15	0.005
TENM3	7	0.005
TENM4	21	0.005
TENT2	2	0.005
TENT4A	3	0.005
TENT4B	2	0.005
TENT5A	3	0.005
TENT5B	3	0.005
TENT5C	2	0.005
TENT5D	1	0.005
TEP1	43	0.005
TEPSIN	12	0.005
TERB1	3	0.005
TERB2	2	0.005
TERF1	0	0.005
TERF2	3	0.005
TERF2IP	1	0.005
TERT	3	0.005
TES	2	0.005
TESC	1	0.005
TESK1	3	0.005
TESK2	5	0.005
TESMIN	2	0.005
TESPA1	13	0.005
TET1	17	0.005
TET2	19	0.005
TET3	6	0.005
TEX10	1	0.005
TEX101	1	0.005
TEX11	6	0.005
TEX12	1	0.005
TEX13A	5	0.005
TEX13B	2	0.005
TEX13C	9	0.005
TEX13D	8	0.005
TEX14	9	0.005
TEX15	36	0.005
TEX19	3	0.005
TEX2	4	0.005
TEX22	1	0.005
TEX26	3	0.005
TEX261	1	0.005
TEX264	2	0.005
TEX28	0	0.005
TEX29	1	0.005
TEX30	0	0.005
TEX35	7	0.005
TEX36	5	0.005
TEX38	6	0.005
TEX44	8	0.005
TEX46	1	0.005
TEX47	5	0.005
TEX48	4	0.005
TEX50	0	0.005
TEX51	4	0.005
TEX52	5	0.005
TEX53	0	0.005
TEX54	2	0.005
TEX55	16	0.005
TEX9	3	0.005
TF	6	0.005
TFAM	1	0.005
TFAP2A	0	0.005
TFAP2B	1	0.005
TFAP2C	2	0.005
TFAP2D	1	0.005
TFAP2E	5	0.005
TFAP4	2	0.005
TFB1M	4	0.005
TFB2M	3	0.005
TFCP2	0	0.005
TFCP2L1	2	0.005
TFDP1	0	0.005
TFDP2	1	0.005
TFDP3	6	0.005
TFE3	2	0.005
TFEB	2	0.005
TFEC	4	0.005
TFF1	2	0.005
TFF2	3	0.005
TFF3	1	0.005
TFG	2	0.005
TFIP11	4	0.005
TFPI	2	0.005
TFPI2	4	0.005
TFPT	2	0.005
TFR2	6	0.005
TFRC	4	0.005
TG	50	0.005
TGDS	1	0.005
TGFA	1	0.005
TGFB1	3	0.005
TGFB1I1	1	0.005
TGFB2	2	0.005
TGFB3	0	0.005
TGFBI	5	0.005
TGFBR1	0	0.005
TGFBR2	2	0.005
TGFBR3	5	0.005
TGFBR3L	1	0.005
TGFBRAP1	4	0.005
TGIF1	3	0.005
TGIF2	0	0.005
TGIF2LX	1	0.005
TGIF2LY	0	0.005
TGM1	12	0.005
TGM2	7	0.005
TGM3	7	0.005
TGM4	12	0.005
TGM5	12	0.005
TGM6	14	0.005
TGM7	10	0.005
TGOLN2	6	0.005
TGS1	21	0.005
TH	4	0.005
THADA	21	0.005
THAP1	0	0.005
THAP10	0	0.005
THAP11	0	0.005
THAP12	1	0.005
THAP2	1	0.005
THAP3	3	0.005
THAP4	1	0.005
THAP5	1	0.005
THAP6	3	0.005
THAP7	5	0.005
THAP8	6	0.005
THAP9	8	0.005
THBD	4	0.005
THBS1	7	0.005
THBS2	9	0.005
THBS3	3	0.005
THBS4	7	0.005
THEM4	5	0.005
THEM5	5	0.005
THEM6	1	0.005
THEMIS	4	0.005
THEMIS2	2	0.005
THG1L	1	0.005
THNSL1	8	0.005
THNSL2	8	0.005
THOC1	0	0.005
THOC2	1	0.005
THOC3	1	0.005
THOC5	4	0.005
THOC6	0	0.005
THOC7	1	0.005
THOP1	5	0.005
THPO	1	0.005
THRA	1	0.005
THRAP3	5	0.005
THRB	0	0.005
THRSP	2	0.005
THSD1	7	0.005
THSD4	9	0.005
THSD7A	13	0.005
THSD7B	11	0.005
THSD8	4	0.005
THTPA	1	0.005
THUMPD1	2	0.005
THUMPD2	3	0.005
THUMPD3	3	0.005
THY1	0	0.005
THYN1	0	0.005
TIA1	3	0.005
TIAL1	0	0.005
TIAM1	8	0.005
TIAM2	21	0.005
TICAM1	6	0.005
TICAM2	3	0.005
TICRR	25	0.005
TIE1	3	0.005
TIFA	1	0.005
TIFAB	2	0.005
TIGAR	3	0.005
TIGD1	5	0.005
TIGD2	4	0.005
TIGD3	2	0.005
TIGD4	4	0.005
TIGD5	3	0.005
TIGD6	7	0.005
TIGD7	3	0.005
TIGIT	2	0.005
TIMD4	6	0.005
TIMELESS	13	0.005
TIMM10	0	0.005
TIMM10B	1	0.005
TIMM13	0	0.005
TIMM17A	1	0.005
TIMM17B	1	0.005
TIMM21	2	0.005
TIMM22	2	0.005
TIMM23	1	0.005
TIMM23B	1	0.005
TIMM29	1	0.005
TIMM44	7	0.005
TIMM50	2	0.005
TIMM8A	0	0.005
TIMM8B	0	0.005
TIMM9	0	0.005
TIMMDC1	4	0.005
TIMP1	2	0.005
TIMP2	0	0.005
TIMP3	0	0.005
TIMP4	0	0.005
TINAG	11	0.005
TINAGL1	1	0.005
TINCR	0	0.005
TINF2	5	0.005
TIPARP	0	0.005
TIPIN	6	0.005
TIPRL	0	0.005
TIRAP	6	0.005
TJAP1	5	0.005
TJP1	8	0.005
TJP2	15	0.005
TJP3	12	0.005
TK1	0	0.005
TK2	1	0.005
TKFC	4	0.005
TKT	7	0.005
TKTL1	2	0.005
TKTL2	9	0.005
TLCD1	1	0.005
TLCD2	5	0.005
TLCD3A	1	0.005
TLCD3B	0	0.005
TLCD4	0	0.005
TLCD5	2	0.005
TLDC2	7	0.005
TLE1	0	0.005
TLE2	3	0.005
TLE3	0	0.005
TLE4	1	0.005
TLE5	0	0.005
TLE6	2	0.005
TLE7	0	0.005
TLK1	2	0.005
TLK2	0	0.005
TLL1	4	0.005
TLL2	11	0.005
TLN1	2	0.005
TLN2	14	0.005
TLNRD1	1	0.005
TLR1	18	0.005
TLR10	16	0.005
TLR2	5	0.005
TLR3	7	0.005
TLR4	7	0.005
TLR5	13	0.005
TLR6	13	0.005
TLR7	3	0.005
TLR8	2	0.005
TLR9	5	0.005
TLX1	2	0.005
TLX2	2	0.005
TLX3	3	0.005
TM2D1	2	0.005
TM2D2	0	0.005
TM2D3	5	0.005
TM4SF1	0	0.005
TM4SF18	1	0.005
TM4SF19	4	0.005
TM4SF20	5	0.005
TM4SF4	1	0.005
TM4SF5	2	0.005
TM6SF1	3	0.005
TM6SF2	4	0.005
TM7SF2	3	0.005
TM7SF3	4	0.005
TM9SF1	3	0.005
TM9SF2	0	0.005
TM9SF3	1	0.005
TM9SF4	1	0.005
TMA16	4	0.005
TMA7	0	0.005
TMA7B	0	0.005
TMBIM1	1	0.005
TMBIM4	3	0.005
TMBIM6	1	0.005
TMC1	3	0.005
TMC2	12	0.005
TMC3	17	0.005
TMC4	6	0.005
TMC5	8	0.005
TMC6	12	0.005
TMC7	6	0.005
TMC8	5	0.005
TMCC1	2	0.005
TMCC2	3	0.005
TMCC3	6	0.005
TMCO1	0	0.005
TMCO2	2	0.005
TMCO4	13	0.005
TMCO5A	4	0.005
TMCO6	4	0.005
TMDD1	7	0.005
TMED1	2	0.005
TMED10	0	0.005
TMED2	0	0.005
TMED3	3	0.005
TMED4	1	0.005
TMED5	2	0.005
TMED6	3	0.005
TMED7	1	0.005
TMED8	4	0.005
TMED9	1	0.005
TMEFF1	0	0.005
TMEFF2	0	0.005
TMEM100	0	0.005
TMEM101	0	0.005
TMEM102	4	0.005
TMEM106A	1	0.005
TMEM106B	2	0.005
TMEM106C	5	0.005
TMEM107	0	0.005
TMEM108	2	0.005
TMEM109	2	0.005
TMEM11	0	0.005
TMEM114	2	0.005
TMEM115	2	0.005
TMEM116	3	0.005
TMEM117	1	0.005
TMEM119	4	0.005
TMEM120A	1	0.005
TMEM120B	6	0.005
TMEM121	0	0.005
TMEM121B	4	0.005
TMEM123	4	0.005
TMEM125	1	0.005
TMEM126A	2	0.005
TMEM126B	2	0.005
TMEM127	2	0.005
TMEM128	2	0.005
TMEM129	5	0.005
TMEM130	2	0.005
TMEM131	9	0.005
TMEM131L	12	0.005
TMEM132A	11	0.005
TMEM132B	6	0.005
TMEM132C	18	0.005
TMEM132D	9	0.005
TMEM132E	5	0.005
TMEM134	2	0.005
TMEM135	5	0.005
TMEM138	0	0.005
TMEM139	4	0.005
TMEM140	5	0.005
TMEM141	1	0.005
TMEM143	5	0.005
TMEM144	3	0.005
TMEM145	2	0.005
TMEM147	0	0.005
TMEM14A	1	0.005
TMEM14B	1	0.005
TMEM14C	1	0.005
TMEM150A	0	0.005
TMEM150B	2	0.005
TMEM150C	2	0.005
TMEM151A	1	0.005
TMEM151B	1	0.005
TMEM154	1	0.005
TMEM156	6	0.005
TMEM158	1	0.005
TMEM160	1	0.005
TMEM161A	3	0.005
TMEM161B	2	0.005
TMEM163	0	0.005
TMEM164	1	0.005
TMEM165	0	0.005
TMEM167A	0	0.005
TMEM167B	0	0.005
TMEM168	3	0.005
TMEM169	2	0.005
TMEM17	3	0.005
TMEM170A	2	0.005
TMEM170B	0	0.005
TMEM171	6	0.005
TMEM174	4	0.005
TMEM175	8	0.005
TMEM176A	7	0.005
TMEM176B	9	0.005
TMEM177	6	0.005
TMEM178A	0	0.005
TMEM178B	3	0.005
TMEM179	1	0.005
TMEM179B	0	0.005
TMEM18	1	0.005
TMEM181	2	0.005
TMEM182	1	0.005
TMEM183A	3	0.005
TMEM184A	8	0.005
TMEM184B	0	0.005
TMEM184C	0	0.005
TMEM185A	0	0.005
TMEM185B	2	0.005
TMEM186	0	0.005
TMEM187	3	0.005
TMEM19	3	0.005
TMEM190	1	0.005
TMEM191B	1	0.005
TMEM191C	3	0.005
TMEM192	0	0.005
TMEM196	0	0.005
TMEM198	4	0.005
TMEM200A	1	0.005
TMEM200B	1	0.005
TMEM200C	11	0.005
TMEM201	5	0.005
TMEM202	3	0.005
TMEM203	0	0.005
TMEM204	2	0.005
TMEM205	2	0.005
TMEM207	2	0.005
TMEM208	0	0.005
TMEM209	3	0.005
TMEM210	2	0.005
TMEM212	0	0.005
TMEM213	2	0.005
TMEM214	5	0.005
TMEM215	1	0.005
TMEM216	2	0.005
TMEM217	0	0.005
TMEM217B	5	0.005
TMEM218	0	0.005
TMEM219	1	0.005
TMEM220	4	0.005
TMEM221	4	0.005
TMEM222	1	0.005
TMEM223	7	0.005
TMEM225	7	0.005
TMEM225B	1	0.005
TMEM229A	4	0.005
TMEM229B	0	0.005
TMEM230	0	0.005
TMEM231	4	0.005
TMEM232	18	0.005
TMEM233	1	0.005
TMEM234	2	0.005
TMEM235	3	0.005
TMEM236	8	0.005
TMEM237	3	0.005
TMEM238	2	0.005
TMEM238L	3	0.005
TMEM239	2	0.005
TMEM240	1	0.005
TMEM242	3	0.005
TMEM243	0	0.005
TMEM244	4	0.005
TMEM245	7	0.005
TMEM247	0	0.005
TMEM248	0	0.005
TMEM25	2	0.005
TMEM250	2	0.005
TMEM252	1	0.005
TMEM253	1	0.005
TMEM254	0	0.005
TMEM255A	0	0.005
TMEM255B	10	0.005
TMEM256	2	0.005
TMEM258	0	0.005
TMEM259	5	0.005
TMEM26	0	0.005
TMEM260	5	0.005
TMEM263	1	0.005
TMEM265	0	0.005
TMEM266	5	0.005
TMEM267	0	0.005
TMEM268	4	0.005
TMEM269	2	0.005
TMEM270	7	0.005
TMEM271	1	0.005
TMEM272	1	0.005
TMEM273	6	0.005
TMEM275	4	0.005
TMEM276	2	0.005
TMEM278	0	0.005
TMEM30A	0	0.005
TMEM30B	4	0.005
TMEM31	2	0.005
TMEM33	0	0.005
TMEM35A	0	0.005
TMEM35B	1	0.005
TMEM37	3	0.005
TMEM38A	0	0.005
TMEM38B	2	0.005
TMEM39A	1	0.005
TMEM39B	0	0.005
TMEM40	3	0.005
TMEM41A	3	0.005
TMEM41B	2	0.005
TMEM42	0	0.005
TMEM43	11	0.005
TMEM44	6	0.005
TMEM45A	1	0.005
TMEM45B	3	0.005
TMEM47	0	0.005
TMEM50A	2	0.005
TMEM50B	0	0.005
TMEM51	1	0.005
TMEM52	2	0.005
TMEM52B	2	0.005
TMEM53	3	0.005
TMEM54	3	0.005
TMEM59	1	0.005
TMEM59L	4	0.005
TMEM60	0	0.005
TMEM61	3	0.005
TMEM62	0	0.005
TMEM63A	7	0.005
TMEM63B	2	0.005
TMEM63C	2	0.005
TMEM64	1	0.005
TMEM65	0	0.005
TMEM67	5	0.005
TMEM68	0	0.005
TMEM69	1	0.005
TMEM70	7	0.005
TMEM71	4	0.005
TMEM72	3	0.005
TMEM74	1	0.005
TMEM74B	0	0.005
TMEM79	7	0.005
TMEM80	0	0.005
TMEM81	5	0.005
TMEM82	9	0.005
TMEM86A	2	0.005
TMEM86B	4	0.005
TMEM87A	1	0.005
TMEM87B	1	0.005
TMEM88	3	0.005
TMEM89	4	0.005
TMEM8B	8	0.005
TMEM9	0	0.005
TMEM91	1	0.005
TMEM92	3	0.005
TMEM94	4	0.005
TMEM95	0	0.005
TMEM97	0	0.005
TMEM98	1	0.005
TMEM9B	0	0.005
TMF1	9	0.005
TMIE	1	0.005
TMIGD1	2	0.005
TMIGD2	10	0.005
TMIGD3	1	0.005
TMLHE	1	0.005
TMOD1	0	0.005
TMOD2	1	0.005
TMOD3	0	0.005
TMOD4	3	0.005
TMPO	1	0.005
TMPPE	1	0.005
TMPRSS11A	5	0.005
TMPRSS11B	3	0.005
TMPRSS11D	1	0.005
TMPRSS11E	4	0.005
TMPRSS11F	5	0.005
TMPRSS12	3	0.005
TMPRSS13	6	0.005
TMPRSS15	17	0.005
TMPRSS2	5	0.005
TMPRSS3	7	0.005
TMPRSS4	6	0.005
TMPRSS5	5	0.005
TMPRSS6	11	0.005
TMPRSS7	13	0.005
TMPRSS9	20	0.005
TMSB10	0	0.005
TMSB15A	0	0.005
TMSB15B	0	0.005
TMSB15C	0	0.005
TMSB4X	0	0.005
TMSB4Y	0	0.005
TMT1A	1	0.005
TMT1B	5	0.005
TMTC1	5	0.005
TMTC2	6	0.005
TMTC3	5	0.005
TMTC4	4	0.005
TMUB1	0	0.005
TMUB2	1	0.005
TMX1	0	0.005
TMX2	0	0.005
TMX3	3	0.005
TMX4	2	0.005
TNC	23	0.005
TNF	1	0.005
TNFAIP1	0	0.005
TNFAIP2	5	0.005
TNFAIP3	4	0.005
TNFAIP6	4	0.005
TNFAIP8	0	0.005
TNFAIP8L1	0	0.005
TNFAIP8L2	1	0.005
TNFAIP8L3	2	0.005
TNFRSF10A	7	0.005
TNFRSF10B	8	0.005
TNFRSF10C	5	0.005
TNFRSF10D	33	0.005
TNFRSF11A	8	0.005
TNFRSF11B	3	0.005
TNFRSF12A	0	0.005
TNFRSF13B	6	0.005
TNFRSF13C	3	0.005
TNFRSF14	5	0.005
TNFRSF17	3	0.005
TNFRSF18	4	0.005
TNFRSF19	7	0.005
TNFRSF1A	3	0.005
TNFRSF1B	5	0.005
TNFRSF21	6	0.005
TNFRSF25	3	0.005
TNFRSF4	2	0.005
TNFRSF6B	1	0.005
TNFRSF8	7	0.005
TNFRSF9	2	0.005
TNFSF10	2	0.005
TNFSF11	4	0.005
TNFSF12	0	0.005
TNFSF13	2	0.005
TNFSF13B	2	0.005
TNFSF14	2	0.005
TNFSF15	2	0.005
TNFSF18	0	0.005
TNFSF4	1	0.005
TNFSF8	1	0.005
TNFSF9	7	0.005
TNIK	1	0.005
TNIP1	9	0.005
TNIP2	7	0.005
TNIP3	3	0.005
TNK1	8	0.005
TNK2	11	0.005
TNKS	1	0.005
TNKS1BP1	25	0.005
TNKS2	1	0.005
TNMD	1	0.005
TNN	20	0.005
TNNC1	0	0.005
TNNC2	0	0.005
TNNI1	0	0.005
TNNI2	0	0.005
TNNI3	2	0.0001
TNNI3K	7	0.005
TNNT1	0	0.005
TNNT2	4	0.0001
TNNT3	0	0.005
TNP1	0	0.005
TNP2	4	0.005
TNPO1	1	0.005
TNPO2	1	0.005
TNPO3	1	0.005
TNR	10	0.005
TNRC18	33	0.005
TNRC6A	13	0.005
TNRC6B	4	0.005
TNRC6C	9	0.005
TNS1	28	0.005
TNS2	9	0.005
TNS3	16	0.005
TNS4	8	0.005
TNXB	69	0.005
TOB1	1	0.005
TOB2	1	0.005
TOE1	5	0.005
TOGARAM1	5	0.005
TOGARAM2	26	0.005
TOLLIP	2	0.005
TOM1	2	0.005
TOM1L1	1	0.005
TOM1L2	0	0.005
TOMM20	0	0.005
TOMM20L	1	0.005
TOMM22	0	0.005
TOMM34	0	0.005
TOMM40	1	0.005
TOMM40L	1	0.005
TOMM5	0	0.005
TOMM6	0	0.005
TOMM7	0	0.005
TOMM70	0	0.005
TOMT	4	0.005
TONSL	11	0.005
TOP1	1	0.005
TOP1MT	10	0.005
TOP2A	5	0.005
TOP2B	5	0.005
TOP3A	8	0.005
TOP3B	3	0.005
TOP6BL	0	0.005
TOPAZ1	17	0.005
TOPBP1	9	0.005
TOPORS	4	0.005
TOR1A	1	0.005
TOR1AIP1	5	0.005
TOR1AIP2	1	0.005
TOR1B	2	0.005
TOR2A	3	0.005
TOR3A	4	0.005
TOR4A	7	0.005
TOX	1	0.005
TOX2	4	0.005
TOX3	5	0.005
TOX4	0	0.005
TP53	11	0.0003
TP53AIP1	3	0.005
TP53BP1	10	0.005
TP53BP2	4	0.005
TP53I11	2	0.005
TP53I13	1	0.005
TP53I3	2	0.005
TP53INP1	1	0.005
TP53INP2	1	0.005
TP53RK	4	0.005
TP53TG3	0	0.005
TP53TG3B	0	0.005
TP53TG3C	0	0.005
TP53TG3D	0	0.005
TP53TG3E	0	0.005
TP53TG3F	0	0.005
TP53TG5	8	0.005
TP63	1	0.005
TP73	2	0.005
TPBG	2	0.005
TPBGL	6	0.005
TPCN1	1	0.005
TPCN2	10	0.005
TPD52	3	0.005
TPD52L1	2	0.005
TPD52L2	2	0.005
TPD52L3	3	0.005
TPGS1	1	0.005
TPGS2	1	0.005
TPH1	1	0.005
TPH2	1	0.005
TPI1	0	0.005
TPK1	1	0.005
TPM1	2	0.0001
TPM2	0	0.005
TPM3	1	0.005
TPM4	0	0.005
TPMT	4	0.005
TPO	16	0.005
TPP1	7	0.005
TPP2	2	0.005
TPPP	1	0.005
TPPP2	1	0.005
TPPP3	0	0.005
TPR	12	0.005
TPRA1	2	0.005
TPRG1	2	0.005
TPRG1L	0	0.005
TPRKB	0	0.005
TPRN	8	0.005
TPRX1	7	0.005
TPRX2	2	0.005
TPSAB1	8	0.005
TPSB2	7	0.005
TPSD1	11	0.005
TPSG1	12	0.005
TPST1	0	0.005
TPST2	1	0.005
TPT1	0	0.005
TPTE	9	0.005
TPTE2	2	0.005
TPX2	2	0.005
TRA2A	0	0.005
TRA2B	0	0.005
TRABD	0	0.005
TRABD2A	5	0.005
TRABD2B	4	0.005
TRADD	2	0.005
TRAF1	3	0.005
TRAF2	2	0.005
TRAF3	1	0.005
TRAF3IP1	9	0.005
TRAF3IP2	7	0.005
TRAF3IP3	4	0.005
TRAF4	1	0.005
TRAF5	3	0.005
TRAF6	0	0.005
TRAF7	1	0.005
TRAFD1	3	0.005
TRAIP	1	0.005
TRAK1	6	0.005
TRAK2	4	0.005
TRAM1	2	0.005
TRAM1L1	0	0.005
TRAM2	0	0.005
TRANK1	12	0.005
TRAP1	14	0.005
TRAPPC1	0	0.005
TRAPPC10	3	0.005
TRAPPC11	13	0.005
TRAPPC12	5	0.005
TRAPPC13	2	0.005
TRAPPC14	1	0.005
TRAPPC2	0	0.005
TRAPPC2B	2	0.005
TRAPPC2L	0	0.005
TRAPPC3	0	0.005
TRAPPC3L	3	0.005
TRAPPC4	0	0.005
TRAPPC5	1	0.005
TRAPPC6A	1	0.005
TRAPPC6B	0	0.005
TRAPPC8	6	0.005
TRAPPC9	4	0.005
TRARG1	8	0.005
TRAT1	5	0.005
TRDMT1	4	0.005
TRDN	14	0.005
TREH	8	0.005
TREM1	2	0.005
TREM2	4	0.005
TREML1	1	0.005
TREML2	9	0.005
TREML4	7	0.005
TRERF1	12	0.005
TREX1	0	0.005
TREX2	3	0.005
TRH	5	0.005
TRHDE	1	0.005
TRHR	0	0.005
TRIAP1	1	0.005
TRIB1	1	0.005
TRIB2	1	0.005
TRIB3	7	0.005
TRIL	7	0.005
TRIM10	7	0.005
TRIM11	1	0.005
TRIM13	1	0.005
TRIM14	2	0.005
TRIM15	10	0.005
TRIM16	6	0.005
TRIM17	6	0.005
TRIM2	0	0.005
TRIM21	3	0.005
TRIM22	11	0.005
TRIM23	1	0.005
TRIM24	3	0.005
TRIM25	5	0.005
TRIM26	2	0.005
TRIM27	1	0.005
TRIM28	1	0.005
TRIM29	3	0.005
TRIM3	0	0.005
TRIM31	12	0.005
TRIM32	1	0.005
TRIM33	3	0.005
TRIM34	7	0.005
TRIM35	1	0.005
TRIM36	5	0.005
TRIM37	3	0.005
TRIM38	6	0.005
TRIM39	2	0.005
TRIM4	4	0.005
TRIM40	7	0.005
TRIM41	4	0.005
TRIM42	8	0.005
TRIM43	3	0.005
TRIM43B	2	0.005
TRIM44	1	0.005
TRIM45	10	0.005
TRIM46	2	0.005
TRIM47	4	0.005
TRIM48	6	0.005
TRIM49	5	0.005
TRIM49B	6	0.005
TRIM49C	2	0.005
TRIM49D1	0	0.005
TRIM49D2	0	0.005
TRIM5	8	0.005
TRIM50	1	0.005
TRIM51	11	0.005
TRIM51G	8	0.005
TRIM52	0	0.005
TRIM54	1	0.005
TRIM55	1	0.005
TRIM56	5	0.005
TRIM58	7	0.005
TRIM59	5	0.005
TRIM6	6	0.005
TRIM60	4	0.005
TRIM61	3	0.005
TRIM62	1	0.005
TRIM63	2	0.005
TRIM64	0	0.005
TRIM64B	6	0.005
TRIM64C	8	0.005
TRIM65	9	0.005
TRIM66	24	0.005
TRIM67	3	0.005
TRIM68	1	0.005
TRIM69	6	0.005
TRIM7	12	0.005
TRIM71	1	0.005
TRIM72	2	0.005
TRIM73	0	0.005
TRIM74	0	0.005
TRIM75	5	0.005
TRIM77	4	0.005
TRIM8	1	0.005
TRIM9	2	0.005
TRIML1	9	0.005
TRIML2	8	0.005
TRIO	11	0.005
TRIOBP	38	0.005
TRIP10	4	0.005
TRIP11	21	0.005
TRIP12	0	0.005
TRIP13	1	0.005
TRIP4	3	0.005
TRIP6	6	0.005
TRIQK	0	0.005
TRIR	0	0.005
TRIT1	4	0.005
TRMO	4	0.005
TRMT1	2	0.005
TRMT10A	0	0.005
TRMT10B	3	0.005
TRMT10C	3	0.005
TRMT11	3	0.005
TRMT112	0	0.005
TRMT13	2	0.005
TRMT1L	2	0.005
TRMT2A	4	0.005
TRMT2B	1	0.005
TRMT44	14	0.005
TRMT5	6	0.005
TRMT6	2	0.005
TRMT61A	0	0.005
TRMT61B	5	0.005
TRMT9B	9	0.005
TRMU	7	0.005
TRNAU1AP	0	0.005
TRNP1	1	0.005
TRNT1	2	0.005
TRO	6	0.005
TROAP	8	0.005
TRPA1	6	0.005
TRPC1	2	0.005
TRPC3	2	0.005
TRPC4	1	0.005
TRPC4AP	1	0.005
TRPC5	1	0.005
TRPC5OS	1	0.005
TRPC6	2	0.005
TRPC7	3	0.005
TRPM1	24	0.005
TRPM2	24	0.005
TRPM3	9	0.005
TRPM4	5	0.005
TRPM5	16	0.005
TRPM6	9	0.005
TRPM7	6	0.005
TRPM8	7	0.005
TRPS1	2	0.005
TRPT1	4	0.005
TRPV1	9	0.005
TRPV2	5	0.005
TRPV3	11	0.005
TRPV4	5	0.005
TRPV5	7	0.005
TRPV6	5	0.005
TRRAP	3	0.005
TRUB1	3	0.005
TRUB2	5	0.005
TSACC	2	0.005
TSBP1	18	0.005
TSC1	4	0.005
TSC2	11	0.005
TSC22D1	3	0.005
TSC22D2	4	0.005
TSC22D3	0	0.005
TSC22D4	3	0.005
TSEN15	2	0.005
TSEN2	4	0.005
TSEN34	2	0.005
TSEN54	16	0.005
TSFM	4	0.005
TSG101	1	0.005
TSGA10	3	0.005
TSGA10IP	12	0.005
TSGA13	2	0.005
TSHB	3	0.005
TSHR	5	0.005
TSHZ1	7	0.005
TSHZ2	8	0.005
TSHZ3	4	0.005
TSKS	7	0.005
TSKU	6	0.005
TSLP	0	0.005
TSN	0	0.005
TSNARE1	12	0.005
TSNAX	0	0.005
TSNAXIP1	5	0.005
TSPAN1	0	0.005
TSPAN10	11	0.005
TSPAN11	5	0.005
TSPAN12	1	0.005
TSPAN13	0	0.005
TSPAN14	0	0.005
TSPAN15	2	0.005
TSPAN16	4	0.005
TSPAN17	2	0.005
TSPAN18	3	0.005
TSPAN19	1	0.005
TSPAN2	1	0.005
TSPAN3	0	0.005
TSPAN31	1	0.005
TSPAN32	4	0.005
TSPAN33	0	0.005
TSPAN4	3	0.005
TSPAN5	0	0.005
TSPAN6	1	0.005
TSPAN7	0	0.005
TSPAN8	5	0.005
TSPAN9	0	0.005
TSPEAR	7	0.005
TSPO	3	0.005
TSPO2	1	0.005
TSPOAP1	31	0.005
TSPY1	0	0.005
TSPY10	0	0.005
TSPY2	0	0.005
TSPY3	0	0.005
TSPY4	0	0.005
TSPY8	0	0.005
TSPY9	0	0.005
TSPYL1	7	0.005
TSPYL2	2	0.005
TSPYL4	5	0.005
TSPYL5	4	0.005
TSPYL6	10	0.005
TSR1	11	0.005
TSR2	0	0.005
TSR3	3	0.005
TSSC4	10	0.005
TSSK1B	5	0.005
TSSK2	4	0.005
TSSK3	2	0.005
TSSK4	1	0.005
TSSK6	2	0.005
TST	3	0.005
TSTD1	1	0.005
TSTD2	4	0.005
TTBK1	14	0.005
TTBK2	8	0.005
TTC1	1	0.005
TTC12	8	0.005
TTC13	2	0.005
TTC14	4	0.005
TTC16	14	0.005
TTC17	3	0.005
TTC19	2	0.005
TTC21A	20	0.005
TTC21B	12	0.005
TTC22	12	0.005
TTC23	3	0.005
TTC23L	10	0.005
TTC24	9	0.005
TTC27	7	0.005
TTC28	10	0.005
TTC29	8	0.005
TTC3	16	0.005
TTC31	11	0.005
TTC32	1	0.005
TTC33	2	0.005
TTC34	16	0.005
TTC36	2	0.005
TTC38	8	0.005
TTC39A	1	0.005
TTC39B	5	0.005
TTC39C	0	0.005
TTC4	5	0.005
TTC5	4	0.005
TTC6	27	0.005
TTC7A	11	0.005
TTC7B	1	0.005
TTC8	3	0.005
TTC9	2	0.005
TTC9B	0	0.005
TTC9C	0	0.005
TTF1	17	0.005
TTF2	19	0.005
TTI1	6	0.005
TTI2	7	0.005
TTK	6	0.005
TTL	1	0.005
TTLL1	1	0.005
TTLL10	20	0.005
TTLL11	7	0.005
TTLL12	10	0.005
TTLL13	5	0.005
TTLL2	17	0.005
TTLL3	8	0.005
TTLL4	11	0.005
TTLL5	8	0.005
TTLL6	8	0.005
TTLL7	2	0.005
TTLL8	18	0.005
TTLL9	5	0.005
TTN	325	0.005
TTPA	0	0.005
TTPAL	3	0.005
TTR	3	0.005
TTYH1	2	0.005
TTYH2	13	0.005
TTYH3	3	0.005
TUB	2	0.005
TUBA1A	0	0.005
TUBA1B	0	0.005
TUBA1C	1	0.005
TUBA3C	4	0.005
TUBA3D	1	0.005
TUBA3E	11	0.005
TUBA4A	0	0.005
TUBA4B	7	0.005
TUBA8	5	0.005
TUBAL3	8	0.005
TUBB	0	0.005
TUBB1	8	0.005
TUBB2A	0	0.005
TUBB2B	0	0.005
TUBB3	0	0.005
TUBB4A	0	0.005
TUBB4B	0	0.005
TUBB6	0	0.005
TUBB8	1	0.005
TUBB8B	18	0.005
TUBD1	3	0.005
TUBE1	1	0.005
TUBG1	0	0.005
TUBG2	1	0.005
TUBGCP2	6	0.005
TUBGCP3	1	0.005
TUBGCP4	3	0.005
TUBGCP5	3	0.005
TUBGCP6	21	0.005
TUFM	1	0.005
TUFT1	5	0.005
TUG1	0	0.005
TULP1	3	0.005
TULP2	10	0.005
TULP3	2	0.005
TULP4	7	0.005
TUNAR	1	0.005
TUSC1	3	0.005
TUSC2	0	0.005
TUSC3	1	0.005
TUT1	5	0.005
TUT4	3	0.005
TUT7	7	0.005
TVP23A	3	0.005
TVP23B	1	0.005
TVP23C	2	0.005
TWF1	0	0.005
TWF2	3	0.005
TWIST1	0	0.005
TWIST2	0	0.005
TWNK	1	0.005
TWSG1	1	0.005
TXK	4	0.005
TXLNA	4	0.005
TXLNB	9	0.005
TXLNG	5	0.005
TXN	0	0.005
TXN2	1	0.005
TXNDC11	9	0.005
TXNDC12	4	0.005
TXNDC15	1	0.005
TXNDC16	9	0.005
TXNDC17	1	0.005
TXNDC2	11	0.005
TXNDC5	5	0.005
TXNDC8	4	0.005
TXNDC9	3	0.005
TXNIP	3	0.005
TXNL1	0	0.005
TXNL4A	0	0.005
TXNL4B	3	0.005
TXNRD1	2	0.005
TXNRD2	7	0.005
TXNRD3	4	0.005
TYK2	11	0.005
TYMP	3	0.005
TYMS	1	0.005
TYR	2	0.005
TYRO3	3	0.005
TYROBP	2	0.005
TYRP1	3	0.005
TYSND1	8	0.005
TYW1	4	0.005
TYW1B	10	0.005
TYW2	0	0.005
TYW3	3	0.005
TYW5	1	0.005
U2AF1	0	0.005
U2AF1L4	1	0.005
U2AF2	0	0.005
U2SURP	0	0.005
UACA	12	0.005
UAP1	4	0.005
UAP1L1	4	0.005
UBA1	3	0.005
UBA2	1	0.005
UBA3	1	0.005
UBA5	0	0.005
UBA52	0	0.005
UBA6	3	0.005
UBA7	6	0.005
UBAC1	5	0.005
UBAC2	2	0.005
UBALD1	2	0.005
UBALD2	0	0.005
UBAP1	1	0.005
UBAP1L	4	0.005
UBAP2	11	0.005
UBAP2L	2	0.005
UBASH3A	7	0.005
UBASH3B	5	0.005
UBB	0	0.005
UBC	0	0.005
UBD	7	0.005
UBE2A	0	0.005
UBE2B	0	0.005
UBE2C	1	0.005
UBE2D1	0	0.005
UBE2D2	0	0.005
UBE2D3	0	0.005
UBE2D4	1	0.005
UBE2E1	1	0.005
UBE2E2	0	0.005
UBE2E3	0	0.005
UBE2F	0	0.005
UBE2G1	0	0.005
UBE2G2	0	0.005
UBE2H	0	0.005
UBE2I	0	0.005
UBE2J1	2	0.005
UBE2J2	0	0.005
UBE2K	0	0.005
UBE2L3	0	0.005
UBE2L5	0	0.005
UBE2L6	0	0.005
UBE2M	0	0.005
UBE2N	0	0.005
UBE2NL	0	0.005
UBE2O	6	0.005
UBE2Q1	3	0.005
UBE2Q2	2	0.005
UBE2QL1	0	0.005
UBE2R2	0	0.005
UBE2S	3	0.005
UBE2T	0	0.005
UBE2U	7	0.005
UBE2V1	0	0.005
UBE2V2	0	0.005
UBE2W	0	0.005
UBE2Z	0	0.005
UBE3A	2	8.3e-06
UBE3B	2	0.005
UBE3C	1	0.005
UBE3D	4	0.005
UBE4A	1	0.005
UBE4B	5	0.005
UBFD1	0	0.005
UBIAD1	1	0.005
UBL3	0	0.005
UBL4A	0	0.005
UBL4B	2	0.005
UBL5	0	0.005
UBL7	1	0.005
UBLCP1	0	0.005
UBN1	7	0.005
UBN2	6	0.005
UBOX5	5	0.005
UBP1	2	0.005
UBQLN1	1	0.005
UBQLN2	0	0.005
UBQLN3	11	0.005
UBQLN4	3	0.005
UBQLNL	11	0.005
UBR1	9	0.005
UBR2	6	0.005
UBR3	2	0.005
UBR4	12	0.005
UBR5	1	0.005
UBR7	2	0.005
UBTD1	0	0.005
UBTD2	1	0.005
UBTF	0	0.005
UBTFL1	3	0.005
UBXN1	4	0.005
UBXN10	1	0.005
UBXN11	9	0.005
UBXN2A	1	0.005
UBXN2B	2	0.005
UBXN4	1	0.005
UBXN6	5	0.005
UBXN7	1	0.005
UBXN8	5	0.005
UCHL1	1	0.005
UCHL3	0	0.005
UCHL5	0	0.005
UCK1	0	0.005
UCK2	0	0.005
UCKL1	0	0.005
UCMA	6	0.005
UCN	1	0.005
UCN2	0	0.005
UCN3	3	0.005
UCP1	3	0.005
UCP2	3	0.005
UCP3	3	0.005
UEVLD	2	0.005
UFC1	0	0.005
UFD1	1	0.005
UFL1	6	0.005
UFM1	0	0.005
UFSP1	1	0.005
UFSP2	3	0.005
UGCG	1	0.005
UGDH	1	0.005
UGGT1	11	0.005
UGGT2	15	0.005
UGP2	0	0.005
UGT1A1	2	0.005
UGT1A10	4	0.005
UGT1A3	11	0.005
UGT1A4	6	0.005
UGT1A5	10	0.005
UGT1A6	5	0.005
UGT1A7	6	0.005
UGT1A8	4	0.005
UGT1A9	1	0.005
UGT2A1	8	0.005
UGT2A2	7	0.005
UGT2A3	8	0.005
UGT2B10	12	0.005
UGT2B11	16	0.005
UGT2B15	12	0.005
UGT2B17	9	0.005
UGT2B28	10	0.005
UGT2B4	4	0.005
UGT2B7	6	0.005
UGT3A1	4	0.005
UGT3A2	4	0.005
UGT8	3	0.005
UHMK1	0	0.005
UHRF1	5	0.005
UHRF2	1	0.005
UIMC1	5	0.005
ULBP1	6	0.005
ULBP2	6	0.005
ULBP3	4	0.005
ULK1	6	0.005
ULK2	4	0.005
ULK3	2	0.005
ULK4	18	0.005
UMAD1	1	0.005
UMOD	5	0.005
UMODL1	32	0.005
UMPS	3	0.005
UNC119	1	0.005
UNC119B	1	0.005
UNC13A	8	0.005
UNC13B	37	0.005
UNC13C	11	0.005
UNC13D	8	0.005
UNC45A	8	0.005
UNC45B	11	0.005
UNC50	0	0.005
UNC5A	3	0.005
UNC5B	11	0.005
UNC5C	5	0.005
UNC5CL	7	0.005
UNC5D	3	0.005
UNC79	11	0.005
UNC80	16	0.005
UNC93A	18	0.005
UNC93B1	7	0.005
UNCX	3	0.005
UNG	2	0.005
UNK	0	0.005
UNKL	8	0.005
UPB1	3	0.005
UPF1	1	0.005
UPF2	2	0.005
UPF3A	6	0.005
UPF3B	2	0.005
UPK1A	7	0.005
UPK1B	3	0.005
UPK2	3	0.005
UPK3A	5	0.005
UPK3B	7	0.005
UPK3BL1	0	0.005
UPK3BL2	0	0.005
UPP1	1	0.005
UPP2	2	0.005
UPRT	1	0.005
UQCC1	5	0.005
UQCC2	2	0.005
UQCC3	3	0.005
UQCC4	6	0.005
UQCC5	0	0.005
UQCC6	2	0.005
UQCR10	1	0.005
UQCR11	0	0.005
UQCRB	1	0.005
UQCRC1	4	0.005
UQCRC2	4	0.005
UQCRFS1	0	0.005
UQCRH	1	0.005
UQCRHL	3	0.005
UQCRQ	1	0.005
URAD	5	0.005
URB1	23	0.005
URB2	12	0.005
URGCP	5	0.005
URI1	4	0.005
URM1	1	0.005
UROC1	10	0.005
UROD	2	0.005
UROS	2	0.005
USB1	3	0.005
USE1	3	0.005
USF1	0	0.005
USF2	0	0.005
USF3	10	0.005
USH1C	8	0.005
USH1G	3	0.005
USH2A	104	0.003
USHBP1	6	0.005
USO1	1	0.005
USP1	2	0.005
USP10	7	0.005
USP11	1	0.005
USP12	1	0.005
USP13	4	0.005
USP14	0	0.005
USP15	0	0.005
USP16	2	0.005
USP17L1	9	0.005
USP17L10	4	0.005
USP17L11	0	0.005
USP17L12	0	0.005
USP17L13	0	0.005
USP17L15	0	0.005
USP17L17	0	0.005
USP17L18	0	0.005
USP17L19	0	0.005
USP17L2	26	0.005
USP17L20	0	0.005
USP17L21	0	0.005
USP17L22	0	0.005
USP17L24	0	0.005
USP17L25	0	0.005
USP17L26	0	0.005
USP17L27	0	0.005
USP17L28	0	0.005
USP17L29	0	0.005
USP17L3	0	0.005
USP17L30	0	0.005
USP17L4	2	0.005
USP17L5	0	0.005
USP17L7	34	0.005
USP17L8	3	0.005
USP18	4	0.005
USP19	7	0.005
USP2	8	0.005
USP20	7	0.005
USP21	4	0.005
USP22	1	0.005
USP24	7	0.005
USP25	3	0.005
USP26	6	0.005
USP27X	0	0.005
USP28	2	0.005
USP29	8	0.005
USP3	2	0.005
USP30	4	0.005
USP31	11	0.005
USP32	1	0.005
USP33	2	0.005
USP34	9	0.005
USP35	18	0.005
USP36	18	0.005
USP37	8	0.005
USP38	6	0.005
USP39	1	0.005
USP4	3	0.005
USP40	14	0.005
USP42	16	0.005
USP43	7	0.005
USP44	7	0.005
USP45	10	0.005
USP46	0	0.005
USP47	5	0.005
USP48	0	0.005
USP49	3	0.005
USP5	1	0.005
USP50	5	0.005
USP51	0	0.005
USP53	11	0.005
USP54	7	0.005
USP6	20	0.005
USP6NL	2	0.005
USP7	0	0.005
USP8	9	0.005
USP9X	1	0.005
USP9Y	2	0.005
USPL1	10	0.005
UST	4	0.005
UTF1	5	0.005
UTP11	0	0.005
UTP14A	3	0.005
UTP14C	6	0.005
UTP15	4	0.005
UTP18	2	0.005
UTP20	25	0.005
UTP23	3	0.005
UTP25	11	0.005
UTP3	8	0.005
UTP4	4	0.005
UTP6	3	0.005
UTRN	21	0.005
UTS2	3	0.005
UTS2B	2	0.005
UTS2R	4	0.005
UTY	1	0.005
UVRAG	6	0.005
UVSSA	12	0.005
UXS1	0	0.005
UXT	0	0.005
VAC14	2	0.005
VAMP1	0	0.005
VAMP2	0	0.005
VAMP3	0	0.005
VAMP4	1	0.005
VAMP5	0	0.005
VAMP7	1	0.005
VAMP8	0	0.005
VANGL1	3	0.005
VANGL2	2	0.005
VAPA	1	0.005
VAPB	0	0.005
VARS1	14	0.005
VARS2	13	0.005
VASH1	0	0.005
VASH2	2	0.005
VASN	5	0.005
VASP	2	0.005
VAT1	2	0.005
VAT1L	3	0.005
VAV1	1	0.005
VAV2	4	0.005
VAV3	4	0.005
VAX1	1	0.005
VAX2	5	0.005
VBP1	0	0.005
VCAM1	6	0.005
VCAN	20	0.005
VCF1	0	0.005
VCF2	0	0.005
VCL	4	0.005
VCP	0	0.005
VCPIP1	3	0.005
VCPKMT	3	0.005
VCX	1	0.005
VCX2	1	0.005
VCX3A	0	0.005
VCX3B	5	0.005
VCY	0	0.005
VCY1B	0	0.005
VDAC1	1	0.005
VDAC2	0	0.005
VDAC3	1	0.005
VDR	0	0.005
VEGFA	1	0.005
VEGFB	5	0.005
VEGFC	2	0.005
VEGFD	1	0.005
VENTX	12	0.005
VEPH1	11	0.005
VEZF1	0	0.005
VEZT	7	0.005
VGF	2	0.005
VGLL1	2	0.005
VGLL2	2	0.005
VGLL3	1	0.005
VGLL4	3	0.005
VHL	4	1.56e-05
VHLL	2	0.005
VIL1	9	0.005
VILL	5	0.005
VIM	0	0.005
VIP	0	0.005
VIPAS39	1	0.005
VIPR1	3	0.005
VIPR2	3	0.005
VIRMA	6	0.005
VIT	4	0.005
VKORC1	1	0.005
VKORC1L1	0	0.005
VLDLR	5	0.005
VMA12	0	0.005
VMA21	1	0.005
VMA22	0	0.005
VMAC	3	0.005
VMO1	3	0.005
VMP1	0	0.005
VN1R1	2	0.005
VN1R2	9	0.005
VN1R4	6	0.005
VN1R5	0	0.005
VNN1	12	0.005
VNN2	8	0.005
VOPP1	1	0.005
VPREB1	3	0.005
VPREB3	4	0.005
VPS11	4	0.005
VPS13A	17	0.005
VPS13B	29	0.005
VPS13C	33	0.005
VPS13D	16	0.005
VPS16	3	0.005
VPS18	6	0.005
VPS25	1	0.005
VPS26A	0	0.005
VPS26B	0	0.005
VPS26C	0	0.005
VPS28	0	0.005
VPS29	0	0.005
VPS33A	3	0.005
VPS33B	3	0.005
VPS35	1	0.005
VPS35L	3	0.005
VPS36	0	0.005
VPS37A	2	0.005
VPS37B	0	0.005
VPS37C	6	0.005
VPS37D	0	0.005
VPS39	2	0.005
VPS41	3	0.005
VPS45	1	0.005
VPS4A	2	0.005
VPS4B	1	0.005
VPS50	3	0.005
VPS51	2	0.005
VPS52	1	0.005
VPS53	4	0.005
VPS54	3	0.005
VPS72	3	0.005
VPS8	9	0.005
VPS9D1	5	0.005
VRK1	0	0.005
VRK2	4	0.005
VRK3	8	0.005
VRTN	6	0.005
VSIG1	2	0.005
VSIG10	5	0.005
VSIG10L	10	0.005
VSIG10L2	12	0.005
VSIG2	4	0.005
VSIG4	5	0.005
VSIG8	2	0.005
VSIR	4	0.005
VSNL1	0	0.005
VSTM1	0	0.005
VSTM2A	0	0.005
VSTM2B	4	0.005
VSTM2L	4	0.005
VSTM4	2	0.005
VSTM5	5	0.005
VSX1	6	0.005
VSX2	3	0.005
VTA1	1	0.005
VTCN1	2	0.005
VTI1A	0	0.005
VTI1B	1	0.005
VTN	4	0.005
VWA1	4	0.005
VWA2	19	0.005
VWA3A	20	0.005
VWA3B	13	0.005
VWA5A	10	0.005
VWA5B1	25	0.005
VWA5B2	13	0.005
VWA7	14	0.005
VWA8	17	0.005
VWC2	4	0.005
VWC2L	0	0.005
VWCE	8	0.005
VWDE	46	0.005
VWF	26	0.01
VXN	1	0.005
WAC	2	0.005
WAPL	1	0.005
WARS1	2	0.005
WARS2	3	0.005
WAS	3	0.005
WASF1	1	0.005
WASF2	2	0.005
WASF3	4	0.005
WASHC1	6	0.005
WASHC2A	17	0.005
WASHC2C	15	0.005
WASHC3	1	0.005
WASHC4	8	0.005
WASHC5	1	0.005
WASL	0	0.005
WBP1	3	0.005
WBP11	3	0.005
WBP1L	4	0.005
WBP2	0	0.005
WBP2NL	7	0.005
WBP4	2	0.005
WDCP	2	0.005
WDFY1	0	0.005
WDFY2	1	0.005
WDFY3	3	0.005
WDFY4	31	0.005
WDHD1	15	0.005
WDPCP	5	0.005
WDR1	2	0.005
WDR11	1	0.005
WDR12	2	0.005
WDR13	0	0.005
WDR17	16	0.005
WDR18	5	0.005
WDR19	10	0.005
WDR20	2	0.005
WDR24	3	0.005
WDR25	6	0.005
WDR26	0	0.005
WDR27	22	0.005
WDR3	5	0.005
WDR31	3	0.005
WDR33	2	0.005
WDR35	10	0.005
WDR36	8	0.005
WDR37	1	0.005
WDR38	8	0.005
WDR4	5	0.005
WDR41	6	0.005
WDR43	3	0.005
WDR44	1	0.005
WDR45	1	0.005
WDR45B	2	0.005
WDR46	1	0.005
WDR47	2	0.005
WDR48	0	0.005
WDR49	16	0.005
WDR5	0	0.005
WDR53	1	0.005
WDR54	3	0.005
WDR55	4	0.005
WDR59	3	0.005
WDR5B	2	0.005
WDR6	7	0.005
WDR62	18	0.005
WDR64	14	0.005
WDR7	2	0.005
WDR70	0	0.005
WDR72	10	0.005
WDR73	4	0.005
WDR74	1	0.005
WDR75	3	0.005
WDR76	5	0.005
WDR77	0	0.005
WDR81	13	0.005
WDR82	0	0.005
WDR83	2	0.005
WDR83OS	1	0.005
WDR86	3	0.005
WDR87	32	0.005
WDR88	6	0.005
WDR89	0	0.005
WDR90	26	0.005
WDR91	5	0.005
WDR93	11	0.005
WDR97	32	0.005
WDSUB1	4	0.005
WDTC1	2	0.005
WEE1	7	0.005
WEE2	2	0.005
WFDC1	9	0.005
WFDC10A	0	0.005
WFDC10B	2	0.005
WFDC11	0	0.005
WFDC12	1	0.005
WFDC13	1	0.005
WFDC2	0	0.005
WFDC3	6	0.005
WFDC5	2	0.005
WFDC6	0	0.005
WFDC8	4	0.005
WFDC9	2	0.005
WFIKKN1	2	0.005
WFIKKN2	4	0.005
WFS1	26	0.005
WHAMM	8	0.005
WHR1	0	0.005
WHRN	14	0.005
WIF1	2	0.005
WIPF1	1	0.005
WIPF2	3	0.005
WIPF3	6	0.005
WIPI1	4	0.005
WIPI2	2	0.005
WIZ	8	0.005
WLS	3	0.005
WNK1	15	0.005
WNK2	17	0.005
WNK3	6	0.005
WNK4	12	0.005
WNT1	2	0.005
WNT10A	6	0.005
WNT10B	1	0.005
WNT11	4	0.005
WNT16	3	0.005
WNT2	1	0.005
WNT2B	2	0.005
WNT3	0	0.005
WNT3A	1	0.005
WNT4	0	0.005
WNT5A	0	0.005
WNT5B	0	0.005
WNT6	2	0.005
WNT7A	0	0.005
WNT7B	0	0.005
WNT8A	0	0.005
WNT8B	2	0.005
WNT9A	0	0.005
WNT9B	7	0.005
WRAP53	5	0.005
WRAP73	5	0.005
WRN	13	0.005
WRNIP1	3	0.005
WSB1	2	0.005
WSB2	3	0.005
WSCD1	8	0.005
WSCD2	3	0.005
WT1	1	0.005
WTAP	0	0.005
WTIP	1	0.005
WWC1	8	0.005
WWC2	14	0.005
WWOX	15	0.005
WWP1	1	0.005
WWP2	4	0.005
WWTR1	4	0.005
XAB2	1	0.005
XAF1	9	0.005
XAGE1A	0	0.005
XAGE1B	0	0.005
XAGE2	1	0.005
XAGE3	0	0.005
XAGE5	0	0.005
XBP1	1	0.005
XCL1	4	0.005
XCL2	2	0.005
XCR1	2	0.005
XDH	16	0.005
XG	2	0.005
XIAP	2	0.005
XIRP1	33	0.005
XIRP2	46	0.005
XK	0	0.005
XKR3	9	0.005
XKR4	0	0.005
XKR5	7	0.005
XKR6	0	0.005
XKR7	4	0.005
XKR8	0	0.005
XKR9	6	0.005
XKRX	3	0.005
XNDC1N	4	0.005
XPA	4	0.005
XPC	12	0.005
XPNPEP1	1	0.005
XPNPEP2	6	0.005
XPNPEP3	0	0.005
XPO1	0	0.005
XPO4	2	0.005
XPO5	4	0.005
XPO6	1	0.005
XPO7	0	0.005
XPOT	0	0.005
XPR1	0	0.005
XRCC1	7	0.005
XRCC2	2	0.005
XRCC3	4	0.005
XRCC4	6	0.005
XRCC5	1	0.005
XRCC6	0	0.005
XRN1	9	0.005
XRN2	3	0.005
XRRA1	16	0.005
XXYLT1	2	0.005
XYLB	7	0.005
XYLT1	12	0.005
XYLT2	9	0.005
YAE1	3	0.005
YAF2	0	0.005
YAP1	1	0.005
YARS1	3	0.005
YARS2	4	0.005
YBEY	1	0.005
YBX1	1	0.005
YBX2	5	0.005
YBX3	5	0.005
YDJC	4	0.005
YEATS2	11	0.005
YEATS4	0	0.005
YES1	2	0.005
YIF1A	3	0.005
YIF1B	1	0.005
YIPF1	1	0.005
YIPF2	4	0.005
YIPF3	1	0.005
YIPF4	0	0.005
YIPF5	2	0.005
YIPF6	1	0.005
YIPF7	1	0.005
YJEFN3	4	0.005
YJU2	2	0.005
YJU2B	4	0.005
YKT6	0	0.005
YLPM1	7	0.005
YME1L1	1	0.005
YOD1	1	0.005
YPEL1	0	0.005
YPEL2	0	0.005
YPEL3	1	0.005
YPEL4	0	0.005
YPEL5	0	0.005
YRDC	0	0.005
YTHDC1	2	0.005
YTHDC2	10	0.005
YTHDF1	3	0.005
YTHDF2	3	0.005
YTHDF3	1	0.005
YWHAB	0	0.005
YWHAE	0	0.005
YWHAG	0	0.005
YWHAH	0	0.005
YWHAQ	0	0.005
YWHAZ	0	0.005
YY1	1	0.005
YY1AP1	7	0.005
YY2	0	0.005
ZACN	6	0.005
ZAN	58	0.005
ZAP70	0	0.005
ZAR1	3	0.005
ZAR1L	3	0.005
ZBBX	19	0.005
ZBED1	2	0.005
ZBED2	3	0.005
ZBED3	5	0.005
ZBED4	7	0.005
ZBED5	5	0.005
ZBED6	13	0.005
ZBP1	15	0.005
ZBTB1	2	0.005
ZBTB10	5	0.005
ZBTB11	2	0.005
ZBTB12	2	0.005
ZBTB14	0	0.005
ZBTB16	0	0.005
ZBTB17	1	0.005
ZBTB18	0	0.005
ZBTB2	0	0.005
ZBTB20	3	0.005
ZBTB21	9	0.005
ZBTB22	4	0.005
ZBTB24	2	0.005
ZBTB25	2	0.005
ZBTB26	2	0.005
ZBTB3	3	0.005
ZBTB32	6	0.005
ZBTB33	6	0.005
ZBTB34	1	0.005
ZBTB37	1	0.005
ZBTB38	9	0.005
ZBTB39	6	0.005
ZBTB4	9	0.005
ZBTB40	6	0.005
ZBTB41	2	0.005
ZBTB42	4	0.005
ZBTB43	0	0.005
ZBTB44	1	0.005
ZBTB45	3	0.005
ZBTB46	1	0.005
ZBTB47	5	0.005
ZBTB48	4	0.005
ZBTB49	9	0.005
ZBTB5	3	0.005
ZBTB6	0	0.005
ZBTB7A	2	0.005
ZBTB7B	1	0.005
ZBTB7C	5	0.005
ZBTB8A	2	0.005
ZBTB8B	2	0.005
ZBTB8OS	0	0.005
ZBTB9	5	0.005
ZC2HC1A	2	0.005
ZC2HC1B	2	0.005
ZC2HC1C	7	0.005
ZC3H10	1	0.005
ZC3H11A	3	0.005
ZC3H11B	1	0.005
ZC3H11C	0	0.005
ZC3H12A	6	0.005
ZC3H12B	1	0.005
ZC3H12C	1	0.005
ZC3H12D	14	0.005
ZC3H13	9	0.005
ZC3H14	2	0.005
ZC3H15	0	0.005
ZC3H18	3	0.005
ZC3H3	23	0.005
ZC3H4	7	0.005
ZC3H6	4	0.005
ZC3H7A	4	0.005
ZC3H7B	5	0.005
ZC3H8	3	0.005
ZC3HAV1	9	0.005
ZC3HAV1L	2	0.005
ZC3HC1	4	0.005
ZC4H2	0	0.005
ZCCHC10	0	0.005
ZCCHC12	1	0.005
ZCCHC13	2	0.005
ZCCHC14	5	0.005
ZCCHC17	0	0.005
ZCCHC18	4	0.005
ZCCHC2	10	0.005
ZCCHC24	0	0.005
ZCCHC3	1	0.005
ZCCHC4	13	0.005
ZCCHC7	3	0.005
ZCCHC8	3	0.005
ZCCHC9	2	0.005
ZCRB1	1	0.005
ZCWPW1	8	0.005
ZCWPW2	3	0.005
ZDBF2	28	0.005
ZDHHC1	1	0.005
ZDHHC11	8	0.005
ZDHHC11B	9	0.005
ZDHHC12	8	0.005
ZDHHC13	8	0.005
ZDHHC14	2	0.005
ZDHHC15	1	0.005
ZDHHC16	0	0.005
ZDHHC17	2	0.005
ZDHHC18	2	0.005
ZDHHC19	7	0.005
ZDHHC2	0	0.005
ZDHHC20	4	0.005
ZDHHC21	1	0.005
ZDHHC22	0	0.005
ZDHHC23	2	0.005
ZDHHC24	1	0.005
ZDHHC3	0	0.005
ZDHHC4	6	0.005
ZDHHC5	3	0.005
ZDHHC6	2	0.005
ZDHHC7	1	0.005
ZDHHC8	4	0.005
ZDHHC9	0	0.005
ZEB1	7	0.005
ZEB2	2	0.005
ZER1	0	0.005
ZFAND1	0	0.005
ZFAND2A	1	0.005
ZFAND2B	2	0.005
ZFAND3	0	0.005
ZFAND4	11	0.005
ZFAND5	0	0.005
ZFAND6	1	0.005
ZFAT	9	0.005
ZFC3H1	2	0.005
ZFHX2	17	0.005
ZFHX3	31	0.005
ZFHX4	24	0.005
ZFP1	2	0.005
ZFP14	3	0.005
ZFP2	5	0.005
ZFP28	7	0.005
ZFP3	3	0.005
ZFP30	1	0.005
ZFP36	1	0.005
ZFP36L1	0	0.005
ZFP36L2	5	0.005
ZFP37	4	0.005
ZFP41	3	0.005
ZFP42	3	0.005
ZFP57	13	0.005
ZFP62	8	0.005
ZFP64	6	0.005
ZFP69	2	0.005
ZFP69B	5	0.005
ZFP82	0	0.005
ZFP90	2	0.005
ZFP91	4	0.005
ZFP92	1	0.005
ZFPL1	3	0.005
ZFPM1	11	0.005
ZFPM2	12	0.005
ZFR	2	0.005
ZFR2	21	0.005
ZFTA	3	0.005
ZFTRAF1	3	0.005
ZFX	1	0.005
ZFY	0	0.005
ZFYVE1	1	0.005
ZFYVE16	18	0.005
ZFYVE19	4	0.005
ZFYVE21	2	0.005
ZFYVE26	22	0.005
ZFYVE27	7	0.005
ZFYVE28	17	0.005
ZFYVE9	11	0.005
ZG16	3	0.005
ZG16B	4	0.005
ZGLP1	2	0.005
ZGPAT	3	0.005
ZGRF1	19	0.005
ZHX1	1	0.005
ZHX2	5	0.005
ZHX3	4	0.005
ZIC1	0	0.005
ZIC2	0	0.005
ZIC3	1	0.005
ZIC4	3	0.005
ZIC5	3	0.005
ZIK1	2	0.005
ZIM2	6	0.005
ZIM3	8	0.005
ZKSCAN1	2	0.005
ZKSCAN2	12	0.005
ZKSCAN3	5	0.005
ZKSCAN4	5	0.005
ZKSCAN5	2	0.005
ZKSCAN7	10	0.005
ZKSCAN8	6	0.005
ZMAT1	5	0.005
ZMAT2	0	0.005
ZMAT3	0	0.005
ZMAT4	1	0.005
ZMAT5	1	0.005
ZMIZ1	0	0.005
ZMIZ2	7	0.005
ZMPSTE24	0	0.005
ZMYM1	8	0.005
ZMYM2	1	0.005
ZMYM3	3	0.005
ZMYM4	0	0.005
ZMYM5	7	0.005
ZMYM6	8	0.005
ZMYND10	6	0.005
ZMYND11	0	0.005
ZMYND12	5	0.005
ZMYND15	3	0.005
ZMYND19	0	0.005
ZMYND8	5	0.005
ZNF10	1	0.005
ZNF100	9	0.005
ZNF101	4	0.005
ZNF106	12	0.005
ZNF107	10	0.005
ZNF112	12	0.005
ZNF114	4	0.005
ZNF117	4	0.005
ZNF12	3	0.005
ZNF121	0	0.005
ZNF124	0	0.005
ZNF131	3	0.005
ZNF132	5	0.005
ZNF133	4	0.005
ZNF134	3	0.005
ZNF135	7	0.005
ZNF136	2	0.005
ZNF138	6	0.005
ZNF14	3	0.005
ZNF140	2	0.005
ZNF141	5	0.005
ZNF142	15	0.005
ZNF143	4	0.005
ZNF146	1	0.005
ZNF148	0	0.005
ZNF154	6	0.005
ZNF155	7	0.005
ZNF157	4	0.005
ZNF16	9	0.005
ZNF160	5	0.005
ZNF165	4	0.005
ZNF169	9	0.005
ZNF17	2	0.005
ZNF174	2	0.005
ZNF175	9	0.005
ZNF177	6	0.005
ZNF18	6	0.005
ZNF180	10	0.005
ZNF181	6	0.005
ZNF182	2	0.005
ZNF184	3	0.005
ZNF185	3	0.005
ZNF189	3	0.005
ZNF19	6	0.005
ZNF195	5	0.005
ZNF197	0	0.005
ZNF2	1	0.005
ZNF20	2	0.005
ZNF200	5	0.005
ZNF202	3	0.005
ZNF205	4	0.005
ZNF207	1	0.005
ZNF208	27	0.005
ZNF211	5	0.005
ZNF212	5	0.005
ZNF213	1	0.005
ZNF214	11	0.005
ZNF215	10	0.005
ZNF217	10	0.005
ZNF219	2	0.005
ZNF22	1	0.005
ZNF221	15	0.005
ZNF222	14	0.005
ZNF223	4	0.005
ZNF224	11	0.005
ZNF225	10	0.005
ZNF226	5	0.005
ZNF227	3	0.005
ZNF229	14	0.005
ZNF23	7	0.005
ZNF230	7	0.005
ZNF232	1	0.005
ZNF233	6	0.005
ZNF234	8	0.005
ZNF235	3	0.005
ZNF236	9	0.005
ZNF239	4	0.005
ZNF24	3	0.005
ZNF248	2	0.005
ZNF25	2	0.005
ZNF250	0	0.005
ZNF251	2	0.005
ZNF253	3	0.005
ZNF254	11	0.005
ZNF256	3	0.005
ZNF257	11	0.005
ZNF26	0	0.005
ZNF260	1	0.005
ZNF263	7	0.005
ZNF264	6	0.005
ZNF266	2	0.005
ZNF267	5	0.005
ZNF268	8	0.005
ZNF273	5	0.005
ZNF274	4	0.005
ZNF275	1	0.005
ZNF276	10	0.005
ZNF277	3	0.005
ZNF28	10	0.005
ZNF280A	15	0.005
ZNF280B	2	0.005
ZNF280C	0	0.005
ZNF280D	3	0.005
ZNF281	3	0.005
ZNF282	3	0.005
ZNF283	11	0.005
ZNF284	6	0.005
ZNF285	15	0.005
ZNF286A	4	0.005
ZNF287	4	0.005
ZNF292	12	0.005
ZNF296	3	0.005
ZNF3	3	0.005
ZNF30	13	0.005
ZNF300	5	0.005
ZNF302	8	0.005
ZNF304	7	0.005
ZNF311	5	0.005
ZNF316	7	0.005
ZNF317	4	0.005
ZNF318	15	0.005
ZNF319	1	0.005
ZNF32	0	0.005
ZNF320	3	0.005
ZNF322	1	0.005
ZNF324	4	0.005
ZNF324B	3	0.005
ZNF326	1	0.005
ZNF329	3	0.005
ZNF330	2	0.005
ZNF331	2	0.005
ZNF333	10	0.005
ZNF334	8	0.005
ZNF335	11	0.005
ZNF337	6	0.005
ZNF33A	8	0.005
ZNF33B	5	0.005
ZNF34	2	0.005
ZNF341	8	0.005
ZNF343	8	0.005
ZNF345	2	0.005
ZNF346	0	0.005
ZNF347	6	0.005
ZNF35	2	0.005
ZNF350	11	0.005
ZNF354A	3	0.005
ZNF354B	5	0.005
ZNF354C	8	0.005
ZNF358	4	0.005
ZNF362	1	0.005
ZNF365	3	0.005
ZNF366	8	0.005
ZNF367	1	0.005
ZNF37A	4	0.005
ZNF382	3	0.005
ZNF383	0	0.005
ZNF384	0	0.005
ZNF385A	0	0.005
ZNF385B	2	0.005
ZNF385C	1	0.005
ZNF385D	3	0.005
ZNF391	3	0.005
ZNF394	5	0.005
ZNF395	1	0.005
ZNF396	1	0.005
ZNF397	0	0.005
ZNF398	2	0.005
ZNF404	12	0.005
ZNF407	18	0.005
ZNF408	3	0.005
ZNF41	10	0.005
ZNF410	0	0.005
ZNF414	4	0.005
ZNF415	8	0.005
ZNF416	3	0.005
ZNF417	8	0.005
ZNF418	3	0.005
ZNF419	6	0.005
ZNF420	1	0.005
ZNF423	5	0.005
ZNF425	3	0.005
ZNF426	3	0.005
ZNF428	1	0.005
ZNF429	14	0.005
ZNF43	3	0.005
ZNF430	7	0.005
ZNF431	2	0.005
ZNF432	4	0.005
ZNF433	4	0.005
ZNF436	2	0.005
ZNF438	5	0.005
ZNF439	5	0.005
ZNF44	6	0.005
ZNF440	13	0.005
ZNF441	6	0.005
ZNF442	12	0.005
ZNF443	13	0.005
ZNF444	4	0.005
ZNF445	6	0.005
ZNF446	8	0.005
ZNF449	0	0.005
ZNF45	7	0.005
ZNF451	2	0.005
ZNF454	4	0.005
ZNF460	2	0.005
ZNF461	3	0.005
ZNF462	10	0.005
ZNF467	6	0.005
ZNF468	13	0.005
ZNF469	77	0.005
ZNF470	9	0.005
ZNF471	9	0.005
ZNF473	13	0.005
ZNF474	14	0.005
ZNF475	0	0.005
ZNF479	17	0.005
ZNF48	4	0.005
ZNF480	2	0.005
ZNF483	0	0.005
ZNF484	5	0.005
ZNF485	3	0.005
ZNF486	5	0.005
ZNF487	2	0.005
ZNF488	8	0.005
ZNF490	1	0.005
ZNF491	6	0.005
ZNF492	18	0.005
ZNF493	9	0.005
ZNF496	2	0.005
ZNF497	6	0.005
ZNF500	7	0.005
ZNF501	3	0.005
ZNF502	6	0.005
ZNF503	1	0.005
ZNF506	4	0.005
ZNF507	3	0.005
ZNF510	12	0.005
ZNF511	1	0.005
ZNF512	0	0.005
ZNF512B	6	0.005
ZNF513	3	0.005
ZNF514	1	0.005
ZNF516	10	0.005
ZNF517	6	0.005
ZNF518A	10	0.005
ZNF518B	16	0.005
ZNF519	8	0.005
ZNF521	1	0.005
ZNF524	2	0.005
ZNF525	5	0.005
ZNF526	2	0.005
ZNF527	3	0.005
ZNF528	7	0.005
ZNF529	3	0.005
ZNF530	11	0.005
ZNF532	5	0.005
ZNF534	14	0.005
ZNF536	5	0.005
ZNF540	2	0.005
ZNF541	15	0.005
ZNF543	9	0.005
ZNF544	4	0.005
ZNF546	10	0.005
ZNF547	2	0.005
ZNF548	5	0.005
ZNF549	7	0.005
ZNF550	6	0.005
ZNF551	8	0.005
ZNF552	3	0.005
ZNF554	6	0.005
ZNF555	2	0.005
ZNF556	11	0.005
ZNF557	3	0.005
ZNF558	5	0.005
ZNF559	10	0.005
ZNF560	4	0.005
ZNF561	3	0.005
ZNF562	3	0.005
ZNF563	2	0.005
ZNF564	2	0.005
ZNF565	3	0.005
ZNF566	2	0.005
ZNF567	2	0.005
ZNF568	3	0.005
ZNF569	0	0.005
ZNF57	13	0.005
ZNF570	2	0.005
ZNF571	9	0.005
ZNF572	6	0.005
ZNF573	5	0.005
ZNF574	4	0.005
ZNF575	1	0.005
ZNF576	2	0.005
ZNF577	12	0.005
ZNF578	12	0.005
ZNF579	4	0.005
ZNF580	2	0.005
ZNF581	0	0.005
ZNF582	2	0.005
ZNF583	1	0.005
ZNF584	3	0.005
ZNF585A	6	0.005
ZNF585B	6	0.005
ZNF586	2	0.005
ZNF587	7	0.005
ZNF587B	7	0.005
ZNF589	3	0.005
ZNF592	6	0.005
ZNF593	2	0.005
ZNF593OS	1	0.005
ZNF594	16	0.005
ZNF595	5	0.005
ZNF596	7	0.005
ZNF597	2	0.005
ZNF598	0	0.005
ZNF599	7	0.005
ZNF600	18	0.005
ZNF605	2	0.005
ZNF606	4	0.005
ZNF607	8	0.005
ZNF608	2	0.005
ZNF609	3	0.005
ZNF610	8	0.005
ZNF611	9	0.005
ZNF613	5	0.005
ZNF614	8	0.005
ZNF615	7	0.005
ZNF616	9	0.005
ZNF618	4	0.005
ZNF619	5	0.005
ZNF620	3	0.005
ZNF621	3	0.005
ZNF622	2	0.005
ZNF623	5	0.005
ZNF624	2	0.005
ZNF625	2	0.005
ZNF626	7	0.005
ZNF627	3	0.005
ZNF628	11	0.005
ZNF629	2	0.005
ZNF630	10	0.005
ZNF638	13	0.005
ZNF639	2	0.005
ZNF641	1	0.005
ZNF644	6	0.005
ZNF646	21	0.005
ZNF648	5	0.005
ZNF649	5	0.005
ZNF652	3	0.005
ZNF653	6	0.005
ZNF654	7	0.005
ZNF655	5	0.005
ZNF658	10	0.005
ZNF66	15	0.005
ZNF660	0	0.005
ZNF662	1	0.005
ZNF664	2	0.005
ZNF665	11	0.005
ZNF667	4	0.005
ZNF668	2	0.005
ZNF669	5	0.005
ZNF670	0	0.005
ZNF671	2	0.005
ZNF672	0	0.005
ZNF674	5	0.005
ZNF675	4	0.005
ZNF676	5	0.005
ZNF677	4	0.005
ZNF678	5	0.005
ZNF679	10	0.005
ZNF680	3	0.005
ZNF681	7	0.005
ZNF682	5	0.005
ZNF683	10	0.005
ZNF684	3	0.005
ZNF687	6	0.005
ZNF688	2	0.005
ZNF689	0	0.005
ZNF69	6	0.005
ZNF691	0	0.005
ZNF692	2	0.005
ZNF695	8	0.005
ZNF696	2	0.005
ZNF697	1	0.005
ZNF699	4	0.005
ZNF7	2	0.005
ZNF70	3	0.005
ZNF700	10	0.005
ZNF701	9	0.005
ZNF703	3	0.005
ZNF704	1	0.005
ZNF705A	7	0.005
ZNF705B	0	0.005
ZNF705D	0	0.005
ZNF705G	9	0.005
ZNF706	1	0.005
ZNF707	5	0.005
ZNF708	11	0.005
ZNF709	2	0.005
ZNF71	5	0.005
ZNF710	6	0.005
ZNF711	0	0.005
ZNF713	0	0.005
ZNF714	7	0.005
ZNF716	4	0.005
ZNF717	24	0.005
ZNF718	13	0.005
ZNF721	14	0.005
ZNF722	4	0.005
ZNF723	3	0.005
ZNF724	3	0.005
ZNF726	5	0.005
ZNF727	11	0.005
ZNF728	12	0.005
ZNF729	18	0.005
ZNF730	6	0.005
ZNF732	12	0.005
ZNF735	5	0.005
ZNF736	5	0.005
ZNF737	14	0.005
ZNF738	7	0.005
ZNF74	5	0.005
ZNF740	2	0.005
ZNF746	3	0.005
ZNF747	6	0.005
ZNF749	11	0.005
ZNF750	9	0.005
ZNF75A	3	0.005
ZNF75D	0	0.005
ZNF76	7	0.005
ZNF761	10	0.005
ZNF763	10	0.005
ZNF764	6	0.005
ZNF765	5	0.005
ZNF766	2	0.005
ZNF768	4	0.005
ZNF77	10	0.005
ZNF770	2	0.005
ZNF771	1	0.005
ZNF772	4	0.005
ZNF773	5	0.005
ZNF774	7	0.005
ZNF775	2	0.005
ZNF776	0	0.005
ZNF777	5	0.005
ZNF778	19	0.005
ZNF780A	7	0.005
ZNF780B	12	0.005
ZNF782	12	0.005
ZNF783	8	0.005
ZNF784	2	0.005
ZNF785	5	0.005
ZNF786	3	0.005
ZNF787	4	0.005
ZNF789	4	0.005
ZNF79	5	0.005
ZNF790	4	0.005
ZNF791	1	0.005
ZNF792	9	0.005
ZNF793	3	0.005
ZNF799	8	0.005
ZNF8	1	0.005
ZNF80	6	0.005
ZNF800	2	0.005
ZNF804A	16	0.005
ZNF804B	29	0.005
ZNF805	6	0.005
ZNF808	13	0.005
ZNF81	6	0.005
ZNF813	10	0.005
ZNF814	1	0.005
ZNF816	13	0.005
ZNF821	0	0.005
ZNF823	3	0.005
ZNF827	0	0.005
ZNF829	3	0.005
ZNF83	10	0.005
ZNF830	3	0.005
ZNF831	20	0.005
ZNF835	7	0.005
ZNF836	8	0.005
ZNF837	7	0.005
ZNF839	13	0.005
ZNF84	3	0.005
ZNF841	6	0.005
ZNF843	4	0.005
ZNF844	15	0.005
ZNF845	8	0.005
ZNF846	9	0.005
ZNF85	14	0.005
ZNF850	4	0.005
ZNF853	8	0.005
ZNF860	10	0.005
ZNF862	10	0.005
ZNF865	2	0.005
ZNF875	7	0.005
ZNF878	6	0.005
ZNF879	5	0.005
ZNF880	12	0.005
ZNF883	2	0.005
ZNF888	7	0.005
ZNF891	5	0.005
ZNF892	2	0.005
ZNF90	5	0.005
ZNF91	15	0.005
ZNF92	5	0.005
ZNF93	8	0.005
ZNF98	5	0.005
ZNF99	21	0.005
ZNFX1	10	0.005
ZNG1A	3	0.005
ZNG1B	1	0.005
ZNG1C	0	0.005
ZNG1E	0	0.005
ZNG1F	2	0.005
ZNHIT1	0	0.005
ZNHIT2	5	0.005
ZNHIT3	0	0.005
ZNHIT6	2	0.005
ZNRD2	1	0.005
ZNRF1	2	0.005
ZNRF2	3	0.005
ZNRF3	4	0.005
ZNRF4	13	0.005
ZP1	6	0.005
ZP2	5	0.005
ZP3	11	0.005
ZP4	10	0.005
ZPBP	3	0.005
ZPBP2	4	0.005
ZPLD1	3	0.005
ZPR1	7	0.005
ZRANB1	1	0.005
ZRANB2	1	0.005
ZRANB3	10	0.005
ZRSR2	1	0.005
ZSCAN1	1	0.005
ZSCAN10	7	0.005
ZSCAN12	8	0.005
ZSCAN16	3	0.005
ZSCAN18	9	0.005
ZSCAN2	4	0.005
ZSCAN20	7	0.005
ZSCAN21	0	0.005
ZSCAN22	5	0.005
ZSCAN23	2	0.005
ZSCAN25	2	0.005
ZSCAN26	6	0.005
ZSCAN29	7	0.005
ZSCAN30	6	0.005
ZSCAN31	6	0.005
ZSCAN32	7	0.005
ZSCAN4	2	0.005
ZSCAN5A	4	0.005
ZSCAN5B	14	0.005
ZSCAN5C	22	0.005
ZSCAN9	3	0.005
ZSWIM1	3	0.005
ZSWIM2	9	0.005
ZSWIM3	5	0.005
ZSWIM4	9	0.005
ZSWIM5	4	0.005
ZSWIM6	2	0.005
ZSWIM7	0	0.005
ZSWIM8	0	0.005
ZSWIM9	3	0.005
ZUP1	3	0.005
ZW10	5	0.005
ZWILCH	3	0.005
ZWINT	7	0.005
ZXDA	10	0.005
ZXDB	7	0.005
ZXDC	7	0.005
ZYG11A	6	0.005
ZYG11B	0	0.005
ZYX	12	0.005
ZZEF1	20	0.005
ZZZ3	4	0.005
